[   32389ms] Uncaught Error: Value is null
    at f (https://unpkg.com/lightweight-charts@4.2.0/dist/lightweight-charts.standalone.production.js:6:2212)
    at Candlestick (https://unpkg.com/lightweight-charts@4.2.0/dist/lightweight-charts.standalone.production.js:6:46283)
    at Hs (https://unpkg.com/lightweight-charts@4.2.0/dist/lightweight-charts.standalone.production.js:6:47531)
    at ne (https://unpkg.com/lightweight-charts@4.2.0/dist/lightweight-charts.standalone.production.js:6:30743)
    at <anonymous> (https://unpkg.com/lightweight-charts@4.2.0/dist/lightweight-charts.standalone.production.js:6:27092)
    at qs (https://unpkg.com/lightweight-charts@4.2.0/dist/lightweight-charts.standalone.production.js:6:27079)
    at Fs (https://unpkg.com/lightweight-charts@4.2.0/dist/lightweight-charts.standalone.production.js:6:24555)
    at gt (https://unpkg.com/lightweight-charts@4.2.0/dist/lightweight-charts.standalone.production.js:6:24390)
    at ms (https://unpkg.com/lightweight-charts@4.2.0/dist/lightweight-charts.standalone.production.js:6:107028)
    at gm (https://unpkg.com/lightweight-charts@4.2.0/dist/lightweight-charts.standalone.production.js:6:128830)
    at dm (https://unpkg.com/lightweight-charts@4.2.0/dist/lightweight-charts.standalone.production.js:6:128672)
    at fp (https://unpkg.com/lightweight-charts@4.2.0/dist/lightweight-charts.standalone.production.js:6:127898)
    at fp (https://unpkg.com/lightweight-charts@4.2.0/dist/lightweight-charts.standalone.production.js:6:140944)
    at pb (https://unpkg.com/lightweight-charts@4.2.0/dist/lightweight-charts.standalone.production.js:6:144421)
    at <anonymous> (https://unpkg.com/lightweight-charts@4.2.0/dist/lightweight-charts.standalone.production.js:6:144919)
[   32402ms] Uncaught Error: Value is null
    at f (https://unpkg.com/lightweight-charts@4.2.0/dist/lightweight-charts.standalone.production.js:6:2212)
    at Candlestick (https://unpkg.com/lightweight-charts@4.2.0/dist/lightweight-charts.standalone.production.js:6:46283)
    at Hs (https://unpkg.com/lightweight-charts@4.2.0/dist/lightweight-charts.standalone.production.js:6:47531)
    at ne (https://unpkg.com/lightweight-charts@4.2.0/dist/lightweight-charts.standalone.production.js:6:30743)
    at <anonymous> (https://unpkg.com/lightweight-charts@4.2.0/dist/lightweight-charts.standalone.production.js:6:27092)
    at qs (https://unpkg.com/lightweight-charts@4.2.0/dist/lightweight-charts.standalone.production.js:6:27079)
    at Fs (https://unpkg.com/lightweight-charts@4.2.0/dist/lightweight-charts.standalone.production.js:6:24555)
    at gt (https://unpkg.com/lightweight-charts@4.2.0/dist/lightweight-charts.standalone.production.js:6:24390)
    at ms (https://unpkg.com/lightweight-charts@4.2.0/dist/lightweight-charts.standalone.production.js:6:107028)
    at gm (https://unpkg.com/lightweight-charts@4.2.0/dist/lightweight-charts.standalone.production.js:6:128830)
    at dm (https://unpkg.com/lightweight-charts@4.2.0/dist/lightweight-charts.standalone.production.js:6:128672)
    at fp (https://unpkg.com/lightweight-charts@4.2.0/dist/lightweight-charts.standalone.production.js:6:127898)
    at fp (https://unpkg.com/lightweight-charts@4.2.0/dist/lightweight-charts.standalone.production.js:6:140944)
    at pb (https://unpkg.com/lightweight-charts@4.2.0/dist/lightweight-charts.standalone.production.js:6:144421)
    at <anonymous> (https://unpkg.com/lightweight-charts@4.2.0/dist/lightweight-charts.standalone.production.js:6:144919)
[   32940ms] Uncaught Error: Value is null
    at f (https://unpkg.com/lightweight-charts@4.2.0/dist/lightweight-charts.standalone.production.js:6:2212)
    at Candlestick (https://unpkg.com/lightweight-charts@4.2.0/dist/lightweight-charts.standalone.production.js:6:46283)
    at Hs (https://unpkg.com/lightweight-charts@4.2.0/dist/lightweight-charts.standalone.production.js:6:47531)
    at ne (https://unpkg.com/lightweight-charts@4.2.0/dist/lightweight-charts.standalone.production.js:6:30743)
    at <anonymous> (https://unpkg.com/lightweight-charts@4.2.0/dist/lightweight-charts.standalone.production.js:6:27092)
    at qs (https://unpkg.com/lightweight-charts@4.2.0/dist/lightweight-charts.standalone.production.js:6:27079)
    at Fs (https://unpkg.com/lightweight-charts@4.2.0/dist/lightweight-charts.standalone.production.js:6:24555)
    at gt (https://unpkg.com/lightweight-charts@4.2.0/dist/lightweight-charts.standalone.production.js:6:24390)
    at Cs (https://unpkg.com/lightweight-charts@4.2.0/dist/lightweight-charts.standalone.production.js:6:114569)
    at <anonymous> (https://unpkg.com/lightweight-charts@4.2.0/dist/lightweight-charts.standalone.production.js:6:126899)
    at br (https://unpkg.com/lightweight-charts@4.2.0/dist/lightweight-charts.standalone.production.js:6:127066)
    at Qf (https://unpkg.com/lightweight-charts@4.2.0/dist/lightweight-charts.standalone.production.js:6:125276)
    at $f (https://unpkg.com/lightweight-charts@4.2.0/dist/lightweight-charts.standalone.production.js:6:113659)
    at Gf (https://unpkg.com/lightweight-charts@4.2.0/dist/lightweight-charts.standalone.production.js:6:108846)
[   33186ms] Uncaught Error: Value is null
    at f (https://unpkg.com/lightweight-charts@4.2.0/dist/lightweight-charts.standalone.production.js:6:2212)
    at Candlestick (https://unpkg.com/lightweight-charts@4.2.0/dist/lightweight-charts.standalone.production.js:6:46283)
    at Hs (https://unpkg.com/lightweight-charts@4.2.0/dist/lightweight-charts.standalone.production.js:6:47531)
    at ne (https://unpkg.com/lightweight-charts@4.2.0/dist/lightweight-charts.standalone.production.js:6:30743)
    at <anonymous> (https://unpkg.com/lightweight-charts@4.2.0/dist/lightweight-charts.standalone.production.js:6:27092)
    at qs (https://unpkg.com/lightweight-charts@4.2.0/dist/lightweight-charts.standalone.production.js:6:27079)
    at Fs (https://unpkg.com/lightweight-charts@4.2.0/dist/lightweight-charts.standalone.production.js:6:24555)
    at gt (https://unpkg.com/lightweight-charts@4.2.0/dist/lightweight-charts.standalone.production.js:6:24390)
    at Cs (https://unpkg.com/lightweight-charts@4.2.0/dist/lightweight-charts.standalone.production.js:6:114569)
    at <anonymous> (https://unpkg.com/lightweight-charts@4.2.0/dist/lightweight-charts.standalone.production.js:6:126899)
    at br (https://unpkg.com/lightweight-charts@4.2.0/dist/lightweight-charts.standalone.production.js:6:127066)
    at Qf (https://unpkg.com/lightweight-charts@4.2.0/dist/lightweight-charts.standalone.production.js:6:125276)
    at $f (https://unpkg.com/lightweight-charts@4.2.0/dist/lightweight-charts.standalone.production.js:6:113659)
    at Gf (https://unpkg.com/lightweight-charts@4.2.0/dist/lightweight-charts.standalone.production.js:6:108846)
[   33195ms] Uncaught Error: Value is null
    at f (https://unpkg.com/lightweight-charts@4.2.0/dist/lightweight-charts.standalone.production.js:6:2212)
    at Candlestick (https://unpkg.com/lightweight-charts@4.2.0/dist/lightweight-charts.standalone.production.js:6:46283)
    at Hs (https://unpkg.com/lightweight-charts@4.2.0/dist/lightweight-charts.standalone.production.js:6:47531)
    at ne (https://unpkg.com/lightweight-charts@4.2.0/dist/lightweight-charts.standalone.production.js:6:30743)
    at <anonymous> (https://unpkg.com/lightweight-charts@4.2.0/dist/lightweight-charts.standalone.production.js:6:27092)
    at qs (https://unpkg.com/lightweight-charts@4.2.0/dist/lightweight-charts.standalone.production.js:6:27079)
    at Fs (https://unpkg.com/lightweight-charts@4.2.0/dist/lightweight-charts.standalone.production.js:6:24555)
    at gt (https://unpkg.com/lightweight-charts@4.2.0/dist/lightweight-charts.standalone.production.js:6:24390)
    at Cs (https://unpkg.com/lightweight-charts@4.2.0/dist/lightweight-charts.standalone.production.js:6:114569)
    at <anonymous> (https://unpkg.com/lightweight-charts@4.2.0/dist/lightweight-charts.standalone.production.js:6:126899)
    at br (https://unpkg.com/lightweight-charts@4.2.0/dist/lightweight-charts.standalone.production.js:6:127066)
    at Qf (https://unpkg.com/lightweight-charts@4.2.0/dist/lightweight-charts.standalone.production.js:6:125276)
    at $f (https://unpkg.com/lightweight-charts@4.2.0/dist/lightweight-charts.standalone.production.js:6:113659)
    at Gf (https://unpkg.com/lightweight-charts@4.2.0/dist/lightweight-charts.standalone.production.js:6:108846)
[   33201ms] Uncaught Error: Value is null
    at f (https://unpkg.com/lightweight-charts@4.2.0/dist/lightweight-charts.standalone.production.js:6:2212)
    at Candlestick (https://unpkg.com/lightweight-charts@4.2.0/dist/lightweight-charts.standalone.production.js:6:46283)
    at Hs (https://unpkg.com/lightweight-charts@4.2.0/dist/lightweight-charts.standalone.production.js:6:47531)
    at ne (https://unpkg.com/lightweight-charts@4.2.0/dist/lightweight-charts.standalone.production.js:6:30743)
    at <anonymous> (https://unpkg.com/lightweight-charts@4.2.0/dist/lightweight-charts.standalone.production.js:6:27092)
    at qs (https://unpkg.com/lightweight-charts@4.2.0/dist/lightweight-charts.standalone.production.js:6:27079)
    at Fs (https://unpkg.com/lightweight-charts@4.2.0/dist/lightweight-charts.standalone.production.js:6:24555)
    at gt (https://unpkg.com/lightweight-charts@4.2.0/dist/lightweight-charts.standalone.production.js:6:24390)
    at Cs (https://unpkg.com/lightweight-charts@4.2.0/dist/lightweight-charts.standalone.production.js:6:114569)
    at <anonymous> (https://unpkg.com/lightweight-charts@4.2.0/dist/lightweight-charts.standalone.production.js:6:126899)
    at br (https://unpkg.com/lightweight-charts@4.2.0/dist/lightweight-charts.standalone.production.js:6:127066)
    at Qf (https://unpkg.com/lightweight-charts@4.2.0/dist/lightweight-charts.standalone.production.js:6:125276)
    at $f (https://unpkg.com/lightweight-charts@4.2.0/dist/lightweight-charts.standalone.production.js:6:113659)
    at Gf (https://unpkg.com/lightweight-charts@4.2.0/dist/lightweight-charts.standalone.production.js:6:108846)
[   33201ms] Uncaught Error: Value is null
    at f (https://unpkg.com/lightweight-charts@4.2.0/dist/lightweight-charts.standalone.production.js:6:2212)
    at Candlestick (https://unpkg.com/lightweight-charts@4.2.0/dist/lightweight-charts.standalone.production.js:6:46283)
    at Hs (https://unpkg.com/lightweight-charts@4.2.0/dist/lightweight-charts.standalone.production.js:6:47531)
    at ne (https://unpkg.com/lightweight-charts@4.2.0/dist/lightweight-charts.standalone.production.js:6:30743)
    at <anonymous> (https://unpkg.com/lightweight-charts@4.2.0/dist/lightweight-charts.standalone.production.js:6:27092)
    at qs (https://unpkg.com/lightweight-charts@4.2.0/dist/lightweight-charts.standalone.production.js:6:27079)
    at Fs (https://unpkg.com/lightweight-charts@4.2.0/dist/lightweight-charts.standalone.production.js:6:24555)
    at gt (https://unpkg.com/lightweight-charts@4.2.0/dist/lightweight-charts.standalone.production.js:6:24390)
    at Cs (https://unpkg.com/lightweight-charts@4.2.0/dist/lightweight-charts.standalone.production.js:6:114569)
    at <anonymous> (https://unpkg.com/lightweight-charts@4.2.0/dist/lightweight-charts.standalone.production.js:6:126899)
    at br (https://unpkg.com/lightweight-charts@4.2.0/dist/lightweight-charts.standalone.production.js:6:127066)
    at Qf (https://unpkg.com/lightweight-charts@4.2.0/dist/lightweight-charts.standalone.production.js:6:125276)
    at $f (https://unpkg.com/lightweight-charts@4.2.0/dist/lightweight-charts.standalone.production.js:6:113659)
    at Gf (https://unpkg.com/lightweight-charts@4.2.0/dist/lightweight-charts.standalone.production.js:6:108846)
[   33201ms] Uncaught Error: Value is null
    at f (https://unpkg.com/lightweight-charts@4.2.0/dist/lightweight-charts.standalone.production.js:6:2212)
    at Candlestick (https://unpkg.com/lightweight-charts@4.2.0/dist/lightweight-charts.standalone.production.js:6:46283)
    at Hs (https://unpkg.com/lightweight-charts@4.2.0/dist/lightweight-charts.standalone.production.js:6:47531)
    at ne (https://unpkg.com/lightweight-charts@4.2.0/dist/lightweight-charts.standalone.production.js:6:30743)
    at <anonymous> (https://unpkg.com/lightweight-charts@4.2.0/dist/lightweight-charts.standalone.production.js:6:27092)
    at qs (https://unpkg.com/lightweight-charts@4.2.0/dist/lightweight-charts.standalone.production.js:6:27079)
    at Fs (https://unpkg.com/lightweight-charts@4.2.0/dist/lightweight-charts.standalone.production.js:6:24555)
    at gt (https://unpkg.com/lightweight-charts@4.2.0/dist/lightweight-charts.standalone.production.js:6:24390)
    at Cs (https://unpkg.com/lightweight-charts@4.2.0/dist/lightweight-charts.standalone.production.js:6:114569)
    at <anonymous> (https://unpkg.com/lightweight-charts@4.2.0/dist/lightweight-charts.standalone.production.js:6:126899)
    at br (https://unpkg.com/lightweight-charts@4.2.0/dist/lightweight-charts.standalone.production.js:6:127066)
    at Qf (https://unpkg.com/lightweight-charts@4.2.0/dist/lightweight-charts.standalone.production.js:6:125276)
    at $f (https://unpkg.com/lightweight-charts@4.2.0/dist/lightweight-charts.standalone.production.js:6:113659)
    at Gf (https://unpkg.com/lightweight-charts@4.2.0/dist/lightweight-charts.standalone.production.js:6:108846)
[   33202ms] Uncaught Error: Value is null
    at f (https://unpkg.com/lightweight-charts@4.2.0/dist/lightweight-charts.standalone.production.js:6:2212)
    at Candlestick (https://unpkg.com/lightweight-charts@4.2.0/dist/lightweight-charts.standalone.production.js:6:46283)
    at Hs (https://unpkg.com/lightweight-charts@4.2.0/dist/lightweight-charts.standalone.production.js:6:47531)
    at ne (https://unpkg.com/lightweight-charts@4.2.0/dist/lightweight-charts.standalone.production.js:6:30743)
    at <anonymous> (https://unpkg.com/lightweight-charts@4.2.0/dist/lightweight-charts.standalone.production.js:6:27092)
    at qs (https://unpkg.com/lightweight-charts@4.2.0/dist/lightweight-charts.standalone.production.js:6:27079)
    at Fs (https://unpkg.com/lightweight-charts@4.2.0/dist/lightweight-charts.standalone.production.js:6:24555)
    at gt (https://unpkg.com/lightweight-charts@4.2.0/dist/lightweight-charts.standalone.production.js:6:24390)
    at Cs (https://unpkg.com/lightweight-charts@4.2.0/dist/lightweight-charts.standalone.production.js:6:114569)
    at <anonymous> (https://unpkg.com/lightweight-charts@4.2.0/dist/lightweight-charts.standalone.production.js:6:126899)
    at br (https://unpkg.com/lightweight-charts@4.2.0/dist/lightweight-charts.standalone.production.js:6:127066)
    at Qf (https://unpkg.com/lightweight-charts@4.2.0/dist/lightweight-charts.standalone.production.js:6:125276)
    at $f (https://unpkg.com/lightweight-charts@4.2.0/dist/lightweight-charts.standalone.production.js:6:113659)
    at Gf (https://unpkg.com/lightweight-charts@4.2.0/dist/lightweight-charts.standalone.production.js:6:108846)
[   33203ms] Uncaught Error: Value is null
    at f (https://unpkg.com/lightweight-charts@4.2.0/dist/lightweight-charts.standalone.production.js:6:2212)
    at Candlestick (https://unpkg.com/lightweight-charts@4.2.0/dist/lightweight-charts.standalone.production.js:6:46283)
    at Hs (https://unpkg.com/lightweight-charts@4.2.0/dist/lightweight-charts.standalone.production.js:6:47531)
    at ne (https://unpkg.com/lightweight-charts@4.2.0/dist/lightweight-charts.standalone.production.js:6:30743)
    at <anonymous> (https://unpkg.com/lightweight-charts@4.2.0/dist/lightweight-charts.standalone.production.js:6:27092)
    at qs (https://unpkg.com/lightweight-charts@4.2.0/dist/lightweight-charts.standalone.production.js:6:27079)
    at Fs (https://unpkg.com/lightweight-charts@4.2.0/dist/lightweight-charts.standalone.production.js:6:24555)
    at gt (https://unpkg.com/lightweight-charts@4.2.0/dist/lightweight-charts.standalone.production.js:6:24390)
    at Cs (https://unpkg.com/lightweight-charts@4.2.0/dist/lightweight-charts.standalone.production.js:6:114569)
    at <anonymous> (https://unpkg.com/lightweight-charts@4.2.0/dist/lightweight-charts.standalone.production.js:6:126899)
    at br (https://unpkg.com/lightweight-charts@4.2.0/dist/lightweight-charts.standalone.production.js:6:127066)
    at Qf (https://unpkg.com/lightweight-charts@4.2.0/dist/lightweight-charts.standalone.production.js:6:125276)
    at $f (https://unpkg.com/lightweight-charts@4.2.0/dist/lightweight-charts.standalone.production.js:6:113659)
    at Gf (https://unpkg.com/lightweight-charts@4.2.0/dist/lightweight-charts.standalone.production.js:6:108846)
[   33203ms] Uncaught Error: Value is null
    at f (https://unpkg.com/lightweight-charts@4.2.0/dist/lightweight-charts.standalone.production.js:6:2212)
    at Candlestick (https://unpkg.com/lightweight-charts@4.2.0/dist/lightweight-charts.standalone.production.js:6:46283)
    at Hs (https://unpkg.com/lightweight-charts@4.2.0/dist/lightweight-charts.standalone.production.js:6:47531)
    at ne (https://unpkg.com/lightweight-charts@4.2.0/dist/lightweight-charts.standalone.production.js:6:30743)
    at <anonymous> (https://unpkg.com/lightweight-charts@4.2.0/dist/lightweight-charts.standalone.production.js:6:27092)
    at qs (https://unpkg.com/lightweight-charts@4.2.0/dist/lightweight-charts.standalone.production.js:6:27079)
    at Fs (https://unpkg.com/lightweight-charts@4.2.0/dist/lightweight-charts.standalone.production.js:6:24555)
    at gt (https://unpkg.com/lightweight-charts@4.2.0/dist/lightweight-charts.standalone.production.js:6:24390)
    at Cs (https://unpkg.com/lightweight-charts@4.2.0/dist/lightweight-charts.standalone.production.js:6:114569)
    at <anonymous> (https://unpkg.com/lightweight-charts@4.2.0/dist/lightweight-charts.standalone.production.js:6:126899)
    at br (https://unpkg.com/lightweight-charts@4.2.0/dist/lightweight-charts.standalone.production.js:6:127066)
    at Qf (https://unpkg.com/lightweight-charts@4.2.0/dist/lightweight-charts.standalone.production.js:6:125276)
    at $f (https://unpkg.com/lightweight-charts@4.2.0/dist/lightweight-charts.standalone.production.js:6:113659)
    at Gf (https://unpkg.com/lightweight-charts@4.2.0/dist/lightweight-charts.standalone.production.js:6:108846)
[   33203ms] Uncaught Error: Value is null
    at f (https://unpkg.com/lightweight-charts@4.2.0/dist/lightweight-charts.standalone.production.js:6:2212)
    at Candlestick (https://unpkg.com/lightweight-charts@4.2.0/dist/lightweight-charts.standalone.production.js:6:46283)
    at Hs (https://unpkg.com/lightweight-charts@4.2.0/dist/lightweight-charts.standalone.production.js:6:47531)
    at ne (https://unpkg.com/lightweight-charts@4.2.0/dist/lightweight-charts.standalone.production.js:6:30743)
    at <anonymous> (https://unpkg.com/lightweight-charts@4.2.0/dist/lightweight-charts.standalone.production.js:6:27092)
    at qs (https://unpkg.com/lightweight-charts@4.2.0/dist/lightweight-charts.standalone.production.js:6:27079)
    at Fs (https://unpkg.com/lightweight-charts@4.2.0/dist/lightweight-charts.standalone.production.js:6:24555)
    at gt (https://unpkg.com/lightweight-charts@4.2.0/dist/lightweight-charts.standalone.production.js:6:24390)
    at Cs (https://unpkg.com/lightweight-charts@4.2.0/dist/lightweight-charts.standalone.production.js:6:114569)
    at <anonymous> (https://unpkg.com/lightweight-charts@4.2.0/dist/lightweight-charts.standalone.production.js:6:126899)
    at br (https://unpkg.com/lightweight-charts@4.2.0/dist/lightweight-charts.standalone.production.js:6:127066)
    at Qf (https://unpkg.com/lightweight-charts@4.2.0/dist/lightweight-charts.standalone.production.js:6:125276)
    at $f (https://unpkg.com/lightweight-charts@4.2.0/dist/lightweight-charts.standalone.production.js:6:113659)
    at Gf (https://unpkg.com/lightweight-charts@4.2.0/dist/lightweight-charts.standalone.production.js:6:108846)
[   33204ms] Uncaught Error: Value is null
    at f (https://unpkg.com/lightweight-charts@4.2.0/dist/lightweight-charts.standalone.production.js:6:2212)
    at Candlestick (https://unpkg.com/lightweight-charts@4.2.0/dist/lightweight-charts.standalone.production.js:6:46283)
    at Hs (https://unpkg.com/lightweight-charts@4.2.0/dist/lightweight-charts.standalone.production.js:6:47531)
    at ne (https://unpkg.com/lightweight-charts@4.2.0/dist/lightweight-charts.standalone.production.js:6:30743)
    at <anonymous> (https://unpkg.com/lightweight-charts@4.2.0/dist/lightweight-charts.standalone.production.js:6:27092)
    at qs (https://unpkg.com/lightweight-charts@4.2.0/dist/lightweight-charts.standalone.production.js:6:27079)
    at Fs (https://unpkg.com/lightweight-charts@4.2.0/dist/lightweight-charts.standalone.production.js:6:24555)
    at gt (https://unpkg.com/lightweight-charts@4.2.0/dist/lightweight-charts.standalone.production.js:6:24390)
    at Cs (https://unpkg.com/lightweight-charts@4.2.0/dist/lightweight-charts.standalone.production.js:6:114569)
    at <anonymous> (https://unpkg.com/lightweight-charts@4.2.0/dist/lightweight-charts.standalone.production.js:6:126899)
    at br (https://unpkg.com/lightweight-charts@4.2.0/dist/lightweight-charts.standalone.production.js:6:127066)
    at Qf (https://unpkg.com/lightweight-charts@4.2.0/dist/lightweight-charts.standalone.production.js:6:125276)
    at $f (https://unpkg.com/lightweight-charts@4.2.0/dist/lightweight-charts.standalone.production.js:6:113659)
    at Gf (https://unpkg.com/lightweight-charts@4.2.0/dist/lightweight-charts.standalone.production.js:6:108846)
[   33204ms] Uncaught Error: Value is null
    at f (https://unpkg.com/lightweight-charts@4.2.0/dist/lightweight-charts.standalone.production.js:6:2212)
    at Candlestick (https://unpkg.com/lightweight-charts@4.2.0/dist/lightweight-charts.standalone.production.js:6:46283)
    at Hs (https://unpkg.com/lightweight-charts@4.2.0/dist/lightweight-charts.standalone.production.js:6:47531)
    at ne (https://unpkg.com/lightweight-charts@4.2.0/dist/lightweight-charts.standalone.production.js:6:30743)
    at <anonymous> (https://unpkg.com/lightweight-charts@4.2.0/dist/lightweight-charts.standalone.production.js:6:27092)
    at qs (https://unpkg.com/lightweight-charts@4.2.0/dist/lightweight-charts.standalone.production.js:6:27079)
    at Fs (https://unpkg.com/lightweight-charts@4.2.0/dist/lightweight-charts.standalone.production.js:6:24555)
    at gt (https://unpkg.com/lightweight-charts@4.2.0/dist/lightweight-charts.standalone.production.js:6:24390)
    at Cs (https://unpkg.com/lightweight-charts@4.2.0/dist/lightweight-charts.standalone.production.js:6:114569)
    at <anonymous> (https://unpkg.com/lightweight-charts@4.2.0/dist/lightweight-charts.standalone.production.js:6:126899)
    at br (https://unpkg.com/lightweight-charts@4.2.0/dist/lightweight-charts.standalone.production.js:6:127066)
    at Qf (https://unpkg.com/lightweight-charts@4.2.0/dist/lightweight-charts.standalone.production.js:6:125276)
    at $f (https://unpkg.com/lightweight-charts@4.2.0/dist/lightweight-charts.standalone.production.js:6:113659)
    at Gf (https://unpkg.com/lightweight-charts@4.2.0/dist/lightweight-charts.standalone.production.js:6:108846)
[   33204ms] Uncaught Error: Value is null
    at f (https://unpkg.com/lightweight-charts@4.2.0/dist/lightweight-charts.standalone.production.js:6:2212)
    at Candlestick (https://unpkg.com/lightweight-charts@4.2.0/dist/lightweight-charts.standalone.production.js:6:46283)
    at Hs (https://unpkg.com/lightweight-charts@4.2.0/dist/lightweight-charts.standalone.production.js:6:47531)
    at ne (https://unpkg.com/lightweight-charts@4.2.0/dist/lightweight-charts.standalone.production.js:6:30743)
    at <anonymous> (https://unpkg.com/lightweight-charts@4.2.0/dist/lightweight-charts.standalone.production.js:6:27092)
    at qs (https://unpkg.com/lightweight-charts@4.2.0/dist/lightweight-charts.standalone.production.js:6:27079)
    at Fs (https://unpkg.com/lightweight-charts@4.2.0/dist/lightweight-charts.standalone.production.js:6:24555)
    at gt (https://unpkg.com/lightweight-charts@4.2.0/dist/lightweight-charts.standalone.production.js:6:24390)
    at Cs (https://unpkg.com/lightweight-charts@4.2.0/dist/lightweight-charts.standalone.production.js:6:114569)
    at <anonymous> (https://unpkg.com/lightweight-charts@4.2.0/dist/lightweight-charts.standalone.production.js:6:126899)
    at br (https://unpkg.com/lightweight-charts@4.2.0/dist/lightweight-charts.standalone.production.js:6:127066)
    at Qf (https://unpkg.com/lightweight-charts@4.2.0/dist/lightweight-charts.standalone.production.js:6:125276)
    at $f (https://unpkg.com/lightweight-charts@4.2.0/dist/lightweight-charts.standalone.production.js:6:113659)
    at Gf (https://unpkg.com/lightweight-charts@4.2.0/dist/lightweight-charts.standalone.production.js:6:108846)
[   33204ms] Uncaught Error: Value is null
    at f (https://unpkg.com/lightweight-charts@4.2.0/dist/lightweight-charts.standalone.production.js:6:2212)
    at Candlestick (https://unpkg.com/lightweight-charts@4.2.0/dist/lightweight-charts.standalone.production.js:6:46283)
    at Hs (https://unpkg.com/lightweight-charts@4.2.0/dist/lightweight-charts.standalone.production.js:6:47531)
    at ne (https://unpkg.com/lightweight-charts@4.2.0/dist/lightweight-charts.standalone.production.js:6:30743)
    at <anonymous> (https://unpkg.com/lightweight-charts@4.2.0/dist/lightweight-charts.standalone.production.js:6:27092)
    at qs (https://unpkg.com/lightweight-charts@4.2.0/dist/lightweight-charts.standalone.production.js:6:27079)
    at Fs (https://unpkg.com/lightweight-charts@4.2.0/dist/lightweight-charts.standalone.production.js:6:24555)
    at gt (https://unpkg.com/lightweight-charts@4.2.0/dist/lightweight-charts.standalone.production.js:6:24390)
    at Cs (https://unpkg.com/lightweight-charts@4.2.0/dist/lightweight-charts.standalone.production.js:6:114569)
    at <anonymous> (https://unpkg.com/lightweight-charts@4.2.0/dist/lightweight-charts.standalone.production.js:6:126899)
    at br (https://unpkg.com/lightweight-charts@4.2.0/dist/lightweight-charts.standalone.production.js:6:127066)
    at Qf (https://unpkg.com/lightweight-charts@4.2.0/dist/lightweight-charts.standalone.production.js:6:125276)
    at $f (https://unpkg.com/lightweight-charts@4.2.0/dist/lightweight-charts.standalone.production.js:6:113659)
    at Gf (https://unpkg.com/lightweight-charts@4.2.0/dist/lightweight-charts.standalone.production.js:6:108846)
[   33204ms] Uncaught Error: Value is null
    at f (https://unpkg.com/lightweight-charts@4.2.0/dist/lightweight-charts.standalone.production.js:6:2212)
    at Candlestick (https://unpkg.com/lightweight-charts@4.2.0/dist/lightweight-charts.standalone.production.js:6:46283)
    at Hs (https://unpkg.com/lightweight-charts@4.2.0/dist/lightweight-charts.standalone.production.js:6:47531)
    at ne (https://unpkg.com/lightweight-charts@4.2.0/dist/lightweight-charts.standalone.production.js:6:30743)
    at <anonymous> (https://unpkg.com/lightweight-charts@4.2.0/dist/lightweight-charts.standalone.production.js:6:27092)
    at qs (https://unpkg.com/lightweight-charts@4.2.0/dist/lightweight-charts.standalone.production.js:6:27079)
    at Fs (https://unpkg.com/lightweight-charts@4.2.0/dist/lightweight-charts.standalone.production.js:6:24555)
    at gt (https://unpkg.com/lightweight-charts@4.2.0/dist/lightweight-charts.standalone.production.js:6:24390)
    at Cs (https://unpkg.com/lightweight-charts@4.2.0/dist/lightweight-charts.standalone.production.js:6:114569)
    at <anonymous> (https://unpkg.com/lightweight-charts@4.2.0/dist/lightweight-charts.standalone.production.js:6:126899)
    at br (https://unpkg.com/lightweight-charts@4.2.0/dist/lightweight-charts.standalone.production.js:6:127066)
    at Qf (https://unpkg.com/lightweight-charts@4.2.0/dist/lightweight-charts.standalone.production.js:6:125276)
    at $f (https://unpkg.com/lightweight-charts@4.2.0/dist/lightweight-charts.standalone.production.js:6:113659)
    at Gf (https://unpkg.com/lightweight-charts@4.2.0/dist/lightweight-charts.standalone.production.js:6:108846)
[   33204ms] Uncaught Error: Value is null
    at f (https://unpkg.com/lightweight-charts@4.2.0/dist/lightweight-charts.standalone.production.js:6:2212)
    at Candlestick (https://unpkg.com/lightweight-charts@4.2.0/dist/lightweight-charts.standalone.production.js:6:46283)
    at Hs (https://unpkg.com/lightweight-charts@4.2.0/dist/lightweight-charts.standalone.production.js:6:47531)
    at ne (https://unpkg.com/lightweight-charts@4.2.0/dist/lightweight-charts.standalone.production.js:6:30743)
    at <anonymous> (https://unpkg.com/lightweight-charts@4.2.0/dist/lightweight-charts.standalone.production.js:6:27092)
    at qs (https://unpkg.com/lightweight-charts@4.2.0/dist/lightweight-charts.standalone.production.js:6:27079)
    at Fs (https://unpkg.com/lightweight-charts@4.2.0/dist/lightweight-charts.standalone.production.js:6:24555)
    at gt (https://unpkg.com/lightweight-charts@4.2.0/dist/lightweight-charts.standalone.production.js:6:24390)
    at Cs (https://unpkg.com/lightweight-charts@4.2.0/dist/lightweight-charts.standalone.production.js:6:114569)
    at <anonymous> (https://unpkg.com/lightweight-charts@4.2.0/dist/lightweight-charts.standalone.production.js:6:126899)
    at br (https://unpkg.com/lightweight-charts@4.2.0/dist/lightweight-charts.standalone.production.js:6:127066)
    at Qf (https://unpkg.com/lightweight-charts@4.2.0/dist/lightweight-charts.standalone.production.js:6:125276)
    at $f (https://unpkg.com/lightweight-charts@4.2.0/dist/lightweight-charts.standalone.production.js:6:113659)
    at Gf (https://unpkg.com/lightweight-charts@4.2.0/dist/lightweight-charts.standalone.production.js:6:108846)
[   33204ms] Uncaught Error: Value is null
    at f (https://unpkg.com/lightweight-charts@4.2.0/dist/lightweight-charts.standalone.production.js:6:2212)
    at Candlestick (https://unpkg.com/lightweight-charts@4.2.0/dist/lightweight-charts.standalone.production.js:6:46283)
    at Hs (https://unpkg.com/lightweight-charts@4.2.0/dist/lightweight-charts.standalone.production.js:6:47531)
    at ne (https://unpkg.com/lightweight-charts@4.2.0/dist/lightweight-charts.standalone.production.js:6:30743)
    at <anonymous> (https://unpkg.com/lightweight-charts@4.2.0/dist/lightweight-charts.standalone.production.js:6:27092)
    at qs (https://unpkg.com/lightweight-charts@4.2.0/dist/lightweight-charts.standalone.production.js:6:27079)
    at Fs (https://unpkg.com/lightweight-charts@4.2.0/dist/lightweight-charts.standalone.production.js:6:24555)
    at gt (https://unpkg.com/lightweight-charts@4.2.0/dist/lightweight-charts.standalone.production.js:6:24390)
    at Cs (https://unpkg.com/lightweight-charts@4.2.0/dist/lightweight-charts.standalone.production.js:6:114569)
    at <anonymous> (https://unpkg.com/lightweight-charts@4.2.0/dist/lightweight-charts.standalone.production.js:6:126899)
    at br (https://unpkg.com/lightweight-charts@4.2.0/dist/lightweight-charts.standalone.production.js:6:127066)
    at Qf (https://unpkg.com/lightweight-charts@4.2.0/dist/lightweight-charts.standalone.production.js:6:125276)
    at $f (https://unpkg.com/lightweight-charts@4.2.0/dist/lightweight-charts.standalone.production.js:6:113659)
    at Gf (https://unpkg.com/lightweight-charts@4.2.0/dist/lightweight-charts.standalone.production.js:6:108846)
[   33204ms] Uncaught Error: Value is null
    at f (https://unpkg.com/lightweight-charts@4.2.0/dist/lightweight-charts.standalone.production.js:6:2212)
    at Candlestick (https://unpkg.com/lightweight-charts@4.2.0/dist/lightweight-charts.standalone.production.js:6:46283)
    at Hs (https://unpkg.com/lightweight-charts@4.2.0/dist/lightweight-charts.standalone.production.js:6:47531)
    at ne (https://unpkg.com/lightweight-charts@4.2.0/dist/lightweight-charts.standalone.production.js:6:30743)
    at <anonymous> (https://unpkg.com/lightweight-charts@4.2.0/dist/lightweight-charts.standalone.production.js:6:27092)
    at qs (https://unpkg.com/lightweight-charts@4.2.0/dist/lightweight-charts.standalone.production.js:6:27079)
    at Fs (https://unpkg.com/lightweight-charts@4.2.0/dist/lightweight-charts.standalone.production.js:6:24555)
    at gt (https://unpkg.com/lightweight-charts@4.2.0/dist/lightweight-charts.standalone.production.js:6:24390)
    at Cs (https://unpkg.com/lightweight-charts@4.2.0/dist/lightweight-charts.standalone.production.js:6:114569)
    at <anonymous> (https://unpkg.com/lightweight-charts@4.2.0/dist/lightweight-charts.standalone.production.js:6:126899)
    at br (https://unpkg.com/lightweight-charts@4.2.0/dist/lightweight-charts.standalone.production.js:6:127066)
    at Qf (https://unpkg.com/lightweight-charts@4.2.0/dist/lightweight-charts.standalone.production.js:6:125276)
    at $f (https://unpkg.com/lightweight-charts@4.2.0/dist/lightweight-charts.standalone.production.js:6:113659)
    at Gf (https://unpkg.com/lightweight-charts@4.2.0/dist/lightweight-charts.standalone.production.js:6:108846)
[   33205ms] Uncaught Error: Value is null
    at f (https://unpkg.com/lightweight-charts@4.2.0/dist/lightweight-charts.standalone.production.js:6:2212)
    at Candlestick (https://unpkg.com/lightweight-charts@4.2.0/dist/lightweight-charts.standalone.production.js:6:46283)
    at Hs (https://unpkg.com/lightweight-charts@4.2.0/dist/lightweight-charts.standalone.production.js:6:47531)
    at ne (https://unpkg.com/lightweight-charts@4.2.0/dist/lightweight-charts.standalone.production.js:6:30743)
    at <anonymous> (https://unpkg.com/lightweight-charts@4.2.0/dist/lightweight-charts.standalone.production.js:6:27092)
    at qs (https://unpkg.com/lightweight-charts@4.2.0/dist/lightweight-charts.standalone.production.js:6:27079)
    at Fs (https://unpkg.com/lightweight-charts@4.2.0/dist/lightweight-charts.standalone.production.js:6:24555)
    at gt (https://unpkg.com/lightweight-charts@4.2.0/dist/lightweight-charts.standalone.production.js:6:24390)
    at Cs (https://unpkg.com/lightweight-charts@4.2.0/dist/lightweight-charts.standalone.production.js:6:114569)
    at <anonymous> (https://unpkg.com/lightweight-charts@4.2.0/dist/lightweight-charts.standalone.production.js:6:126899)
    at br (https://unpkg.com/lightweight-charts@4.2.0/dist/lightweight-charts.standalone.production.js:6:127066)
    at Qf (https://unpkg.com/lightweight-charts@4.2.0/dist/lightweight-charts.standalone.production.js:6:125276)
    at $f (https://unpkg.com/lightweight-charts@4.2.0/dist/lightweight-charts.standalone.production.js:6:113659)
    at Gf (https://unpkg.com/lightweight-charts@4.2.0/dist/lightweight-charts.standalone.production.js:6:108846)
[   33211ms] Uncaught Error: Value is null
    at f (https://unpkg.com/lightweight-charts@4.2.0/dist/lightweight-charts.standalone.production.js:6:2212)
    at Candlestick (https://unpkg.com/lightweight-charts@4.2.0/dist/lightweight-charts.standalone.production.js:6:46283)
    at Hs (https://unpkg.com/lightweight-charts@4.2.0/dist/lightweight-charts.standalone.production.js:6:47531)
    at ne (https://unpkg.com/lightweight-charts@4.2.0/dist/lightweight-charts.standalone.production.js:6:30743)
    at <anonymous> (https://unpkg.com/lightweight-charts@4.2.0/dist/lightweight-charts.standalone.production.js:6:27092)
    at qs (https://unpkg.com/lightweight-charts@4.2.0/dist/lightweight-charts.standalone.production.js:6:27079)
    at Fs (https://unpkg.com/lightweight-charts@4.2.0/dist/lightweight-charts.standalone.production.js:6:24555)
    at gt (https://unpkg.com/lightweight-charts@4.2.0/dist/lightweight-charts.standalone.production.js:6:24390)
    at ms (https://unpkg.com/lightweight-charts@4.2.0/dist/lightweight-charts.standalone.production.js:6:107028)
    at gm (https://unpkg.com/lightweight-charts@4.2.0/dist/lightweight-charts.standalone.production.js:6:128830)
    at dm (https://unpkg.com/lightweight-charts@4.2.0/dist/lightweight-charts.standalone.production.js:6:128672)
    at fp (https://unpkg.com/lightweight-charts@4.2.0/dist/lightweight-charts.standalone.production.js:6:127898)
    at fp (https://unpkg.com/lightweight-charts@4.2.0/dist/lightweight-charts.standalone.production.js:6:140944)
    at pb (https://unpkg.com/lightweight-charts@4.2.0/dist/lightweight-charts.standalone.production.js:6:144421)
    at <anonymous> (https://unpkg.com/lightweight-charts@4.2.0/dist/lightweight-charts.standalone.production.js:6:144919)
[   33242ms] Uncaught Error: Value is null
    at f (https://unpkg.com/lightweight-charts@4.2.0/dist/lightweight-charts.standalone.production.js:6:2212)
    at Candlestick (https://unpkg.com/lightweight-charts@4.2.0/dist/lightweight-charts.standalone.production.js:6:46283)
    at Hs (https://unpkg.com/lightweight-charts@4.2.0/dist/lightweight-charts.standalone.production.js:6:47531)
    at ne (https://unpkg.com/lightweight-charts@4.2.0/dist/lightweight-charts.standalone.production.js:6:30743)
    at <anonymous> (https://unpkg.com/lightweight-charts@4.2.0/dist/lightweight-charts.standalone.production.js:6:27092)
    at qs (https://unpkg.com/lightweight-charts@4.2.0/dist/lightweight-charts.standalone.production.js:6:27079)
    at Fs (https://unpkg.com/lightweight-charts@4.2.0/dist/lightweight-charts.standalone.production.js:6:24555)
    at gt (https://unpkg.com/lightweight-charts@4.2.0/dist/lightweight-charts.standalone.production.js:6:24390)
    at ms (https://unpkg.com/lightweight-charts@4.2.0/dist/lightweight-charts.standalone.production.js:6:107028)
    at gm (https://unpkg.com/lightweight-charts@4.2.0/dist/lightweight-charts.standalone.production.js:6:128830)
    at dm (https://unpkg.com/lightweight-charts@4.2.0/dist/lightweight-charts.standalone.production.js:6:128672)
    at fp (https://unpkg.com/lightweight-charts@4.2.0/dist/lightweight-charts.standalone.production.js:6:127898)
    at fp (https://unpkg.com/lightweight-charts@4.2.0/dist/lightweight-charts.standalone.production.js:6:140944)
    at pb (https://unpkg.com/lightweight-charts@4.2.0/dist/lightweight-charts.standalone.production.js:6:144421)
    at <anonymous> (https://unpkg.com/lightweight-charts@4.2.0/dist/lightweight-charts.standalone.production.js:6:144919)
[   33260ms] Uncaught Error: Value is null
    at f (https://unpkg.com/lightweight-charts@4.2.0/dist/lightweight-charts.standalone.production.js:6:2212)
    at Candlestick (https://unpkg.com/lightweight-charts@4.2.0/dist/lightweight-charts.standalone.production.js:6:46283)
    at Hs (https://unpkg.com/lightweight-charts@4.2.0/dist/lightweight-charts.standalone.production.js:6:47531)
    at ne (https://unpkg.com/lightweight-charts@4.2.0/dist/lightweight-charts.standalone.production.js:6:30743)
    at <anonymous> (https://unpkg.com/lightweight-charts@4.2.0/dist/lightweight-charts.standalone.production.js:6:27092)
    at qs (https://unpkg.com/lightweight-charts@4.2.0/dist/lightweight-charts.standalone.production.js:6:27079)
    at Fs (https://unpkg.com/lightweight-charts@4.2.0/dist/lightweight-charts.standalone.production.js:6:24555)
    at gt (https://unpkg.com/lightweight-charts@4.2.0/dist/lightweight-charts.standalone.production.js:6:24390)
    at ms (https://unpkg.com/lightweight-charts@4.2.0/dist/lightweight-charts.standalone.production.js:6:107028)
    at gm (https://unpkg.com/lightweight-charts@4.2.0/dist/lightweight-charts.standalone.production.js:6:128830)
    at dm (https://unpkg.com/lightweight-charts@4.2.0/dist/lightweight-charts.standalone.production.js:6:128672)
    at fp (https://unpkg.com/lightweight-charts@4.2.0/dist/lightweight-charts.standalone.production.js:6:127898)
    at fp (https://unpkg.com/lightweight-charts@4.2.0/dist/lightweight-charts.standalone.production.js:6:140944)
    at pb (https://unpkg.com/lightweight-charts@4.2.0/dist/lightweight-charts.standalone.production.js:6:144421)
    at <anonymous> (https://unpkg.com/lightweight-charts@4.2.0/dist/lightweight-charts.standalone.production.js:6:144919)
[   33278ms] Uncaught Error: Value is null
    at f (https://unpkg.com/lightweight-charts@4.2.0/dist/lightweight-charts.standalone.production.js:6:2212)
    at Candlestick (https://unpkg.com/lightweight-charts@4.2.0/dist/lightweight-charts.standalone.production.js:6:46283)
    at Hs (https://unpkg.com/lightweight-charts@4.2.0/dist/lightweight-charts.standalone.production.js:6:47531)
    at ne (https://unpkg.com/lightweight-charts@4.2.0/dist/lightweight-charts.standalone.production.js:6:30743)
    at <anonymous> (https://unpkg.com/lightweight-charts@4.2.0/dist/lightweight-charts.standalone.production.js:6:27092)
    at qs (https://unpkg.com/lightweight-charts@4.2.0/dist/lightweight-charts.standalone.production.js:6:27079)
    at Fs (https://unpkg.com/lightweight-charts@4.2.0/dist/lightweight-charts.standalone.production.js:6:24555)
    at gt (https://unpkg.com/lightweight-charts@4.2.0/dist/lightweight-charts.standalone.production.js:6:24390)
    at ms (https://unpkg.com/lightweight-charts@4.2.0/dist/lightweight-charts.standalone.production.js:6:107028)
    at gm (https://unpkg.com/lightweight-charts@4.2.0/dist/lightweight-charts.standalone.production.js:6:128830)
    at dm (https://unpkg.com/lightweight-charts@4.2.0/dist/lightweight-charts.standalone.production.js:6:128672)
    at fp (https://unpkg.com/lightweight-charts@4.2.0/dist/lightweight-charts.standalone.production.js:6:127898)
    at fp (https://unpkg.com/lightweight-charts@4.2.0/dist/lightweight-charts.standalone.production.js:6:140944)
    at pb (https://unpkg.com/lightweight-charts@4.2.0/dist/lightweight-charts.standalone.production.js:6:144421)
    at <anonymous> (https://unpkg.com/lightweight-charts@4.2.0/dist/lightweight-charts.standalone.production.js:6:144919)
[   33294ms] Uncaught Error: Value is null
    at f (https://unpkg.com/lightweight-charts@4.2.0/dist/lightweight-charts.standalone.production.js:6:2212)
    at Candlestick (https://unpkg.com/lightweight-charts@4.2.0/dist/lightweight-charts.standalone.production.js:6:46283)
    at Hs (https://unpkg.com/lightweight-charts@4.2.0/dist/lightweight-charts.standalone.production.js:6:47531)
    at ne (https://unpkg.com/lightweight-charts@4.2.0/dist/lightweight-charts.standalone.production.js:6:30743)
    at <anonymous> (https://unpkg.com/lightweight-charts@4.2.0/dist/lightweight-charts.standalone.production.js:6:27092)
    at qs (https://unpkg.com/lightweight-charts@4.2.0/dist/lightweight-charts.standalone.production.js:6:27079)
    at Fs (https://unpkg.com/lightweight-charts@4.2.0/dist/lightweight-charts.standalone.production.js:6:24555)
    at gt (https://unpkg.com/lightweight-charts@4.2.0/dist/lightweight-charts.standalone.production.js:6:24390)
    at ms (https://unpkg.com/lightweight-charts@4.2.0/dist/lightweight-charts.standalone.production.js:6:107028)
    at gm (https://unpkg.com/lightweight-charts@4.2.0/dist/lightweight-charts.standalone.production.js:6:128830)
    at dm (https://unpkg.com/lightweight-charts@4.2.0/dist/lightweight-charts.standalone.production.js:6:128672)
    at fp (https://unpkg.com/lightweight-charts@4.2.0/dist/lightweight-charts.standalone.production.js:6:127898)
    at fp (https://unpkg.com/lightweight-charts@4.2.0/dist/lightweight-charts.standalone.production.js:6:140944)
    at pb (https://unpkg.com/lightweight-charts@4.2.0/dist/lightweight-charts.standalone.production.js:6:144421)
    at <anonymous> (https://unpkg.com/lightweight-charts@4.2.0/dist/lightweight-charts.standalone.production.js:6:144919)
[   33309ms] Uncaught Error: Value is null
    at f (https://unpkg.com/lightweight-charts@4.2.0/dist/lightweight-charts.standalone.production.js:6:2212)
    at Candlestick (https://unpkg.com/lightweight-charts@4.2.0/dist/lightweight-charts.standalone.production.js:6:46283)
    at Hs (https://unpkg.com/lightweight-charts@4.2.0/dist/lightweight-charts.standalone.production.js:6:47531)
    at ne (https://unpkg.com/lightweight-charts@4.2.0/dist/lightweight-charts.standalone.production.js:6:30743)
    at <anonymous> (https://unpkg.com/lightweight-charts@4.2.0/dist/lightweight-charts.standalone.production.js:6:27092)
    at qs (https://unpkg.com/lightweight-charts@4.2.0/dist/lightweight-charts.standalone.production.js:6:27079)
    at Fs (https://unpkg.com/lightweight-charts@4.2.0/dist/lightweight-charts.standalone.production.js:6:24555)
    at gt (https://unpkg.com/lightweight-charts@4.2.0/dist/lightweight-charts.standalone.production.js:6:24390)
    at ms (https://unpkg.com/lightweight-charts@4.2.0/dist/lightweight-charts.standalone.production.js:6:107028)
    at gm (https://unpkg.com/lightweight-charts@4.2.0/dist/lightweight-charts.standalone.production.js:6:128830)
    at dm (https://unpkg.com/lightweight-charts@4.2.0/dist/lightweight-charts.standalone.production.js:6:128672)
    at fp (https://unpkg.com/lightweight-charts@4.2.0/dist/lightweight-charts.standalone.production.js:6:127898)
    at fp (https://unpkg.com/lightweight-charts@4.2.0/dist/lightweight-charts.standalone.production.js:6:140944)
    at pb (https://unpkg.com/lightweight-charts@4.2.0/dist/lightweight-charts.standalone.production.js:6:144421)
    at <anonymous> (https://unpkg.com/lightweight-charts@4.2.0/dist/lightweight-charts.standalone.production.js:6:144919)
[   33326ms] Uncaught Error: Value is null
    at f (https://unpkg.com/lightweight-charts@4.2.0/dist/lightweight-charts.standalone.production.js:6:2212)
    at Candlestick (https://unpkg.com/lightweight-charts@4.2.0/dist/lightweight-charts.standalone.production.js:6:46283)
    at Hs (https://unpkg.com/lightweight-charts@4.2.0/dist/lightweight-charts.standalone.production.js:6:47531)
    at ne (https://unpkg.com/lightweight-charts@4.2.0/dist/lightweight-charts.standalone.production.js:6:30743)
    at <anonymous> (https://unpkg.com/lightweight-charts@4.2.0/dist/lightweight-charts.standalone.production.js:6:27092)
    at qs (https://unpkg.com/lightweight-charts@4.2.0/dist/lightweight-charts.standalone.production.js:6:27079)
    at Fs (https://unpkg.com/lightweight-charts@4.2.0/dist/lightweight-charts.standalone.production.js:6:24555)
    at gt (https://unpkg.com/lightweight-charts@4.2.0/dist/lightweight-charts.standalone.production.js:6:24390)
    at ms (https://unpkg.com/lightweight-charts@4.2.0/dist/lightweight-charts.standalone.production.js:6:107028)
    at gm (https://unpkg.com/lightweight-charts@4.2.0/dist/lightweight-charts.standalone.production.js:6:128830)
    at dm (https://unpkg.com/lightweight-charts@4.2.0/dist/lightweight-charts.standalone.production.js:6:128672)
    at fp (https://unpkg.com/lightweight-charts@4.2.0/dist/lightweight-charts.standalone.production.js:6:127898)
    at fp (https://unpkg.com/lightweight-charts@4.2.0/dist/lightweight-charts.standalone.production.js:6:140944)
    at pb (https://unpkg.com/lightweight-charts@4.2.0/dist/lightweight-charts.standalone.production.js:6:144421)
    at <anonymous> (https://unpkg.com/lightweight-charts@4.2.0/dist/lightweight-charts.standalone.production.js:6:144919)
[   33342ms] Uncaught Error: Value is null
    at f (https://unpkg.com/lightweight-charts@4.2.0/dist/lightweight-charts.standalone.production.js:6:2212)
    at Candlestick (https://unpkg.com/lightweight-charts@4.2.0/dist/lightweight-charts.standalone.production.js:6:46283)
    at Hs (https://unpkg.com/lightweight-charts@4.2.0/dist/lightweight-charts.standalone.production.js:6:47531)
    at ne (https://unpkg.com/lightweight-charts@4.2.0/dist/lightweight-charts.standalone.production.js:6:30743)
    at <anonymous> (https://unpkg.com/lightweight-charts@4.2.0/dist/lightweight-charts.standalone.production.js:6:27092)
    at qs (https://unpkg.com/lightweight-charts@4.2.0/dist/lightweight-charts.standalone.production.js:6:27079)
    at Fs (https://unpkg.com/lightweight-charts@4.2.0/dist/lightweight-charts.standalone.production.js:6:24555)
    at gt (https://unpkg.com/lightweight-charts@4.2.0/dist/lightweight-charts.standalone.production.js:6:24390)
    at ms (https://unpkg.com/lightweight-charts@4.2.0/dist/lightweight-charts.standalone.production.js:6:107028)
    at gm (https://unpkg.com/lightweight-charts@4.2.0/dist/lightweight-charts.standalone.production.js:6:128830)
    at dm (https://unpkg.com/lightweight-charts@4.2.0/dist/lightweight-charts.standalone.production.js:6:128672)
    at fp (https://unpkg.com/lightweight-charts@4.2.0/dist/lightweight-charts.standalone.production.js:6:127898)
    at fp (https://unpkg.com/lightweight-charts@4.2.0/dist/lightweight-charts.standalone.production.js:6:140944)
    at pb (https://unpkg.com/lightweight-charts@4.2.0/dist/lightweight-charts.standalone.production.js:6:144421)
    at <anonymous> (https://unpkg.com/lightweight-charts@4.2.0/dist/lightweight-charts.standalone.production.js:6:144919)
[   33364ms] Uncaught Error: Value is null
    at f (https://unpkg.com/lightweight-charts@4.2.0/dist/lightweight-charts.standalone.production.js:6:2212)
    at Candlestick (https://unpkg.com/lightweight-charts@4.2.0/dist/lightweight-charts.standalone.production.js:6:46283)
    at Hs (https://unpkg.com/lightweight-charts@4.2.0/dist/lightweight-charts.standalone.production.js:6:47531)
    at ne (https://unpkg.com/lightweight-charts@4.2.0/dist/lightweight-charts.standalone.production.js:6:30743)
    at <anonymous> (https://unpkg.com/lightweight-charts@4.2.0/dist/lightweight-charts.standalone.production.js:6:27092)
    at qs (https://unpkg.com/lightweight-charts@4.2.0/dist/lightweight-charts.standalone.production.js:6:27079)
    at Fs (https://unpkg.com/lightweight-charts@4.2.0/dist/lightweight-charts.standalone.production.js:6:24555)
    at gt (https://unpkg.com/lightweight-charts@4.2.0/dist/lightweight-charts.standalone.production.js:6:24390)
    at ms (https://unpkg.com/lightweight-charts@4.2.0/dist/lightweight-charts.standalone.production.js:6:107028)
    at gm (https://unpkg.com/lightweight-charts@4.2.0/dist/lightweight-charts.standalone.production.js:6:128830)
    at dm (https://unpkg.com/lightweight-charts@4.2.0/dist/lightweight-charts.standalone.production.js:6:128672)
    at fp (https://unpkg.com/lightweight-charts@4.2.0/dist/lightweight-charts.standalone.production.js:6:127898)
    at fp (https://unpkg.com/lightweight-charts@4.2.0/dist/lightweight-charts.standalone.production.js:6:140944)
    at pb (https://unpkg.com/lightweight-charts@4.2.0/dist/lightweight-charts.standalone.production.js:6:144421)
    at <anonymous> (https://unpkg.com/lightweight-charts@4.2.0/dist/lightweight-charts.standalone.production.js:6:144919)
[   33376ms] Uncaught Error: Value is null
    at f (https://unpkg.com/lightweight-charts@4.2.0/dist/lightweight-charts.standalone.production.js:6:2212)
    at Candlestick (https://unpkg.com/lightweight-charts@4.2.0/dist/lightweight-charts.standalone.production.js:6:46283)
    at Hs (https://unpkg.com/lightweight-charts@4.2.0/dist/lightweight-charts.standalone.production.js:6:47531)
    at ne (https://unpkg.com/lightweight-charts@4.2.0/dist/lightweight-charts.standalone.production.js:6:30743)
    at <anonymous> (https://unpkg.com/lightweight-charts@4.2.0/dist/lightweight-charts.standalone.production.js:6:27092)
    at qs (https://unpkg.com/lightweight-charts@4.2.0/dist/lightweight-charts.standalone.production.js:6:27079)
    at Fs (https://unpkg.com/lightweight-charts@4.2.0/dist/lightweight-charts.standalone.production.js:6:24555)
    at gt (https://unpkg.com/lightweight-charts@4.2.0/dist/lightweight-charts.standalone.production.js:6:24390)
    at ms (https://unpkg.com/lightweight-charts@4.2.0/dist/lightweight-charts.standalone.production.js:6:107028)
    at gm (https://unpkg.com/lightweight-charts@4.2.0/dist/lightweight-charts.standalone.production.js:6:128830)
    at dm (https://unpkg.com/lightweight-charts@4.2.0/dist/lightweight-charts.standalone.production.js:6:128672)
    at fp (https://unpkg.com/lightweight-charts@4.2.0/dist/lightweight-charts.standalone.production.js:6:127898)
    at fp (https://unpkg.com/lightweight-charts@4.2.0/dist/lightweight-charts.standalone.production.js:6:140944)
    at pb (https://unpkg.com/lightweight-charts@4.2.0/dist/lightweight-charts.standalone.production.js:6:144421)
    at <anonymous> (https://unpkg.com/lightweight-charts@4.2.0/dist/lightweight-charts.standalone.production.js:6:144919)
[   33393ms] Uncaught Error: Value is null
    at f (https://unpkg.com/lightweight-charts@4.2.0/dist/lightweight-charts.standalone.production.js:6:2212)
    at Candlestick (https://unpkg.com/lightweight-charts@4.2.0/dist/lightweight-charts.standalone.production.js:6:46283)
    at Hs (https://unpkg.com/lightweight-charts@4.2.0/dist/lightweight-charts.standalone.production.js:6:47531)
    at ne (https://unpkg.com/lightweight-charts@4.2.0/dist/lightweight-charts.standalone.production.js:6:30743)
    at <anonymous> (https://unpkg.com/lightweight-charts@4.2.0/dist/lightweight-charts.standalone.production.js:6:27092)
    at qs (https://unpkg.com/lightweight-charts@4.2.0/dist/lightweight-charts.standalone.production.js:6:27079)
    at Fs (https://unpkg.com/lightweight-charts@4.2.0/dist/lightweight-charts.standalone.production.js:6:24555)
    at gt (https://unpkg.com/lightweight-charts@4.2.0/dist/lightweight-charts.standalone.production.js:6:24390)
    at ms (https://unpkg.com/lightweight-charts@4.2.0/dist/lightweight-charts.standalone.production.js:6:107028)
    at gm (https://unpkg.com/lightweight-charts@4.2.0/dist/lightweight-charts.standalone.production.js:6:128830)
    at dm (https://unpkg.com/lightweight-charts@4.2.0/dist/lightweight-charts.standalone.production.js:6:128672)
    at fp (https://unpkg.com/lightweight-charts@4.2.0/dist/lightweight-charts.standalone.production.js:6:127898)
    at fp (https://unpkg.com/lightweight-charts@4.2.0/dist/lightweight-charts.standalone.production.js:6:140944)
    at pb (https://unpkg.com/lightweight-charts@4.2.0/dist/lightweight-charts.standalone.production.js:6:144421)
    at <anonymous> (https://unpkg.com/lightweight-charts@4.2.0/dist/lightweight-charts.standalone.production.js:6:144919)
[   33410ms] Uncaught Error: Value is null
    at f (https://unpkg.com/lightweight-charts@4.2.0/dist/lightweight-charts.standalone.production.js:6:2212)
    at Candlestick (https://unpkg.com/lightweight-charts@4.2.0/dist/lightweight-charts.standalone.production.js:6:46283)
    at Hs (https://unpkg.com/lightweight-charts@4.2.0/dist/lightweight-charts.standalone.production.js:6:47531)
    at ne (https://unpkg.com/lightweight-charts@4.2.0/dist/lightweight-charts.standalone.production.js:6:30743)
    at <anonymous> (https://unpkg.com/lightweight-charts@4.2.0/dist/lightweight-charts.standalone.production.js:6:27092)
    at qs (https://unpkg.com/lightweight-charts@4.2.0/dist/lightweight-charts.standalone.production.js:6:27079)
    at Fs (https://unpkg.com/lightweight-charts@4.2.0/dist/lightweight-charts.standalone.production.js:6:24555)
    at gt (https://unpkg.com/lightweight-charts@4.2.0/dist/lightweight-charts.standalone.production.js:6:24390)
    at ms (https://unpkg.com/lightweight-charts@4.2.0/dist/lightweight-charts.standalone.production.js:6:107028)
    at gm (https://unpkg.com/lightweight-charts@4.2.0/dist/lightweight-charts.standalone.production.js:6:128830)
    at dm (https://unpkg.com/lightweight-charts@4.2.0/dist/lightweight-charts.standalone.production.js:6:128672)
    at fp (https://unpkg.com/lightweight-charts@4.2.0/dist/lightweight-charts.standalone.production.js:6:127898)
    at fp (https://unpkg.com/lightweight-charts@4.2.0/dist/lightweight-charts.standalone.production.js:6:140944)
    at pb (https://unpkg.com/lightweight-charts@4.2.0/dist/lightweight-charts.standalone.production.js:6:144421)
    at <anonymous> (https://unpkg.com/lightweight-charts@4.2.0/dist/lightweight-charts.standalone.production.js:6:144919)
[   33429ms] Uncaught Error: Value is null
    at f (https://unpkg.com/lightweight-charts@4.2.0/dist/lightweight-charts.standalone.production.js:6:2212)
    at Candlestick (https://unpkg.com/lightweight-charts@4.2.0/dist/lightweight-charts.standalone.production.js:6:46283)
    at Hs (https://unpkg.com/lightweight-charts@4.2.0/dist/lightweight-charts.standalone.production.js:6:47531)
    at ne (https://unpkg.com/lightweight-charts@4.2.0/dist/lightweight-charts.standalone.production.js:6:30743)
    at <anonymous> (https://unpkg.com/lightweight-charts@4.2.0/dist/lightweight-charts.standalone.production.js:6:27092)
    at qs (https://unpkg.com/lightweight-charts@4.2.0/dist/lightweight-charts.standalone.production.js:6:27079)
    at Fs (https://unpkg.com/lightweight-charts@4.2.0/dist/lightweight-charts.standalone.production.js:6:24555)
    at gt (https://unpkg.com/lightweight-charts@4.2.0/dist/lightweight-charts.standalone.production.js:6:24390)
    at ms (https://unpkg.com/lightweight-charts@4.2.0/dist/lightweight-charts.standalone.production.js:6:107028)
    at gm (https://unpkg.com/lightweight-charts@4.2.0/dist/lightweight-charts.standalone.production.js:6:128830)
    at dm (https://unpkg.com/lightweight-charts@4.2.0/dist/lightweight-charts.standalone.production.js:6:128672)
    at fp (https://unpkg.com/lightweight-charts@4.2.0/dist/lightweight-charts.standalone.production.js:6:127898)
    at fp (https://unpkg.com/lightweight-charts@4.2.0/dist/lightweight-charts.standalone.production.js:6:140944)
    at pb (https://unpkg.com/lightweight-charts@4.2.0/dist/lightweight-charts.standalone.production.js:6:144421)
    at <anonymous> (https://unpkg.com/lightweight-charts@4.2.0/dist/lightweight-charts.standalone.production.js:6:144919)
[   33443ms] Uncaught Error: Value is null
    at f (https://unpkg.com/lightweight-charts@4.2.0/dist/lightweight-charts.standalone.production.js:6:2212)
    at Candlestick (https://unpkg.com/lightweight-charts@4.2.0/dist/lightweight-charts.standalone.production.js:6:46283)
    at Hs (https://unpkg.com/lightweight-charts@4.2.0/dist/lightweight-charts.standalone.production.js:6:47531)
    at ne (https://unpkg.com/lightweight-charts@4.2.0/dist/lightweight-charts.standalone.production.js:6:30743)
    at <anonymous> (https://unpkg.com/lightweight-charts@4.2.0/dist/lightweight-charts.standalone.production.js:6:27092)
    at qs (https://unpkg.com/lightweight-charts@4.2.0/dist/lightweight-charts.standalone.production.js:6:27079)
    at Fs (https://unpkg.com/lightweight-charts@4.2.0/dist/lightweight-charts.standalone.production.js:6:24555)
    at gt (https://unpkg.com/lightweight-charts@4.2.0/dist/lightweight-charts.standalone.production.js:6:24390)
    at ms (https://unpkg.com/lightweight-charts@4.2.0/dist/lightweight-charts.standalone.production.js:6:107028)
    at gm (https://unpkg.com/lightweight-charts@4.2.0/dist/lightweight-charts.standalone.production.js:6:128830)
    at dm (https://unpkg.com/lightweight-charts@4.2.0/dist/lightweight-charts.standalone.production.js:6:128672)
    at fp (https://unpkg.com/lightweight-charts@4.2.0/dist/lightweight-charts.standalone.production.js:6:127898)
    at fp (https://unpkg.com/lightweight-charts@4.2.0/dist/lightweight-charts.standalone.production.js:6:140944)
    at pb (https://unpkg.com/lightweight-charts@4.2.0/dist/lightweight-charts.standalone.production.js:6:144421)
    at <anonymous> (https://unpkg.com/lightweight-charts@4.2.0/dist/lightweight-charts.standalone.production.js:6:144919)
[   33459ms] Uncaught Error: Value is null
    at f (https://unpkg.com/lightweight-charts@4.2.0/dist/lightweight-charts.standalone.production.js:6:2212)
    at Candlestick (https://unpkg.com/lightweight-charts@4.2.0/dist/lightweight-charts.standalone.production.js:6:46283)
    at Hs (https://unpkg.com/lightweight-charts@4.2.0/dist/lightweight-charts.standalone.production.js:6:47531)
    at ne (https://unpkg.com/lightweight-charts@4.2.0/dist/lightweight-charts.standalone.production.js:6:30743)
    at <anonymous> (https://unpkg.com/lightweight-charts@4.2.0/dist/lightweight-charts.standalone.production.js:6:27092)
    at qs (https://unpkg.com/lightweight-charts@4.2.0/dist/lightweight-charts.standalone.production.js:6:27079)
    at Fs (https://unpkg.com/lightweight-charts@4.2.0/dist/lightweight-charts.standalone.production.js:6:24555)
    at gt (https://unpkg.com/lightweight-charts@4.2.0/dist/lightweight-charts.standalone.production.js:6:24390)
    at ms (https://unpkg.com/lightweight-charts@4.2.0/dist/lightweight-charts.standalone.production.js:6:107028)
    at gm (https://unpkg.com/lightweight-charts@4.2.0/dist/lightweight-charts.standalone.production.js:6:128830)
    at dm (https://unpkg.com/lightweight-charts@4.2.0/dist/lightweight-charts.standalone.production.js:6:128672)
    at fp (https://unpkg.com/lightweight-charts@4.2.0/dist/lightweight-charts.standalone.production.js:6:127898)
    at fp (https://unpkg.com/lightweight-charts@4.2.0/dist/lightweight-charts.standalone.production.js:6:140944)
    at pb (https://unpkg.com/lightweight-charts@4.2.0/dist/lightweight-charts.standalone.production.js:6:144421)
    at <anonymous> (https://unpkg.com/lightweight-charts@4.2.0/dist/lightweight-charts.standalone.production.js:6:144919)
[   33476ms] Uncaught Error: Value is null
    at f (https://unpkg.com/lightweight-charts@4.2.0/dist/lightweight-charts.standalone.production.js:6:2212)
    at Candlestick (https://unpkg.com/lightweight-charts@4.2.0/dist/lightweight-charts.standalone.production.js:6:46283)
    at Hs (https://unpkg.com/lightweight-charts@4.2.0/dist/lightweight-charts.standalone.production.js:6:47531)
    at ne (https://unpkg.com/lightweight-charts@4.2.0/dist/lightweight-charts.standalone.production.js:6:30743)
    at <anonymous> (https://unpkg.com/lightweight-charts@4.2.0/dist/lightweight-charts.standalone.production.js:6:27092)
    at qs (https://unpkg.com/lightweight-charts@4.2.0/dist/lightweight-charts.standalone.production.js:6:27079)
    at Fs (https://unpkg.com/lightweight-charts@4.2.0/dist/lightweight-charts.standalone.production.js:6:24555)
    at gt (https://unpkg.com/lightweight-charts@4.2.0/dist/lightweight-charts.standalone.production.js:6:24390)
    at ms (https://unpkg.com/lightweight-charts@4.2.0/dist/lightweight-charts.standalone.production.js:6:107028)
    at gm (https://unpkg.com/lightweight-charts@4.2.0/dist/lightweight-charts.standalone.production.js:6:128830)
    at dm (https://unpkg.com/lightweight-charts@4.2.0/dist/lightweight-charts.standalone.production.js:6:128672)
    at fp (https://unpkg.com/lightweight-charts@4.2.0/dist/lightweight-charts.standalone.production.js:6:127898)
    at fp (https://unpkg.com/lightweight-charts@4.2.0/dist/lightweight-charts.standalone.production.js:6:140944)
    at pb (https://unpkg.com/lightweight-charts@4.2.0/dist/lightweight-charts.standalone.production.js:6:144421)
    at <anonymous> (https://unpkg.com/lightweight-charts@4.2.0/dist/lightweight-charts.standalone.production.js:6:144919)
[   33495ms] Uncaught Error: Value is null
    at f (https://unpkg.com/lightweight-charts@4.2.0/dist/lightweight-charts.standalone.production.js:6:2212)
    at Candlestick (https://unpkg.com/lightweight-charts@4.2.0/dist/lightweight-charts.standalone.production.js:6:46283)
    at Hs (https://unpkg.com/lightweight-charts@4.2.0/dist/lightweight-charts.standalone.production.js:6:47531)
    at ne (https://unpkg.com/lightweight-charts@4.2.0/dist/lightweight-charts.standalone.production.js:6:30743)
    at <anonymous> (https://unpkg.com/lightweight-charts@4.2.0/dist/lightweight-charts.standalone.production.js:6:27092)
    at qs (https://unpkg.com/lightweight-charts@4.2.0/dist/lightweight-charts.standalone.production.js:6:27079)
    at Fs (https://unpkg.com/lightweight-charts@4.2.0/dist/lightweight-charts.standalone.production.js:6:24555)
    at gt (https://unpkg.com/lightweight-charts@4.2.0/dist/lightweight-charts.standalone.production.js:6:24390)
    at ms (https://unpkg.com/lightweight-charts@4.2.0/dist/lightweight-charts.standalone.production.js:6:107028)
    at gm (https://unpkg.com/lightweight-charts@4.2.0/dist/lightweight-charts.standalone.production.js:6:128830)
    at dm (https://unpkg.com/lightweight-charts@4.2.0/dist/lightweight-charts.standalone.production.js:6:128672)
    at fp (https://unpkg.com/lightweight-charts@4.2.0/dist/lightweight-charts.standalone.production.js:6:127898)
    at fp (https://unpkg.com/lightweight-charts@4.2.0/dist/lightweight-charts.standalone.production.js:6:140944)
    at pb (https://unpkg.com/lightweight-charts@4.2.0/dist/lightweight-charts.standalone.production.js:6:144421)
    at <anonymous> (https://unpkg.com/lightweight-charts@4.2.0/dist/lightweight-charts.standalone.production.js:6:144919)
[   33514ms] Uncaught Error: Value is null
    at f (https://unpkg.com/lightweight-charts@4.2.0/dist/lightweight-charts.standalone.production.js:6:2212)
    at Candlestick (https://unpkg.com/lightweight-charts@4.2.0/dist/lightweight-charts.standalone.production.js:6:46283)
    at Hs (https://unpkg.com/lightweight-charts@4.2.0/dist/lightweight-charts.standalone.production.js:6:47531)
    at ne (https://unpkg.com/lightweight-charts@4.2.0/dist/lightweight-charts.standalone.production.js:6:30743)
    at <anonymous> (https://unpkg.com/lightweight-charts@4.2.0/dist/lightweight-charts.standalone.production.js:6:27092)
    at qs (https://unpkg.com/lightweight-charts@4.2.0/dist/lightweight-charts.standalone.production.js:6:27079)
    at Fs (https://unpkg.com/lightweight-charts@4.2.0/dist/lightweight-charts.standalone.production.js:6:24555)
    at gt (https://unpkg.com/lightweight-charts@4.2.0/dist/lightweight-charts.standalone.production.js:6:24390)
    at ms (https://unpkg.com/lightweight-charts@4.2.0/dist/lightweight-charts.standalone.production.js:6:107028)
    at gm (https://unpkg.com/lightweight-charts@4.2.0/dist/lightweight-charts.standalone.production.js:6:128830)
    at dm (https://unpkg.com/lightweight-charts@4.2.0/dist/lightweight-charts.standalone.production.js:6:128672)
    at fp (https://unpkg.com/lightweight-charts@4.2.0/dist/lightweight-charts.standalone.production.js:6:127898)
    at fp (https://unpkg.com/lightweight-charts@4.2.0/dist/lightweight-charts.standalone.production.js:6:140944)
    at pb (https://unpkg.com/lightweight-charts@4.2.0/dist/lightweight-charts.standalone.production.js:6:144421)
    at <anonymous> (https://unpkg.com/lightweight-charts@4.2.0/dist/lightweight-charts.standalone.production.js:6:144919)
[   33527ms] Uncaught Error: Value is null
    at f (https://unpkg.com/lightweight-charts@4.2.0/dist/lightweight-charts.standalone.production.js:6:2212)
    at Candlestick (https://unpkg.com/lightweight-charts@4.2.0/dist/lightweight-charts.standalone.production.js:6:46283)
    at Hs (https://unpkg.com/lightweight-charts@4.2.0/dist/lightweight-charts.standalone.production.js:6:47531)
    at ne (https://unpkg.com/lightweight-charts@4.2.0/dist/lightweight-charts.standalone.production.js:6:30743)
    at <anonymous> (https://unpkg.com/lightweight-charts@4.2.0/dist/lightweight-charts.standalone.production.js:6:27092)
    at qs (https://unpkg.com/lightweight-charts@4.2.0/dist/lightweight-charts.standalone.production.js:6:27079)
    at Fs (https://unpkg.com/lightweight-charts@4.2.0/dist/lightweight-charts.standalone.production.js:6:24555)
    at gt (https://unpkg.com/lightweight-charts@4.2.0/dist/lightweight-charts.standalone.production.js:6:24390)
    at ms (https://unpkg.com/lightweight-charts@4.2.0/dist/lightweight-charts.standalone.production.js:6:107028)
    at gm (https://unpkg.com/lightweight-charts@4.2.0/dist/lightweight-charts.standalone.production.js:6:128830)
    at dm (https://unpkg.com/lightweight-charts@4.2.0/dist/lightweight-charts.standalone.production.js:6:128672)
    at fp (https://unpkg.com/lightweight-charts@4.2.0/dist/lightweight-charts.standalone.production.js:6:127898)
    at fp (https://unpkg.com/lightweight-charts@4.2.0/dist/lightweight-charts.standalone.production.js:6:140944)
    at pb (https://unpkg.com/lightweight-charts@4.2.0/dist/lightweight-charts.standalone.production.js:6:144421)
    at <anonymous> (https://unpkg.com/lightweight-charts@4.2.0/dist/lightweight-charts.standalone.production.js:6:144919)
[   33544ms] Uncaught Error: Value is null
    at f (https://unpkg.com/lightweight-charts@4.2.0/dist/lightweight-charts.standalone.production.js:6:2212)
    at Candlestick (https://unpkg.com/lightweight-charts@4.2.0/dist/lightweight-charts.standalone.production.js:6:46283)
    at Hs (https://unpkg.com/lightweight-charts@4.2.0/dist/lightweight-charts.standalone.production.js:6:47531)
    at ne (https://unpkg.com/lightweight-charts@4.2.0/dist/lightweight-charts.standalone.production.js:6:30743)
    at <anonymous> (https://unpkg.com/lightweight-charts@4.2.0/dist/lightweight-charts.standalone.production.js:6:27092)
    at qs (https://unpkg.com/lightweight-charts@4.2.0/dist/lightweight-charts.standalone.production.js:6:27079)
    at Fs (https://unpkg.com/lightweight-charts@4.2.0/dist/lightweight-charts.standalone.production.js:6:24555)
    at gt (https://unpkg.com/lightweight-charts@4.2.0/dist/lightweight-charts.standalone.production.js:6:24390)
    at ms (https://unpkg.com/lightweight-charts@4.2.0/dist/lightweight-charts.standalone.production.js:6:107028)
    at gm (https://unpkg.com/lightweight-charts@4.2.0/dist/lightweight-charts.standalone.production.js:6:128830)
    at dm (https://unpkg.com/lightweight-charts@4.2.0/dist/lightweight-charts.standalone.production.js:6:128672)
    at fp (https://unpkg.com/lightweight-charts@4.2.0/dist/lightweight-charts.standalone.production.js:6:127898)
    at fp (https://unpkg.com/lightweight-charts@4.2.0/dist/lightweight-charts.standalone.production.js:6:140944)
    at pb (https://unpkg.com/lightweight-charts@4.2.0/dist/lightweight-charts.standalone.production.js:6:144421)
    at <anonymous> (https://unpkg.com/lightweight-charts@4.2.0/dist/lightweight-charts.standalone.production.js:6:144919)
[   33563ms] Uncaught Error: Value is null
    at f (https://unpkg.com/lightweight-charts@4.2.0/dist/lightweight-charts.standalone.production.js:6:2212)
    at Candlestick (https://unpkg.com/lightweight-charts@4.2.0/dist/lightweight-charts.standalone.production.js:6:46283)
    at Hs (https://unpkg.com/lightweight-charts@4.2.0/dist/lightweight-charts.standalone.production.js:6:47531)
    at ne (https://unpkg.com/lightweight-charts@4.2.0/dist/lightweight-charts.standalone.production.js:6:30743)
    at <anonymous> (https://unpkg.com/lightweight-charts@4.2.0/dist/lightweight-charts.standalone.production.js:6:27092)
    at qs (https://unpkg.com/lightweight-charts@4.2.0/dist/lightweight-charts.standalone.production.js:6:27079)
    at Fs (https://unpkg.com/lightweight-charts@4.2.0/dist/lightweight-charts.standalone.production.js:6:24555)
    at gt (https://unpkg.com/lightweight-charts@4.2.0/dist/lightweight-charts.standalone.production.js:6:24390)
    at ms (https://unpkg.com/lightweight-charts@4.2.0/dist/lightweight-charts.standalone.production.js:6:107028)
    at gm (https://unpkg.com/lightweight-charts@4.2.0/dist/lightweight-charts.standalone.production.js:6:128830)
    at dm (https://unpkg.com/lightweight-charts@4.2.0/dist/lightweight-charts.standalone.production.js:6:128672)
    at fp (https://unpkg.com/lightweight-charts@4.2.0/dist/lightweight-charts.standalone.production.js:6:127898)
    at fp (https://unpkg.com/lightweight-charts@4.2.0/dist/lightweight-charts.standalone.production.js:6:140944)
    at pb (https://unpkg.com/lightweight-charts@4.2.0/dist/lightweight-charts.standalone.production.js:6:144421)
    at <anonymous> (https://unpkg.com/lightweight-charts@4.2.0/dist/lightweight-charts.standalone.production.js:6:144919)
[   33580ms] Uncaught Error: Value is null
    at f (https://unpkg.com/lightweight-charts@4.2.0/dist/lightweight-charts.standalone.production.js:6:2212)
    at Candlestick (https://unpkg.com/lightweight-charts@4.2.0/dist/lightweight-charts.standalone.production.js:6:46283)
    at Hs (https://unpkg.com/lightweight-charts@4.2.0/dist/lightweight-charts.standalone.production.js:6:47531)
    at ne (https://unpkg.com/lightweight-charts@4.2.0/dist/lightweight-charts.standalone.production.js:6:30743)
    at <anonymous> (https://unpkg.com/lightweight-charts@4.2.0/dist/lightweight-charts.standalone.production.js:6:27092)
    at qs (https://unpkg.com/lightweight-charts@4.2.0/dist/lightweight-charts.standalone.production.js:6:27079)
    at Fs (https://unpkg.com/lightweight-charts@4.2.0/dist/lightweight-charts.standalone.production.js:6:24555)
    at gt (https://unpkg.com/lightweight-charts@4.2.0/dist/lightweight-charts.standalone.production.js:6:24390)
    at ms (https://unpkg.com/lightweight-charts@4.2.0/dist/lightweight-charts.standalone.production.js:6:107028)
    at gm (https://unpkg.com/lightweight-charts@4.2.0/dist/lightweight-charts.standalone.production.js:6:128830)
    at dm (https://unpkg.com/lightweight-charts@4.2.0/dist/lightweight-charts.standalone.production.js:6:128672)
    at fp (https://unpkg.com/lightweight-charts@4.2.0/dist/lightweight-charts.standalone.production.js:6:127898)
    at fp (https://unpkg.com/lightweight-charts@4.2.0/dist/lightweight-charts.standalone.production.js:6:140944)
    at pb (https://unpkg.com/lightweight-charts@4.2.0/dist/lightweight-charts.standalone.production.js:6:144421)
    at <anonymous> (https://unpkg.com/lightweight-charts@4.2.0/dist/lightweight-charts.standalone.production.js:6:144919)
[   33596ms] Uncaught Error: Value is null
    at f (https://unpkg.com/lightweight-charts@4.2.0/dist/lightweight-charts.standalone.production.js:6:2212)
    at Candlestick (https://unpkg.com/lightweight-charts@4.2.0/dist/lightweight-charts.standalone.production.js:6:46283)
    at Hs (https://unpkg.com/lightweight-charts@4.2.0/dist/lightweight-charts.standalone.production.js:6:47531)
    at ne (https://unpkg.com/lightweight-charts@4.2.0/dist/lightweight-charts.standalone.production.js:6:30743)
    at <anonymous> (https://unpkg.com/lightweight-charts@4.2.0/dist/lightweight-charts.standalone.production.js:6:27092)
    at qs (https://unpkg.com/lightweight-charts@4.2.0/dist/lightweight-charts.standalone.production.js:6:27079)
    at Fs (https://unpkg.com/lightweight-charts@4.2.0/dist/lightweight-charts.standalone.production.js:6:24555)
    at gt (https://unpkg.com/lightweight-charts@4.2.0/dist/lightweight-charts.standalone.production.js:6:24390)
    at ms (https://unpkg.com/lightweight-charts@4.2.0/dist/lightweight-charts.standalone.production.js:6:107028)
    at gm (https://unpkg.com/lightweight-charts@4.2.0/dist/lightweight-charts.standalone.production.js:6:128830)
    at dm (https://unpkg.com/lightweight-charts@4.2.0/dist/lightweight-charts.standalone.production.js:6:128672)
    at fp (https://unpkg.com/lightweight-charts@4.2.0/dist/lightweight-charts.standalone.production.js:6:127898)
    at fp (https://unpkg.com/lightweight-charts@4.2.0/dist/lightweight-charts.standalone.production.js:6:140944)
    at pb (https://unpkg.com/lightweight-charts@4.2.0/dist/lightweight-charts.standalone.production.js:6:144421)
    at <anonymous> (https://unpkg.com/lightweight-charts@4.2.0/dist/lightweight-charts.standalone.production.js:6:144919)
[   33615ms] Uncaught Error: Value is null
    at f (https://unpkg.com/lightweight-charts@4.2.0/dist/lightweight-charts.standalone.production.js:6:2212)
    at Candlestick (https://unpkg.com/lightweight-charts@4.2.0/dist/lightweight-charts.standalone.production.js:6:46283)
    at Hs (https://unpkg.com/lightweight-charts@4.2.0/dist/lightweight-charts.standalone.production.js:6:47531)
    at ne (https://unpkg.com/lightweight-charts@4.2.0/dist/lightweight-charts.standalone.production.js:6:30743)
    at <anonymous> (https://unpkg.com/lightweight-charts@4.2.0/dist/lightweight-charts.standalone.production.js:6:27092)
    at qs (https://unpkg.com/lightweight-charts@4.2.0/dist/lightweight-charts.standalone.production.js:6:27079)
    at Fs (https://unpkg.com/lightweight-charts@4.2.0/dist/lightweight-charts.standalone.production.js:6:24555)
    at gt (https://unpkg.com/lightweight-charts@4.2.0/dist/lightweight-charts.standalone.production.js:6:24390)
    at ms (https://unpkg.com/lightweight-charts@4.2.0/dist/lightweight-charts.standalone.production.js:6:107028)
    at gm (https://unpkg.com/lightweight-charts@4.2.0/dist/lightweight-charts.standalone.production.js:6:128830)
    at dm (https://unpkg.com/lightweight-charts@4.2.0/dist/lightweight-charts.standalone.production.js:6:128672)
    at fp (https://unpkg.com/lightweight-charts@4.2.0/dist/lightweight-charts.standalone.production.js:6:127898)
    at fp (https://unpkg.com/lightweight-charts@4.2.0/dist/lightweight-charts.standalone.production.js:6:140944)
    at pb (https://unpkg.com/lightweight-charts@4.2.0/dist/lightweight-charts.standalone.production.js:6:144421)
    at <anonymous> (https://unpkg.com/lightweight-charts@4.2.0/dist/lightweight-charts.standalone.production.js:6:144919)
[   33630ms] Uncaught Error: Value is null
    at f (https://unpkg.com/lightweight-charts@4.2.0/dist/lightweight-charts.standalone.production.js:6:2212)
    at Candlestick (https://unpkg.com/lightweight-charts@4.2.0/dist/lightweight-charts.standalone.production.js:6:46283)
    at Hs (https://unpkg.com/lightweight-charts@4.2.0/dist/lightweight-charts.standalone.production.js:6:47531)
    at ne (https://unpkg.com/lightweight-charts@4.2.0/dist/lightweight-charts.standalone.production.js:6:30743)
    at <anonymous> (https://unpkg.com/lightweight-charts@4.2.0/dist/lightweight-charts.standalone.production.js:6:27092)
    at qs (https://unpkg.com/lightweight-charts@4.2.0/dist/lightweight-charts.standalone.production.js:6:27079)
    at Fs (https://unpkg.com/lightweight-charts@4.2.0/dist/lightweight-charts.standalone.production.js:6:24555)
    at gt (https://unpkg.com/lightweight-charts@4.2.0/dist/lightweight-charts.standalone.production.js:6:24390)
    at ms (https://unpkg.com/lightweight-charts@4.2.0/dist/lightweight-charts.standalone.production.js:6:107028)
    at gm (https://unpkg.com/lightweight-charts@4.2.0/dist/lightweight-charts.standalone.production.js:6:128830)
    at dm (https://unpkg.com/lightweight-charts@4.2.0/dist/lightweight-charts.standalone.production.js:6:128672)
    at fp (https://unpkg.com/lightweight-charts@4.2.0/dist/lightweight-charts.standalone.production.js:6:127898)
    at fp (https://unpkg.com/lightweight-charts@4.2.0/dist/lightweight-charts.standalone.production.js:6:140944)
    at pb (https://unpkg.com/lightweight-charts@4.2.0/dist/lightweight-charts.standalone.production.js:6:144421)
    at <anonymous> (https://unpkg.com/lightweight-charts@4.2.0/dist/lightweight-charts.standalone.production.js:6:144919)
[   33641ms] Uncaught Error: Value is null
    at f (https://unpkg.com/lightweight-charts@4.2.0/dist/lightweight-charts.standalone.production.js:6:2212)
    at Candlestick (https://unpkg.com/lightweight-charts@4.2.0/dist/lightweight-charts.standalone.production.js:6:46283)
    at Hs (https://unpkg.com/lightweight-charts@4.2.0/dist/lightweight-charts.standalone.production.js:6:47531)
    at ne (https://unpkg.com/lightweight-charts@4.2.0/dist/lightweight-charts.standalone.production.js:6:30743)
    at <anonymous> (https://unpkg.com/lightweight-charts@4.2.0/dist/lightweight-charts.standalone.production.js:6:27092)
    at qs (https://unpkg.com/lightweight-charts@4.2.0/dist/lightweight-charts.standalone.production.js:6:27079)
    at Fs (https://unpkg.com/lightweight-charts@4.2.0/dist/lightweight-charts.standalone.production.js:6:24555)
    at gt (https://unpkg.com/lightweight-charts@4.2.0/dist/lightweight-charts.standalone.production.js:6:24390)
    at ms (https://unpkg.com/lightweight-charts@4.2.0/dist/lightweight-charts.standalone.production.js:6:107028)
    at gm (https://unpkg.com/lightweight-charts@4.2.0/dist/lightweight-charts.standalone.production.js:6:128830)
    at dm (https://unpkg.com/lightweight-charts@4.2.0/dist/lightweight-charts.standalone.production.js:6:128672)
    at fp (https://unpkg.com/lightweight-charts@4.2.0/dist/lightweight-charts.standalone.production.js:6:127898)
    at fp (https://unpkg.com/lightweight-charts@4.2.0/dist/lightweight-charts.standalone.production.js:6:140944)
    at pb (https://unpkg.com/lightweight-charts@4.2.0/dist/lightweight-charts.standalone.production.js:6:144421)
    at <anonymous> (https://unpkg.com/lightweight-charts@4.2.0/dist/lightweight-charts.standalone.production.js:6:144919)
[   33663ms] Uncaught Error: Value is null
    at f (https://unpkg.com/lightweight-charts@4.2.0/dist/lightweight-charts.standalone.production.js:6:2212)
    at Candlestick (https://unpkg.com/lightweight-charts@4.2.0/dist/lightweight-charts.standalone.production.js:6:46283)
    at Hs (https://unpkg.com/lightweight-charts@4.2.0/dist/lightweight-charts.standalone.production.js:6:47531)
    at ne (https://unpkg.com/lightweight-charts@4.2.0/dist/lightweight-charts.standalone.production.js:6:30743)
    at <anonymous> (https://unpkg.com/lightweight-charts@4.2.0/dist/lightweight-charts.standalone.production.js:6:27092)
    at qs (https://unpkg.com/lightweight-charts@4.2.0/dist/lightweight-charts.standalone.production.js:6:27079)
    at Fs (https://unpkg.com/lightweight-charts@4.2.0/dist/lightweight-charts.standalone.production.js:6:24555)
    at gt (https://unpkg.com/lightweight-charts@4.2.0/dist/lightweight-charts.standalone.production.js:6:24390)
    at ms (https://unpkg.com/lightweight-charts@4.2.0/dist/lightweight-charts.standalone.production.js:6:107028)
    at gm (https://unpkg.com/lightweight-charts@4.2.0/dist/lightweight-charts.standalone.production.js:6:128830)
    at dm (https://unpkg.com/lightweight-charts@4.2.0/dist/lightweight-charts.standalone.production.js:6:128672)
    at fp (https://unpkg.com/lightweight-charts@4.2.0/dist/lightweight-charts.standalone.production.js:6:127898)
    at fp (https://unpkg.com/lightweight-charts@4.2.0/dist/lightweight-charts.standalone.production.js:6:140944)
    at pb (https://unpkg.com/lightweight-charts@4.2.0/dist/lightweight-charts.standalone.production.js:6:144421)
    at <anonymous> (https://unpkg.com/lightweight-charts@4.2.0/dist/lightweight-charts.standalone.production.js:6:144919)
[   33677ms] Uncaught Error: Value is null
    at f (https://unpkg.com/lightweight-charts@4.2.0/dist/lightweight-charts.standalone.production.js:6:2212)
    at Candlestick (https://unpkg.com/lightweight-charts@4.2.0/dist/lightweight-charts.standalone.production.js:6:46283)
    at Hs (https://unpkg.com/lightweight-charts@4.2.0/dist/lightweight-charts.standalone.production.js:6:47531)
    at ne (https://unpkg.com/lightweight-charts@4.2.0/dist/lightweight-charts.standalone.production.js:6:30743)
    at <anonymous> (https://unpkg.com/lightweight-charts@4.2.0/dist/lightweight-charts.standalone.production.js:6:27092)
    at qs (https://unpkg.com/lightweight-charts@4.2.0/dist/lightweight-charts.standalone.production.js:6:27079)
    at Fs (https://unpkg.com/lightweight-charts@4.2.0/dist/lightweight-charts.standalone.production.js:6:24555)
    at gt (https://unpkg.com/lightweight-charts@4.2.0/dist/lightweight-charts.standalone.production.js:6:24390)
    at ms (https://unpkg.com/lightweight-charts@4.2.0/dist/lightweight-charts.standalone.production.js:6:107028)
    at gm (https://unpkg.com/lightweight-charts@4.2.0/dist/lightweight-charts.standalone.production.js:6:128830)
    at dm (https://unpkg.com/lightweight-charts@4.2.0/dist/lightweight-charts.standalone.production.js:6:128672)
    at fp (https://unpkg.com/lightweight-charts@4.2.0/dist/lightweight-charts.standalone.production.js:6:127898)
    at fp (https://unpkg.com/lightweight-charts@4.2.0/dist/lightweight-charts.standalone.production.js:6:140944)
    at pb (https://unpkg.com/lightweight-charts@4.2.0/dist/lightweight-charts.standalone.production.js:6:144421)
    at <anonymous> (https://unpkg.com/lightweight-charts@4.2.0/dist/lightweight-charts.standalone.production.js:6:144919)
[   33696ms] Uncaught Error: Value is null
    at f (https://unpkg.com/lightweight-charts@4.2.0/dist/lightweight-charts.standalone.production.js:6:2212)
    at Candlestick (https://unpkg.com/lightweight-charts@4.2.0/dist/lightweight-charts.standalone.production.js:6:46283)
    at Hs (https://unpkg.com/lightweight-charts@4.2.0/dist/lightweight-charts.standalone.production.js:6:47531)
    at ne (https://unpkg.com/lightweight-charts@4.2.0/dist/lightweight-charts.standalone.production.js:6:30743)
    at <anonymous> (https://unpkg.com/lightweight-charts@4.2.0/dist/lightweight-charts.standalone.production.js:6:27092)
    at qs (https://unpkg.com/lightweight-charts@4.2.0/dist/lightweight-charts.standalone.production.js:6:27079)
    at Fs (https://unpkg.com/lightweight-charts@4.2.0/dist/lightweight-charts.standalone.production.js:6:24555)
    at gt (https://unpkg.com/lightweight-charts@4.2.0/dist/lightweight-charts.standalone.production.js:6:24390)
    at ms (https://unpkg.com/lightweight-charts@4.2.0/dist/lightweight-charts.standalone.production.js:6:107028)
    at gm (https://unpkg.com/lightweight-charts@4.2.0/dist/lightweight-charts.standalone.production.js:6:128830)
    at dm (https://unpkg.com/lightweight-charts@4.2.0/dist/lightweight-charts.standalone.production.js:6:128672)
    at fp (https://unpkg.com/lightweight-charts@4.2.0/dist/lightweight-charts.standalone.production.js:6:127898)
    at fp (https://unpkg.com/lightweight-charts@4.2.0/dist/lightweight-charts.standalone.production.js:6:140944)
    at pb (https://unpkg.com/lightweight-charts@4.2.0/dist/lightweight-charts.standalone.production.js:6:144421)
    at <anonymous> (https://unpkg.com/lightweight-charts@4.2.0/dist/lightweight-charts.standalone.production.js:6:144919)
[   33710ms] Uncaught Error: Value is null
    at f (https://unpkg.com/lightweight-charts@4.2.0/dist/lightweight-charts.standalone.production.js:6:2212)
    at Candlestick (https://unpkg.com/lightweight-charts@4.2.0/dist/lightweight-charts.standalone.production.js:6:46283)
    at Hs (https://unpkg.com/lightweight-charts@4.2.0/dist/lightweight-charts.standalone.production.js:6:47531)
    at ne (https://unpkg.com/lightweight-charts@4.2.0/dist/lightweight-charts.standalone.production.js:6:30743)
    at <anonymous> (https://unpkg.com/lightweight-charts@4.2.0/dist/lightweight-charts.standalone.production.js:6:27092)
    at qs (https://unpkg.com/lightweight-charts@4.2.0/dist/lightweight-charts.standalone.production.js:6:27079)
    at Fs (https://unpkg.com/lightweight-charts@4.2.0/dist/lightweight-charts.standalone.production.js:6:24555)
    at gt (https://unpkg.com/lightweight-charts@4.2.0/dist/lightweight-charts.standalone.production.js:6:24390)
    at ms (https://unpkg.com/lightweight-charts@4.2.0/dist/lightweight-charts.standalone.production.js:6:107028)
    at gm (https://unpkg.com/lightweight-charts@4.2.0/dist/lightweight-charts.standalone.production.js:6:128830)
    at dm (https://unpkg.com/lightweight-charts@4.2.0/dist/lightweight-charts.standalone.production.js:6:128672)
    at fp (https://unpkg.com/lightweight-charts@4.2.0/dist/lightweight-charts.standalone.production.js:6:127898)
    at fp (https://unpkg.com/lightweight-charts@4.2.0/dist/lightweight-charts.standalone.production.js:6:140944)
    at pb (https://unpkg.com/lightweight-charts@4.2.0/dist/lightweight-charts.standalone.production.js:6:144421)
    at <anonymous> (https://unpkg.com/lightweight-charts@4.2.0/dist/lightweight-charts.standalone.production.js:6:144919)
[   33728ms] Uncaught Error: Value is null
    at f (https://unpkg.com/lightweight-charts@4.2.0/dist/lightweight-charts.standalone.production.js:6:2212)
    at Candlestick (https://unpkg.com/lightweight-charts@4.2.0/dist/lightweight-charts.standalone.production.js:6:46283)
    at Hs (https://unpkg.com/lightweight-charts@4.2.0/dist/lightweight-charts.standalone.production.js:6:47531)
    at ne (https://unpkg.com/lightweight-charts@4.2.0/dist/lightweight-charts.standalone.production.js:6:30743)
    at <anonymous> (https://unpkg.com/lightweight-charts@4.2.0/dist/lightweight-charts.standalone.production.js:6:27092)
    at qs (https://unpkg.com/lightweight-charts@4.2.0/dist/lightweight-charts.standalone.production.js:6:27079)
    at Fs (https://unpkg.com/lightweight-charts@4.2.0/dist/lightweight-charts.standalone.production.js:6:24555)
    at gt (https://unpkg.com/lightweight-charts@4.2.0/dist/lightweight-charts.standalone.production.js:6:24390)
    at ms (https://unpkg.com/lightweight-charts@4.2.0/dist/lightweight-charts.standalone.production.js:6:107028)
    at gm (https://unpkg.com/lightweight-charts@4.2.0/dist/lightweight-charts.standalone.production.js:6:128830)
    at dm (https://unpkg.com/lightweight-charts@4.2.0/dist/lightweight-charts.standalone.production.js:6:128672)
    at fp (https://unpkg.com/lightweight-charts@4.2.0/dist/lightweight-charts.standalone.production.js:6:127898)
    at fp (https://unpkg.com/lightweight-charts@4.2.0/dist/lightweight-charts.standalone.production.js:6:140944)
    at pb (https://unpkg.com/lightweight-charts@4.2.0/dist/lightweight-charts.standalone.production.js:6:144421)
    at <anonymous> (https://unpkg.com/lightweight-charts@4.2.0/dist/lightweight-charts.standalone.production.js:6:144919)
[   33742ms] Uncaught Error: Value is null
    at f (https://unpkg.com/lightweight-charts@4.2.0/dist/lightweight-charts.standalone.production.js:6:2212)
    at Candlestick (https://unpkg.com/lightweight-charts@4.2.0/dist/lightweight-charts.standalone.production.js:6:46283)
    at Hs (https://unpkg.com/lightweight-charts@4.2.0/dist/lightweight-charts.standalone.production.js:6:47531)
    at ne (https://unpkg.com/lightweight-charts@4.2.0/dist/lightweight-charts.standalone.production.js:6:30743)
    at <anonymous> (https://unpkg.com/lightweight-charts@4.2.0/dist/lightweight-charts.standalone.production.js:6:27092)
    at qs (https://unpkg.com/lightweight-charts@4.2.0/dist/lightweight-charts.standalone.production.js:6:27079)
    at Fs (https://unpkg.com/lightweight-charts@4.2.0/dist/lightweight-charts.standalone.production.js:6:24555)
    at gt (https://unpkg.com/lightweight-charts@4.2.0/dist/lightweight-charts.standalone.production.js:6:24390)
    at ms (https://unpkg.com/lightweight-charts@4.2.0/dist/lightweight-charts.standalone.production.js:6:107028)
    at gm (https://unpkg.com/lightweight-charts@4.2.0/dist/lightweight-charts.standalone.production.js:6:128830)
    at dm (https://unpkg.com/lightweight-charts@4.2.0/dist/lightweight-charts.standalone.production.js:6:128672)
    at fp (https://unpkg.com/lightweight-charts@4.2.0/dist/lightweight-charts.standalone.production.js:6:127898)
    at fp (https://unpkg.com/lightweight-charts@4.2.0/dist/lightweight-charts.standalone.production.js:6:140944)
    at pb (https://unpkg.com/lightweight-charts@4.2.0/dist/lightweight-charts.standalone.production.js:6:144421)
    at <anonymous> (https://unpkg.com/lightweight-charts@4.2.0/dist/lightweight-charts.standalone.production.js:6:144919)
[   33763ms] Uncaught Error: Value is null
    at f (https://unpkg.com/lightweight-charts@4.2.0/dist/lightweight-charts.standalone.production.js:6:2212)
    at Candlestick (https://unpkg.com/lightweight-charts@4.2.0/dist/lightweight-charts.standalone.production.js:6:46283)
    at Hs (https://unpkg.com/lightweight-charts@4.2.0/dist/lightweight-charts.standalone.production.js:6:47531)
    at ne (https://unpkg.com/lightweight-charts@4.2.0/dist/lightweight-charts.standalone.production.js:6:30743)
    at <anonymous> (https://unpkg.com/lightweight-charts@4.2.0/dist/lightweight-charts.standalone.production.js:6:27092)
    at qs (https://unpkg.com/lightweight-charts@4.2.0/dist/lightweight-charts.standalone.production.js:6:27079)
    at Fs (https://unpkg.com/lightweight-charts@4.2.0/dist/lightweight-charts.standalone.production.js:6:24555)
    at gt (https://unpkg.com/lightweight-charts@4.2.0/dist/lightweight-charts.standalone.production.js:6:24390)
    at ms (https://unpkg.com/lightweight-charts@4.2.0/dist/lightweight-charts.standalone.production.js:6:107028)
    at gm (https://unpkg.com/lightweight-charts@4.2.0/dist/lightweight-charts.standalone.production.js:6:128830)
    at dm (https://unpkg.com/lightweight-charts@4.2.0/dist/lightweight-charts.standalone.production.js:6:128672)
    at fp (https://unpkg.com/lightweight-charts@4.2.0/dist/lightweight-charts.standalone.production.js:6:127898)
    at fp (https://unpkg.com/lightweight-charts@4.2.0/dist/lightweight-charts.standalone.production.js:6:140944)
    at pb (https://unpkg.com/lightweight-charts@4.2.0/dist/lightweight-charts.standalone.production.js:6:144421)
    at <anonymous> (https://unpkg.com/lightweight-charts@4.2.0/dist/lightweight-charts.standalone.production.js:6:144919)
[   33776ms] Uncaught Error: Value is null
    at f (https://unpkg.com/lightweight-charts@4.2.0/dist/lightweight-charts.standalone.production.js:6:2212)
    at Candlestick (https://unpkg.com/lightweight-charts@4.2.0/dist/lightweight-charts.standalone.production.js:6:46283)
    at Hs (https://unpkg.com/lightweight-charts@4.2.0/dist/lightweight-charts.standalone.production.js:6:47531)
    at ne (https://unpkg.com/lightweight-charts@4.2.0/dist/lightweight-charts.standalone.production.js:6:30743)
    at <anonymous> (https://unpkg.com/lightweight-charts@4.2.0/dist/lightweight-charts.standalone.production.js:6:27092)
    at qs (https://unpkg.com/lightweight-charts@4.2.0/dist/lightweight-charts.standalone.production.js:6:27079)
    at Fs (https://unpkg.com/lightweight-charts@4.2.0/dist/lightweight-charts.standalone.production.js:6:24555)
    at gt (https://unpkg.com/lightweight-charts@4.2.0/dist/lightweight-charts.standalone.production.js:6:24390)
    at ms (https://unpkg.com/lightweight-charts@4.2.0/dist/lightweight-charts.standalone.production.js:6:107028)
    at gm (https://unpkg.com/lightweight-charts@4.2.0/dist/lightweight-charts.standalone.production.js:6:128830)
    at dm (https://unpkg.com/lightweight-charts@4.2.0/dist/lightweight-charts.standalone.production.js:6:128672)
    at fp (https://unpkg.com/lightweight-charts@4.2.0/dist/lightweight-charts.standalone.production.js:6:127898)
    at fp (https://unpkg.com/lightweight-charts@4.2.0/dist/lightweight-charts.standalone.production.js:6:140944)
    at pb (https://unpkg.com/lightweight-charts@4.2.0/dist/lightweight-charts.standalone.production.js:6:144421)
    at <anonymous> (https://unpkg.com/lightweight-charts@4.2.0/dist/lightweight-charts.standalone.production.js:6:144919)
[   33793ms] Uncaught Error: Value is null
    at f (https://unpkg.com/lightweight-charts@4.2.0/dist/lightweight-charts.standalone.production.js:6:2212)
    at Candlestick (https://unpkg.com/lightweight-charts@4.2.0/dist/lightweight-charts.standalone.production.js:6:46283)
    at Hs (https://unpkg.com/lightweight-charts@4.2.0/dist/lightweight-charts.standalone.production.js:6:47531)
    at ne (https://unpkg.com/lightweight-charts@4.2.0/dist/lightweight-charts.standalone.production.js:6:30743)
    at <anonymous> (https://unpkg.com/lightweight-charts@4.2.0/dist/lightweight-charts.standalone.production.js:6:27092)
    at qs (https://unpkg.com/lightweight-charts@4.2.0/dist/lightweight-charts.standalone.production.js:6:27079)
    at Fs (https://unpkg.com/lightweight-charts@4.2.0/dist/lightweight-charts.standalone.production.js:6:24555)
    at gt (https://unpkg.com/lightweight-charts@4.2.0/dist/lightweight-charts.standalone.production.js:6:24390)
    at ms (https://unpkg.com/lightweight-charts@4.2.0/dist/lightweight-charts.standalone.production.js:6:107028)
    at gm (https://unpkg.com/lightweight-charts@4.2.0/dist/lightweight-charts.standalone.production.js:6:128830)
    at dm (https://unpkg.com/lightweight-charts@4.2.0/dist/lightweight-charts.standalone.production.js:6:128672)
    at fp (https://unpkg.com/lightweight-charts@4.2.0/dist/lightweight-charts.standalone.production.js:6:127898)
    at fp (https://unpkg.com/lightweight-charts@4.2.0/dist/lightweight-charts.standalone.production.js:6:140944)
    at pb (https://unpkg.com/lightweight-charts@4.2.0/dist/lightweight-charts.standalone.production.js:6:144421)
    at <anonymous> (https://unpkg.com/lightweight-charts@4.2.0/dist/lightweight-charts.standalone.production.js:6:144919)
[   33818ms] Uncaught Error: Value is null
    at f (https://unpkg.com/lightweight-charts@4.2.0/dist/lightweight-charts.standalone.production.js:6:2212)
    at Candlestick (https://unpkg.com/lightweight-charts@4.2.0/dist/lightweight-charts.standalone.production.js:6:46283)
    at Hs (https://unpkg.com/lightweight-charts@4.2.0/dist/lightweight-charts.standalone.production.js:6:47531)
    at ne (https://unpkg.com/lightweight-charts@4.2.0/dist/lightweight-charts.standalone.production.js:6:30743)
    at <anonymous> (https://unpkg.com/lightweight-charts@4.2.0/dist/lightweight-charts.standalone.production.js:6:27092)
    at qs (https://unpkg.com/lightweight-charts@4.2.0/dist/lightweight-charts.standalone.production.js:6:27079)
    at Fs (https://unpkg.com/lightweight-charts@4.2.0/dist/lightweight-charts.standalone.production.js:6:24555)
    at gt (https://unpkg.com/lightweight-charts@4.2.0/dist/lightweight-charts.standalone.production.js:6:24390)
    at ms (https://unpkg.com/lightweight-charts@4.2.0/dist/lightweight-charts.standalone.production.js:6:107028)
    at gm (https://unpkg.com/lightweight-charts@4.2.0/dist/lightweight-charts.standalone.production.js:6:128830)
    at dm (https://unpkg.com/lightweight-charts@4.2.0/dist/lightweight-charts.standalone.production.js:6:128672)
    at fp (https://unpkg.com/lightweight-charts@4.2.0/dist/lightweight-charts.standalone.production.js:6:127898)
    at fp (https://unpkg.com/lightweight-charts@4.2.0/dist/lightweight-charts.standalone.production.js:6:140944)
    at pb (https://unpkg.com/lightweight-charts@4.2.0/dist/lightweight-charts.standalone.production.js:6:144421)
    at <anonymous> (https://unpkg.com/lightweight-charts@4.2.0/dist/lightweight-charts.standalone.production.js:6:144919)
[   33831ms] Uncaught Error: Value is null
    at f (https://unpkg.com/lightweight-charts@4.2.0/dist/lightweight-charts.standalone.production.js:6:2212)
    at Candlestick (https://unpkg.com/lightweight-charts@4.2.0/dist/lightweight-charts.standalone.production.js:6:46283)
    at Hs (https://unpkg.com/lightweight-charts@4.2.0/dist/lightweight-charts.standalone.production.js:6:47531)
    at ne (https://unpkg.com/lightweight-charts@4.2.0/dist/lightweight-charts.standalone.production.js:6:30743)
    at <anonymous> (https://unpkg.com/lightweight-charts@4.2.0/dist/lightweight-charts.standalone.production.js:6:27092)
    at qs (https://unpkg.com/lightweight-charts@4.2.0/dist/lightweight-charts.standalone.production.js:6:27079)
    at Fs (https://unpkg.com/lightweight-charts@4.2.0/dist/lightweight-charts.standalone.production.js:6:24555)
    at gt (https://unpkg.com/lightweight-charts@4.2.0/dist/lightweight-charts.standalone.production.js:6:24390)
    at ms (https://unpkg.com/lightweight-charts@4.2.0/dist/lightweight-charts.standalone.production.js:6:107028)
    at gm (https://unpkg.com/lightweight-charts@4.2.0/dist/lightweight-charts.standalone.production.js:6:128830)
    at dm (https://unpkg.com/lightweight-charts@4.2.0/dist/lightweight-charts.standalone.production.js:6:128672)
    at fp (https://unpkg.com/lightweight-charts@4.2.0/dist/lightweight-charts.standalone.production.js:6:127898)
    at fp (https://unpkg.com/lightweight-charts@4.2.0/dist/lightweight-charts.standalone.production.js:6:140944)
    at pb (https://unpkg.com/lightweight-charts@4.2.0/dist/lightweight-charts.standalone.production.js:6:144421)
    at <anonymous> (https://unpkg.com/lightweight-charts@4.2.0/dist/lightweight-charts.standalone.production.js:6:144919)
[   33851ms] Uncaught Error: Value is null
    at f (https://unpkg.com/lightweight-charts@4.2.0/dist/lightweight-charts.standalone.production.js:6:2212)
    at Candlestick (https://unpkg.com/lightweight-charts@4.2.0/dist/lightweight-charts.standalone.production.js:6:46283)
    at Hs (https://unpkg.com/lightweight-charts@4.2.0/dist/lightweight-charts.standalone.production.js:6:47531)
    at ne (https://unpkg.com/lightweight-charts@4.2.0/dist/lightweight-charts.standalone.production.js:6:30743)
    at <anonymous> (https://unpkg.com/lightweight-charts@4.2.0/dist/lightweight-charts.standalone.production.js:6:27092)
    at qs (https://unpkg.com/lightweight-charts@4.2.0/dist/lightweight-charts.standalone.production.js:6:27079)
    at Fs (https://unpkg.com/lightweight-charts@4.2.0/dist/lightweight-charts.standalone.production.js:6:24555)
    at gt (https://unpkg.com/lightweight-charts@4.2.0/dist/lightweight-charts.standalone.production.js:6:24390)
    at ms (https://unpkg.com/lightweight-charts@4.2.0/dist/lightweight-charts.standalone.production.js:6:107028)
    at gm (https://unpkg.com/lightweight-charts@4.2.0/dist/lightweight-charts.standalone.production.js:6:128830)
    at dm (https://unpkg.com/lightweight-charts@4.2.0/dist/lightweight-charts.standalone.production.js:6:128672)
    at fp (https://unpkg.com/lightweight-charts@4.2.0/dist/lightweight-charts.standalone.production.js:6:127898)
    at fp (https://unpkg.com/lightweight-charts@4.2.0/dist/lightweight-charts.standalone.production.js:6:140944)
    at pb (https://unpkg.com/lightweight-charts@4.2.0/dist/lightweight-charts.standalone.production.js:6:144421)
    at <anonymous> (https://unpkg.com/lightweight-charts@4.2.0/dist/lightweight-charts.standalone.production.js:6:144919)
[   33862ms] Uncaught Error: Value is null
    at f (https://unpkg.com/lightweight-charts@4.2.0/dist/lightweight-charts.standalone.production.js:6:2212)
    at Candlestick (https://unpkg.com/lightweight-charts@4.2.0/dist/lightweight-charts.standalone.production.js:6:46283)
    at Hs (https://unpkg.com/lightweight-charts@4.2.0/dist/lightweight-charts.standalone.production.js:6:47531)
    at ne (https://unpkg.com/lightweight-charts@4.2.0/dist/lightweight-charts.standalone.production.js:6:30743)
    at <anonymous> (https://unpkg.com/lightweight-charts@4.2.0/dist/lightweight-charts.standalone.production.js:6:27092)
    at qs (https://unpkg.com/lightweight-charts@4.2.0/dist/lightweight-charts.standalone.production.js:6:27079)
    at Fs (https://unpkg.com/lightweight-charts@4.2.0/dist/lightweight-charts.standalone.production.js:6:24555)
    at gt (https://unpkg.com/lightweight-charts@4.2.0/dist/lightweight-charts.standalone.production.js:6:24390)
    at ms (https://unpkg.com/lightweight-charts@4.2.0/dist/lightweight-charts.standalone.production.js:6:107028)
    at gm (https://unpkg.com/lightweight-charts@4.2.0/dist/lightweight-charts.standalone.production.js:6:128830)
    at dm (https://unpkg.com/lightweight-charts@4.2.0/dist/lightweight-charts.standalone.production.js:6:128672)
    at fp (https://unpkg.com/lightweight-charts@4.2.0/dist/lightweight-charts.standalone.production.js:6:127898)
    at fp (https://unpkg.com/lightweight-charts@4.2.0/dist/lightweight-charts.standalone.production.js:6:140944)
    at pb (https://unpkg.com/lightweight-charts@4.2.0/dist/lightweight-charts.standalone.production.js:6:144421)
    at <anonymous> (https://unpkg.com/lightweight-charts@4.2.0/dist/lightweight-charts.standalone.production.js:6:144919)
[   33880ms] Uncaught Error: Value is null
    at f (https://unpkg.com/lightweight-charts@4.2.0/dist/lightweight-charts.standalone.production.js:6:2212)
    at Candlestick (https://unpkg.com/lightweight-charts@4.2.0/dist/lightweight-charts.standalone.production.js:6:46283)
    at Hs (https://unpkg.com/lightweight-charts@4.2.0/dist/lightweight-charts.standalone.production.js:6:47531)
    at ne (https://unpkg.com/lightweight-charts@4.2.0/dist/lightweight-charts.standalone.production.js:6:30743)
    at <anonymous> (https://unpkg.com/lightweight-charts@4.2.0/dist/lightweight-charts.standalone.production.js:6:27092)
    at qs (https://unpkg.com/lightweight-charts@4.2.0/dist/lightweight-charts.standalone.production.js:6:27079)
    at Fs (https://unpkg.com/lightweight-charts@4.2.0/dist/lightweight-charts.standalone.production.js:6:24555)
    at gt (https://unpkg.com/lightweight-charts@4.2.0/dist/lightweight-charts.standalone.production.js:6:24390)
    at ms (https://unpkg.com/lightweight-charts@4.2.0/dist/lightweight-charts.standalone.production.js:6:107028)
    at gm (https://unpkg.com/lightweight-charts@4.2.0/dist/lightweight-charts.standalone.production.js:6:128830)
    at dm (https://unpkg.com/lightweight-charts@4.2.0/dist/lightweight-charts.standalone.production.js:6:128672)
    at fp (https://unpkg.com/lightweight-charts@4.2.0/dist/lightweight-charts.standalone.production.js:6:127898)
    at fp (https://unpkg.com/lightweight-charts@4.2.0/dist/lightweight-charts.standalone.production.js:6:140944)
    at pb (https://unpkg.com/lightweight-charts@4.2.0/dist/lightweight-charts.standalone.production.js:6:144421)
    at <anonymous> (https://unpkg.com/lightweight-charts@4.2.0/dist/lightweight-charts.standalone.production.js:6:144919)
[   33911ms] Uncaught Error: Value is null
    at f (https://unpkg.com/lightweight-charts@4.2.0/dist/lightweight-charts.standalone.production.js:6:2212)
    at Candlestick (https://unpkg.com/lightweight-charts@4.2.0/dist/lightweight-charts.standalone.production.js:6:46283)
    at Hs (https://unpkg.com/lightweight-charts@4.2.0/dist/lightweight-charts.standalone.production.js:6:47531)
    at ne (https://unpkg.com/lightweight-charts@4.2.0/dist/lightweight-charts.standalone.production.js:6:30743)
    at <anonymous> (https://unpkg.com/lightweight-charts@4.2.0/dist/lightweight-charts.standalone.production.js:6:27092)
    at qs (https://unpkg.com/lightweight-charts@4.2.0/dist/lightweight-charts.standalone.production.js:6:27079)
    at Fs (https://unpkg.com/lightweight-charts@4.2.0/dist/lightweight-charts.standalone.production.js:6:24555)
    at gt (https://unpkg.com/lightweight-charts@4.2.0/dist/lightweight-charts.standalone.production.js:6:24390)
    at ms (https://unpkg.com/lightweight-charts@4.2.0/dist/lightweight-charts.standalone.production.js:6:107028)
    at gm (https://unpkg.com/lightweight-charts@4.2.0/dist/lightweight-charts.standalone.production.js:6:128830)
    at dm (https://unpkg.com/lightweight-charts@4.2.0/dist/lightweight-charts.standalone.production.js:6:128672)
    at fp (https://unpkg.com/lightweight-charts@4.2.0/dist/lightweight-charts.standalone.production.js:6:127898)
    at fp (https://unpkg.com/lightweight-charts@4.2.0/dist/lightweight-charts.standalone.production.js:6:140944)
    at pb (https://unpkg.com/lightweight-charts@4.2.0/dist/lightweight-charts.standalone.production.js:6:144421)
    at <anonymous> (https://unpkg.com/lightweight-charts@4.2.0/dist/lightweight-charts.standalone.production.js:6:144919)
[   33925ms] Uncaught Error: Value is null
    at f (https://unpkg.com/lightweight-charts@4.2.0/dist/lightweight-charts.standalone.production.js:6:2212)
    at Candlestick (https://unpkg.com/lightweight-charts@4.2.0/dist/lightweight-charts.standalone.production.js:6:46283)
    at Hs (https://unpkg.com/lightweight-charts@4.2.0/dist/lightweight-charts.standalone.production.js:6:47531)
    at ne (https://unpkg.com/lightweight-charts@4.2.0/dist/lightweight-charts.standalone.production.js:6:30743)
    at <anonymous> (https://unpkg.com/lightweight-charts@4.2.0/dist/lightweight-charts.standalone.production.js:6:27092)
    at qs (https://unpkg.com/lightweight-charts@4.2.0/dist/lightweight-charts.standalone.production.js:6:27079)
    at Fs (https://unpkg.com/lightweight-charts@4.2.0/dist/lightweight-charts.standalone.production.js:6:24555)
    at gt (https://unpkg.com/lightweight-charts@4.2.0/dist/lightweight-charts.standalone.production.js:6:24390)
    at ms (https://unpkg.com/lightweight-charts@4.2.0/dist/lightweight-charts.standalone.production.js:6:107028)
    at gm (https://unpkg.com/lightweight-charts@4.2.0/dist/lightweight-charts.standalone.production.js:6:128830)
    at dm (https://unpkg.com/lightweight-charts@4.2.0/dist/lightweight-charts.standalone.production.js:6:128672)
    at fp (https://unpkg.com/lightweight-charts@4.2.0/dist/lightweight-charts.standalone.production.js:6:127898)
    at fp (https://unpkg.com/lightweight-charts@4.2.0/dist/lightweight-charts.standalone.production.js:6:140944)
    at pb (https://unpkg.com/lightweight-charts@4.2.0/dist/lightweight-charts.standalone.production.js:6:144421)
    at <anonymous> (https://unpkg.com/lightweight-charts@4.2.0/dist/lightweight-charts.standalone.production.js:6:144919)
[   33933ms] Uncaught Error: Value is null
    at f (https://unpkg.com/lightweight-charts@4.2.0/dist/lightweight-charts.standalone.production.js:6:2212)
    at Candlestick (https://unpkg.com/lightweight-charts@4.2.0/dist/lightweight-charts.standalone.production.js:6:46283)
    at Hs (https://unpkg.com/lightweight-charts@4.2.0/dist/lightweight-charts.standalone.production.js:6:47531)
    at ne (https://unpkg.com/lightweight-charts@4.2.0/dist/lightweight-charts.standalone.production.js:6:30743)
    at <anonymous> (https://unpkg.com/lightweight-charts@4.2.0/dist/lightweight-charts.standalone.production.js:6:27092)
    at qs (https://unpkg.com/lightweight-charts@4.2.0/dist/lightweight-charts.standalone.production.js:6:27079)
    at Fs (https://unpkg.com/lightweight-charts@4.2.0/dist/lightweight-charts.standalone.production.js:6:24555)
    at gt (https://unpkg.com/lightweight-charts@4.2.0/dist/lightweight-charts.standalone.production.js:6:24390)
    at ms (https://unpkg.com/lightweight-charts@4.2.0/dist/lightweight-charts.standalone.production.js:6:107028)
    at gm (https://unpkg.com/lightweight-charts@4.2.0/dist/lightweight-charts.standalone.production.js:6:128830)
    at dm (https://unpkg.com/lightweight-charts@4.2.0/dist/lightweight-charts.standalone.production.js:6:128672)
    at fp (https://unpkg.com/lightweight-charts@4.2.0/dist/lightweight-charts.standalone.production.js:6:127898)
    at fp (https://unpkg.com/lightweight-charts@4.2.0/dist/lightweight-charts.standalone.production.js:6:140944)
    at pb (https://unpkg.com/lightweight-charts@4.2.0/dist/lightweight-charts.standalone.production.js:6:144421)
    at <anonymous> (https://unpkg.com/lightweight-charts@4.2.0/dist/lightweight-charts.standalone.production.js:6:144919)
[   33945ms] Uncaught Error: Value is null
    at f (https://unpkg.com/lightweight-charts@4.2.0/dist/lightweight-charts.standalone.production.js:6:2212)
    at Candlestick (https://unpkg.com/lightweight-charts@4.2.0/dist/lightweight-charts.standalone.production.js:6:46283)
    at Hs (https://unpkg.com/lightweight-charts@4.2.0/dist/lightweight-charts.standalone.production.js:6:47531)
    at ne (https://unpkg.com/lightweight-charts@4.2.0/dist/lightweight-charts.standalone.production.js:6:30743)
    at <anonymous> (https://unpkg.com/lightweight-charts@4.2.0/dist/lightweight-charts.standalone.production.js:6:27092)
    at qs (https://unpkg.com/lightweight-charts@4.2.0/dist/lightweight-charts.standalone.production.js:6:27079)
    at Fs (https://unpkg.com/lightweight-charts@4.2.0/dist/lightweight-charts.standalone.production.js:6:24555)
    at gt (https://unpkg.com/lightweight-charts@4.2.0/dist/lightweight-charts.standalone.production.js:6:24390)
    at ms (https://unpkg.com/lightweight-charts@4.2.0/dist/lightweight-charts.standalone.production.js:6:107028)
    at gm (https://unpkg.com/lightweight-charts@4.2.0/dist/lightweight-charts.standalone.production.js:6:128830)
    at dm (https://unpkg.com/lightweight-charts@4.2.0/dist/lightweight-charts.standalone.production.js:6:128672)
    at fp (https://unpkg.com/lightweight-charts@4.2.0/dist/lightweight-charts.standalone.production.js:6:127898)
    at fp (https://unpkg.com/lightweight-charts@4.2.0/dist/lightweight-charts.standalone.production.js:6:140944)
    at pb (https://unpkg.com/lightweight-charts@4.2.0/dist/lightweight-charts.standalone.production.js:6:144421)
    at <anonymous> (https://unpkg.com/lightweight-charts@4.2.0/dist/lightweight-charts.standalone.production.js:6:144919)
[   33967ms] Uncaught Error: Value is null
    at f (https://unpkg.com/lightweight-charts@4.2.0/dist/lightweight-charts.standalone.production.js:6:2212)
    at Candlestick (https://unpkg.com/lightweight-charts@4.2.0/dist/lightweight-charts.standalone.production.js:6:46283)
    at Hs (https://unpkg.com/lightweight-charts@4.2.0/dist/lightweight-charts.standalone.production.js:6:47531)
    at ne (https://unpkg.com/lightweight-charts@4.2.0/dist/lightweight-charts.standalone.production.js:6:30743)
    at <anonymous> (https://unpkg.com/lightweight-charts@4.2.0/dist/lightweight-charts.standalone.production.js:6:27092)
    at qs (https://unpkg.com/lightweight-charts@4.2.0/dist/lightweight-charts.standalone.production.js:6:27079)
    at Fs (https://unpkg.com/lightweight-charts@4.2.0/dist/lightweight-charts.standalone.production.js:6:24555)
    at gt (https://unpkg.com/lightweight-charts@4.2.0/dist/lightweight-charts.standalone.production.js:6:24390)
    at ms (https://unpkg.com/lightweight-charts@4.2.0/dist/lightweight-charts.standalone.production.js:6:107028)
    at gm (https://unpkg.com/lightweight-charts@4.2.0/dist/lightweight-charts.standalone.production.js:6:128830)
    at dm (https://unpkg.com/lightweight-charts@4.2.0/dist/lightweight-charts.standalone.production.js:6:128672)
    at fp (https://unpkg.com/lightweight-charts@4.2.0/dist/lightweight-charts.standalone.production.js:6:127898)
    at fp (https://unpkg.com/lightweight-charts@4.2.0/dist/lightweight-charts.standalone.production.js:6:140944)
    at pb (https://unpkg.com/lightweight-charts@4.2.0/dist/lightweight-charts.standalone.production.js:6:144421)
    at <anonymous> (https://unpkg.com/lightweight-charts@4.2.0/dist/lightweight-charts.standalone.production.js:6:144919)
[   33979ms] Uncaught Error: Value is null
    at f (https://unpkg.com/lightweight-charts@4.2.0/dist/lightweight-charts.standalone.production.js:6:2212)
    at Candlestick (https://unpkg.com/lightweight-charts@4.2.0/dist/lightweight-charts.standalone.production.js:6:46283)
    at Hs (https://unpkg.com/lightweight-charts@4.2.0/dist/lightweight-charts.standalone.production.js:6:47531)
    at ne (https://unpkg.com/lightweight-charts@4.2.0/dist/lightweight-charts.standalone.production.js:6:30743)
    at <anonymous> (https://unpkg.com/lightweight-charts@4.2.0/dist/lightweight-charts.standalone.production.js:6:27092)
    at qs (https://unpkg.com/lightweight-charts@4.2.0/dist/lightweight-charts.standalone.production.js:6:27079)
    at Fs (https://unpkg.com/lightweight-charts@4.2.0/dist/lightweight-charts.standalone.production.js:6:24555)
    at gt (https://unpkg.com/lightweight-charts@4.2.0/dist/lightweight-charts.standalone.production.js:6:24390)
    at ms (https://unpkg.com/lightweight-charts@4.2.0/dist/lightweight-charts.standalone.production.js:6:107028)
    at gm (https://unpkg.com/lightweight-charts@4.2.0/dist/lightweight-charts.standalone.production.js:6:128830)
    at dm (https://unpkg.com/lightweight-charts@4.2.0/dist/lightweight-charts.standalone.production.js:6:128672)
    at fp (https://unpkg.com/lightweight-charts@4.2.0/dist/lightweight-charts.standalone.production.js:6:127898)
    at fp (https://unpkg.com/lightweight-charts@4.2.0/dist/lightweight-charts.standalone.production.js:6:140944)
    at pb (https://unpkg.com/lightweight-charts@4.2.0/dist/lightweight-charts.standalone.production.js:6:144421)
    at <anonymous> (https://unpkg.com/lightweight-charts@4.2.0/dist/lightweight-charts.standalone.production.js:6:144919)
[   33993ms] Uncaught Error: Value is null
    at f (https://unpkg.com/lightweight-charts@4.2.0/dist/lightweight-charts.standalone.production.js:6:2212)
    at Candlestick (https://unpkg.com/lightweight-charts@4.2.0/dist/lightweight-charts.standalone.production.js:6:46283)
    at Hs (https://unpkg.com/lightweight-charts@4.2.0/dist/lightweight-charts.standalone.production.js:6:47531)
    at ne (https://unpkg.com/lightweight-charts@4.2.0/dist/lightweight-charts.standalone.production.js:6:30743)
    at <anonymous> (https://unpkg.com/lightweight-charts@4.2.0/dist/lightweight-charts.standalone.production.js:6:27092)
    at qs (https://unpkg.com/lightweight-charts@4.2.0/dist/lightweight-charts.standalone.production.js:6:27079)
    at Fs (https://unpkg.com/lightweight-charts@4.2.0/dist/lightweight-charts.standalone.production.js:6:24555)
    at gt (https://unpkg.com/lightweight-charts@4.2.0/dist/lightweight-charts.standalone.production.js:6:24390)
    at ms (https://unpkg.com/lightweight-charts@4.2.0/dist/lightweight-charts.standalone.production.js:6:107028)
    at gm (https://unpkg.com/lightweight-charts@4.2.0/dist/lightweight-charts.standalone.production.js:6:128830)
    at dm (https://unpkg.com/lightweight-charts@4.2.0/dist/lightweight-charts.standalone.production.js:6:128672)
    at fp (https://unpkg.com/lightweight-charts@4.2.0/dist/lightweight-charts.standalone.production.js:6:127898)
    at fp (https://unpkg.com/lightweight-charts@4.2.0/dist/lightweight-charts.standalone.production.js:6:140944)
    at pb (https://unpkg.com/lightweight-charts@4.2.0/dist/lightweight-charts.standalone.production.js:6:144421)
    at <anonymous> (https://unpkg.com/lightweight-charts@4.2.0/dist/lightweight-charts.standalone.production.js:6:144919)
[   34011ms] Uncaught Error: Value is null
    at f (https://unpkg.com/lightweight-charts@4.2.0/dist/lightweight-charts.standalone.production.js:6:2212)
    at Candlestick (https://unpkg.com/lightweight-charts@4.2.0/dist/lightweight-charts.standalone.production.js:6:46283)
    at Hs (https://unpkg.com/lightweight-charts@4.2.0/dist/lightweight-charts.standalone.production.js:6:47531)
    at ne (https://unpkg.com/lightweight-charts@4.2.0/dist/lightweight-charts.standalone.production.js:6:30743)
    at <anonymous> (https://unpkg.com/lightweight-charts@4.2.0/dist/lightweight-charts.standalone.production.js:6:27092)
    at qs (https://unpkg.com/lightweight-charts@4.2.0/dist/lightweight-charts.standalone.production.js:6:27079)
    at Fs (https://unpkg.com/lightweight-charts@4.2.0/dist/lightweight-charts.standalone.production.js:6:24555)
    at gt (https://unpkg.com/lightweight-charts@4.2.0/dist/lightweight-charts.standalone.production.js:6:24390)
    at ms (https://unpkg.com/lightweight-charts@4.2.0/dist/lightweight-charts.standalone.production.js:6:107028)
    at gm (https://unpkg.com/lightweight-charts@4.2.0/dist/lightweight-charts.standalone.production.js:6:128830)
    at dm (https://unpkg.com/lightweight-charts@4.2.0/dist/lightweight-charts.standalone.production.js:6:128672)
    at fp (https://unpkg.com/lightweight-charts@4.2.0/dist/lightweight-charts.standalone.production.js:6:127898)
    at fp (https://unpkg.com/lightweight-charts@4.2.0/dist/lightweight-charts.standalone.production.js:6:140944)
    at pb (https://unpkg.com/lightweight-charts@4.2.0/dist/lightweight-charts.standalone.production.js:6:144421)
    at <anonymous> (https://unpkg.com/lightweight-charts@4.2.0/dist/lightweight-charts.standalone.production.js:6:144919)
[   34034ms] Uncaught Error: Value is null
    at f (https://unpkg.com/lightweight-charts@4.2.0/dist/lightweight-charts.standalone.production.js:6:2212)
    at Candlestick (https://unpkg.com/lightweight-charts@4.2.0/dist/lightweight-charts.standalone.production.js:6:46283)
    at Hs (https://unpkg.com/lightweight-charts@4.2.0/dist/lightweight-charts.standalone.production.js:6:47531)
    at ne (https://unpkg.com/lightweight-charts@4.2.0/dist/lightweight-charts.standalone.production.js:6:30743)
    at <anonymous> (https://unpkg.com/lightweight-charts@4.2.0/dist/lightweight-charts.standalone.production.js:6:27092)
    at qs (https://unpkg.com/lightweight-charts@4.2.0/dist/lightweight-charts.standalone.production.js:6:27079)
    at Fs (https://unpkg.com/lightweight-charts@4.2.0/dist/lightweight-charts.standalone.production.js:6:24555)
    at gt (https://unpkg.com/lightweight-charts@4.2.0/dist/lightweight-charts.standalone.production.js:6:24390)
    at ms (https://unpkg.com/lightweight-charts@4.2.0/dist/lightweight-charts.standalone.production.js:6:107028)
    at gm (https://unpkg.com/lightweight-charts@4.2.0/dist/lightweight-charts.standalone.production.js:6:128830)
    at dm (https://unpkg.com/lightweight-charts@4.2.0/dist/lightweight-charts.standalone.production.js:6:128672)
    at fp (https://unpkg.com/lightweight-charts@4.2.0/dist/lightweight-charts.standalone.production.js:6:127898)
    at fp (https://unpkg.com/lightweight-charts@4.2.0/dist/lightweight-charts.standalone.production.js:6:140944)
    at pb (https://unpkg.com/lightweight-charts@4.2.0/dist/lightweight-charts.standalone.production.js:6:144421)
    at <anonymous> (https://unpkg.com/lightweight-charts@4.2.0/dist/lightweight-charts.standalone.production.js:6:144919)
[   34046ms] Uncaught Error: Value is null
    at f (https://unpkg.com/lightweight-charts@4.2.0/dist/lightweight-charts.standalone.production.js:6:2212)
    at Candlestick (https://unpkg.com/lightweight-charts@4.2.0/dist/lightweight-charts.standalone.production.js:6:46283)
    at Hs (https://unpkg.com/lightweight-charts@4.2.0/dist/lightweight-charts.standalone.production.js:6:47531)
    at ne (https://unpkg.com/lightweight-charts@4.2.0/dist/lightweight-charts.standalone.production.js:6:30743)
    at <anonymous> (https://unpkg.com/lightweight-charts@4.2.0/dist/lightweight-charts.standalone.production.js:6:27092)
    at qs (https://unpkg.com/lightweight-charts@4.2.0/dist/lightweight-charts.standalone.production.js:6:27079)
    at Fs (https://unpkg.com/lightweight-charts@4.2.0/dist/lightweight-charts.standalone.production.js:6:24555)
    at gt (https://unpkg.com/lightweight-charts@4.2.0/dist/lightweight-charts.standalone.production.js:6:24390)
    at ms (https://unpkg.com/lightweight-charts@4.2.0/dist/lightweight-charts.standalone.production.js:6:107028)
    at gm (https://unpkg.com/lightweight-charts@4.2.0/dist/lightweight-charts.standalone.production.js:6:128830)
    at dm (https://unpkg.com/lightweight-charts@4.2.0/dist/lightweight-charts.standalone.production.js:6:128672)
    at fp (https://unpkg.com/lightweight-charts@4.2.0/dist/lightweight-charts.standalone.production.js:6:127898)
    at fp (https://unpkg.com/lightweight-charts@4.2.0/dist/lightweight-charts.standalone.production.js:6:140944)
    at pb (https://unpkg.com/lightweight-charts@4.2.0/dist/lightweight-charts.standalone.production.js:6:144421)
    at <anonymous> (https://unpkg.com/lightweight-charts@4.2.0/dist/lightweight-charts.standalone.production.js:6:144919)
[   34061ms] Uncaught Error: Value is null
    at f (https://unpkg.com/lightweight-charts@4.2.0/dist/lightweight-charts.standalone.production.js:6:2212)
    at Candlestick (https://unpkg.com/lightweight-charts@4.2.0/dist/lightweight-charts.standalone.production.js:6:46283)
    at Hs (https://unpkg.com/lightweight-charts@4.2.0/dist/lightweight-charts.standalone.production.js:6:47531)
    at ne (https://unpkg.com/lightweight-charts@4.2.0/dist/lightweight-charts.standalone.production.js:6:30743)
    at <anonymous> (https://unpkg.com/lightweight-charts@4.2.0/dist/lightweight-charts.standalone.production.js:6:27092)
    at qs (https://unpkg.com/lightweight-charts@4.2.0/dist/lightweight-charts.standalone.production.js:6:27079)
    at Fs (https://unpkg.com/lightweight-charts@4.2.0/dist/lightweight-charts.standalone.production.js:6:24555)
    at gt (https://unpkg.com/lightweight-charts@4.2.0/dist/lightweight-charts.standalone.production.js:6:24390)
    at ms (https://unpkg.com/lightweight-charts@4.2.0/dist/lightweight-charts.standalone.production.js:6:107028)
    at gm (https://unpkg.com/lightweight-charts@4.2.0/dist/lightweight-charts.standalone.production.js:6:128830)
    at dm (https://unpkg.com/lightweight-charts@4.2.0/dist/lightweight-charts.standalone.production.js:6:128672)
    at fp (https://unpkg.com/lightweight-charts@4.2.0/dist/lightweight-charts.standalone.production.js:6:127898)
    at fp (https://unpkg.com/lightweight-charts@4.2.0/dist/lightweight-charts.standalone.production.js:6:140944)
    at pb (https://unpkg.com/lightweight-charts@4.2.0/dist/lightweight-charts.standalone.production.js:6:144421)
    at <anonymous> (https://unpkg.com/lightweight-charts@4.2.0/dist/lightweight-charts.standalone.production.js:6:144919)
[   34076ms] Uncaught Error: Value is null
    at f (https://unpkg.com/lightweight-charts@4.2.0/dist/lightweight-charts.standalone.production.js:6:2212)
    at Candlestick (https://unpkg.com/lightweight-charts@4.2.0/dist/lightweight-charts.standalone.production.js:6:46283)
    at Hs (https://unpkg.com/lightweight-charts@4.2.0/dist/lightweight-charts.standalone.production.js:6:47531)
    at ne (https://unpkg.com/lightweight-charts@4.2.0/dist/lightweight-charts.standalone.production.js:6:30743)
    at <anonymous> (https://unpkg.com/lightweight-charts@4.2.0/dist/lightweight-charts.standalone.production.js:6:27092)
    at qs (https://unpkg.com/lightweight-charts@4.2.0/dist/lightweight-charts.standalone.production.js:6:27079)
    at Fs (https://unpkg.com/lightweight-charts@4.2.0/dist/lightweight-charts.standalone.production.js:6:24555)
    at gt (https://unpkg.com/lightweight-charts@4.2.0/dist/lightweight-charts.standalone.production.js:6:24390)
    at ms (https://unpkg.com/lightweight-charts@4.2.0/dist/lightweight-charts.standalone.production.js:6:107028)
    at gm (https://unpkg.com/lightweight-charts@4.2.0/dist/lightweight-charts.standalone.production.js:6:128830)
    at dm (https://unpkg.com/lightweight-charts@4.2.0/dist/lightweight-charts.standalone.production.js:6:128672)
    at fp (https://unpkg.com/lightweight-charts@4.2.0/dist/lightweight-charts.standalone.production.js:6:127898)
    at fp (https://unpkg.com/lightweight-charts@4.2.0/dist/lightweight-charts.standalone.production.js:6:140944)
    at pb (https://unpkg.com/lightweight-charts@4.2.0/dist/lightweight-charts.standalone.production.js:6:144421)
    at <anonymous> (https://unpkg.com/lightweight-charts@4.2.0/dist/lightweight-charts.standalone.production.js:6:144919)
[   34112ms] Uncaught Error: Value is null
    at f (https://unpkg.com/lightweight-charts@4.2.0/dist/lightweight-charts.standalone.production.js:6:2212)
    at Candlestick (https://unpkg.com/lightweight-charts@4.2.0/dist/lightweight-charts.standalone.production.js:6:46283)
    at Hs (https://unpkg.com/lightweight-charts@4.2.0/dist/lightweight-charts.standalone.production.js:6:47531)
    at ne (https://unpkg.com/lightweight-charts@4.2.0/dist/lightweight-charts.standalone.production.js:6:30743)
    at <anonymous> (https://unpkg.com/lightweight-charts@4.2.0/dist/lightweight-charts.standalone.production.js:6:27092)
    at qs (https://unpkg.com/lightweight-charts@4.2.0/dist/lightweight-charts.standalone.production.js:6:27079)
    at Fs (https://unpkg.com/lightweight-charts@4.2.0/dist/lightweight-charts.standalone.production.js:6:24555)
    at gt (https://unpkg.com/lightweight-charts@4.2.0/dist/lightweight-charts.standalone.production.js:6:24390)
    at ms (https://unpkg.com/lightweight-charts@4.2.0/dist/lightweight-charts.standalone.production.js:6:107028)
    at gm (https://unpkg.com/lightweight-charts@4.2.0/dist/lightweight-charts.standalone.production.js:6:128830)
    at dm (https://unpkg.com/lightweight-charts@4.2.0/dist/lightweight-charts.standalone.production.js:6:128672)
    at fp (https://unpkg.com/lightweight-charts@4.2.0/dist/lightweight-charts.standalone.production.js:6:127898)
    at fp (https://unpkg.com/lightweight-charts@4.2.0/dist/lightweight-charts.standalone.production.js:6:140944)
    at pb (https://unpkg.com/lightweight-charts@4.2.0/dist/lightweight-charts.standalone.production.js:6:144421)
    at <anonymous> (https://unpkg.com/lightweight-charts@4.2.0/dist/lightweight-charts.standalone.production.js:6:144919)
[   34145ms] Uncaught Error: Value is null
    at f (https://unpkg.com/lightweight-charts@4.2.0/dist/lightweight-charts.standalone.production.js:6:2212)
    at Candlestick (https://unpkg.com/lightweight-charts@4.2.0/dist/lightweight-charts.standalone.production.js:6:46283)
    at Hs (https://unpkg.com/lightweight-charts@4.2.0/dist/lightweight-charts.standalone.production.js:6:47531)
    at ne (https://unpkg.com/lightweight-charts@4.2.0/dist/lightweight-charts.standalone.production.js:6:30743)
    at <anonymous> (https://unpkg.com/lightweight-charts@4.2.0/dist/lightweight-charts.standalone.production.js:6:27092)
    at qs (https://unpkg.com/lightweight-charts@4.2.0/dist/lightweight-charts.standalone.production.js:6:27079)
    at Fs (https://unpkg.com/lightweight-charts@4.2.0/dist/lightweight-charts.standalone.production.js:6:24555)
    at gt (https://unpkg.com/lightweight-charts@4.2.0/dist/lightweight-charts.standalone.production.js:6:24390)
    at ms (https://unpkg.com/lightweight-charts@4.2.0/dist/lightweight-charts.standalone.production.js:6:107028)
    at gm (https://unpkg.com/lightweight-charts@4.2.0/dist/lightweight-charts.standalone.production.js:6:128830)
    at dm (https://unpkg.com/lightweight-charts@4.2.0/dist/lightweight-charts.standalone.production.js:6:128672)
    at fp (https://unpkg.com/lightweight-charts@4.2.0/dist/lightweight-charts.standalone.production.js:6:127898)
    at fp (https://unpkg.com/lightweight-charts@4.2.0/dist/lightweight-charts.standalone.production.js:6:140944)
    at pb (https://unpkg.com/lightweight-charts@4.2.0/dist/lightweight-charts.standalone.production.js:6:144421)
    at <anonymous> (https://unpkg.com/lightweight-charts@4.2.0/dist/lightweight-charts.standalone.production.js:6:144919)
[   34146ms] Uncaught Error: Value is null
    at f (https://unpkg.com/lightweight-charts@4.2.0/dist/lightweight-charts.standalone.production.js:6:2212)
    at Candlestick (https://unpkg.com/lightweight-charts@4.2.0/dist/lightweight-charts.standalone.production.js:6:46283)
    at Hs (https://unpkg.com/lightweight-charts@4.2.0/dist/lightweight-charts.standalone.production.js:6:47531)
    at ne (https://unpkg.com/lightweight-charts@4.2.0/dist/lightweight-charts.standalone.production.js:6:30743)
    at <anonymous> (https://unpkg.com/lightweight-charts@4.2.0/dist/lightweight-charts.standalone.production.js:6:27092)
    at qs (https://unpkg.com/lightweight-charts@4.2.0/dist/lightweight-charts.standalone.production.js:6:27079)
    at Fs (https://unpkg.com/lightweight-charts@4.2.0/dist/lightweight-charts.standalone.production.js:6:24555)
    at gt (https://unpkg.com/lightweight-charts@4.2.0/dist/lightweight-charts.standalone.production.js:6:24390)
    at ms (https://unpkg.com/lightweight-charts@4.2.0/dist/lightweight-charts.standalone.production.js:6:107028)
    at gm (https://unpkg.com/lightweight-charts@4.2.0/dist/lightweight-charts.standalone.production.js:6:128830)
    at dm (https://unpkg.com/lightweight-charts@4.2.0/dist/lightweight-charts.standalone.production.js:6:128672)
    at fp (https://unpkg.com/lightweight-charts@4.2.0/dist/lightweight-charts.standalone.production.js:6:127898)
    at fp (https://unpkg.com/lightweight-charts@4.2.0/dist/lightweight-charts.standalone.production.js:6:140944)
    at pb (https://unpkg.com/lightweight-charts@4.2.0/dist/lightweight-charts.standalone.production.js:6:144421)
    at <anonymous> (https://unpkg.com/lightweight-charts@4.2.0/dist/lightweight-charts.standalone.production.js:6:144919)
[   34165ms] Uncaught Error: Value is null
    at f (https://unpkg.com/lightweight-charts@4.2.0/dist/lightweight-charts.standalone.production.js:6:2212)
    at Candlestick (https://unpkg.com/lightweight-charts@4.2.0/dist/lightweight-charts.standalone.production.js:6:46283)
    at Hs (https://unpkg.com/lightweight-charts@4.2.0/dist/lightweight-charts.standalone.production.js:6:47531)
    at ne (https://unpkg.com/lightweight-charts@4.2.0/dist/lightweight-charts.standalone.production.js:6:30743)
    at <anonymous> (https://unpkg.com/lightweight-charts@4.2.0/dist/lightweight-charts.standalone.production.js:6:27092)
    at qs (https://unpkg.com/lightweight-charts@4.2.0/dist/lightweight-charts.standalone.production.js:6:27079)
    at Fs (https://unpkg.com/lightweight-charts@4.2.0/dist/lightweight-charts.standalone.production.js:6:24555)
    at gt (https://unpkg.com/lightweight-charts@4.2.0/dist/lightweight-charts.standalone.production.js:6:24390)
    at ms (https://unpkg.com/lightweight-charts@4.2.0/dist/lightweight-charts.standalone.production.js:6:107028)
    at gm (https://unpkg.com/lightweight-charts@4.2.0/dist/lightweight-charts.standalone.production.js:6:128830)
    at dm (https://unpkg.com/lightweight-charts@4.2.0/dist/lightweight-charts.standalone.production.js:6:128672)
    at fp (https://unpkg.com/lightweight-charts@4.2.0/dist/lightweight-charts.standalone.production.js:6:127898)
    at fp (https://unpkg.com/lightweight-charts@4.2.0/dist/lightweight-charts.standalone.production.js:6:140944)
    at pb (https://unpkg.com/lightweight-charts@4.2.0/dist/lightweight-charts.standalone.production.js:6:144421)
    at <anonymous> (https://unpkg.com/lightweight-charts@4.2.0/dist/lightweight-charts.standalone.production.js:6:144919)
[   34178ms] Uncaught Error: Value is null
    at f (https://unpkg.com/lightweight-charts@4.2.0/dist/lightweight-charts.standalone.production.js:6:2212)
    at Candlestick (https://unpkg.com/lightweight-charts@4.2.0/dist/lightweight-charts.standalone.production.js:6:46283)
    at Hs (https://unpkg.com/lightweight-charts@4.2.0/dist/lightweight-charts.standalone.production.js:6:47531)
    at ne (https://unpkg.com/lightweight-charts@4.2.0/dist/lightweight-charts.standalone.production.js:6:30743)
    at <anonymous> (https://unpkg.com/lightweight-charts@4.2.0/dist/lightweight-charts.standalone.production.js:6:27092)
    at qs (https://unpkg.com/lightweight-charts@4.2.0/dist/lightweight-charts.standalone.production.js:6:27079)
    at Fs (https://unpkg.com/lightweight-charts@4.2.0/dist/lightweight-charts.standalone.production.js:6:24555)
    at gt (https://unpkg.com/lightweight-charts@4.2.0/dist/lightweight-charts.standalone.production.js:6:24390)
    at ms (https://unpkg.com/lightweight-charts@4.2.0/dist/lightweight-charts.standalone.production.js:6:107028)
    at gm (https://unpkg.com/lightweight-charts@4.2.0/dist/lightweight-charts.standalone.production.js:6:128830)
    at dm (https://unpkg.com/lightweight-charts@4.2.0/dist/lightweight-charts.standalone.production.js:6:128672)
    at fp (https://unpkg.com/lightweight-charts@4.2.0/dist/lightweight-charts.standalone.production.js:6:127898)
    at fp (https://unpkg.com/lightweight-charts@4.2.0/dist/lightweight-charts.standalone.production.js:6:140944)
    at pb (https://unpkg.com/lightweight-charts@4.2.0/dist/lightweight-charts.standalone.production.js:6:144421)
    at <anonymous> (https://unpkg.com/lightweight-charts@4.2.0/dist/lightweight-charts.standalone.production.js:6:144919)
[   34247ms] Uncaught Error: Value is null
    at f (https://unpkg.com/lightweight-charts@4.2.0/dist/lightweight-charts.standalone.production.js:6:2212)
    at Candlestick (https://unpkg.com/lightweight-charts@4.2.0/dist/lightweight-charts.standalone.production.js:6:46283)
    at Hs (https://unpkg.com/lightweight-charts@4.2.0/dist/lightweight-charts.standalone.production.js:6:47531)
    at ne (https://unpkg.com/lightweight-charts@4.2.0/dist/lightweight-charts.standalone.production.js:6:30743)
    at <anonymous> (https://unpkg.com/lightweight-charts@4.2.0/dist/lightweight-charts.standalone.production.js:6:27092)
    at qs (https://unpkg.com/lightweight-charts@4.2.0/dist/lightweight-charts.standalone.production.js:6:27079)
    at Fs (https://unpkg.com/lightweight-charts@4.2.0/dist/lightweight-charts.standalone.production.js:6:24555)
    at gt (https://unpkg.com/lightweight-charts@4.2.0/dist/lightweight-charts.standalone.production.js:6:24390)
    at ms (https://unpkg.com/lightweight-charts@4.2.0/dist/lightweight-charts.standalone.production.js:6:107028)
    at gm (https://unpkg.com/lightweight-charts@4.2.0/dist/lightweight-charts.standalone.production.js:6:128830)
    at dm (https://unpkg.com/lightweight-charts@4.2.0/dist/lightweight-charts.standalone.production.js:6:128672)
    at fp (https://unpkg.com/lightweight-charts@4.2.0/dist/lightweight-charts.standalone.production.js:6:127898)
    at fp (https://unpkg.com/lightweight-charts@4.2.0/dist/lightweight-charts.standalone.production.js:6:140944)
    at pb (https://unpkg.com/lightweight-charts@4.2.0/dist/lightweight-charts.standalone.production.js:6:144421)
    at <anonymous> (https://unpkg.com/lightweight-charts@4.2.0/dist/lightweight-charts.standalone.production.js:6:144919)
[   34407ms] Uncaught Error: Value is null
    at f (https://unpkg.com/lightweight-charts@4.2.0/dist/lightweight-charts.standalone.production.js:6:2212)
    at Candlestick (https://unpkg.com/lightweight-charts@4.2.0/dist/lightweight-charts.standalone.production.js:6:46283)
    at Hs (https://unpkg.com/lightweight-charts@4.2.0/dist/lightweight-charts.standalone.production.js:6:47531)
    at ne (https://unpkg.com/lightweight-charts@4.2.0/dist/lightweight-charts.standalone.production.js:6:30743)
    at <anonymous> (https://unpkg.com/lightweight-charts@4.2.0/dist/lightweight-charts.standalone.production.js:6:27092)
    at qs (https://unpkg.com/lightweight-charts@4.2.0/dist/lightweight-charts.standalone.production.js:6:27079)
    at Fs (https://unpkg.com/lightweight-charts@4.2.0/dist/lightweight-charts.standalone.production.js:6:24555)
    at gt (https://unpkg.com/lightweight-charts@4.2.0/dist/lightweight-charts.standalone.production.js:6:24390)
    at ms (https://unpkg.com/lightweight-charts@4.2.0/dist/lightweight-charts.standalone.production.js:6:107028)
    at gm (https://unpkg.com/lightweight-charts@4.2.0/dist/lightweight-charts.standalone.production.js:6:128830)
    at dm (https://unpkg.com/lightweight-charts@4.2.0/dist/lightweight-charts.standalone.production.js:6:128672)
    at fp (https://unpkg.com/lightweight-charts@4.2.0/dist/lightweight-charts.standalone.production.js:6:127898)
    at fp (https://unpkg.com/lightweight-charts@4.2.0/dist/lightweight-charts.standalone.production.js:6:140944)
    at pb (https://unpkg.com/lightweight-charts@4.2.0/dist/lightweight-charts.standalone.production.js:6:144421)
    at <anonymous> (https://unpkg.com/lightweight-charts@4.2.0/dist/lightweight-charts.standalone.production.js:6:144919)
[   34429ms] Uncaught Error: Value is null
    at f (https://unpkg.com/lightweight-charts@4.2.0/dist/lightweight-charts.standalone.production.js:6:2212)
    at Candlestick (https://unpkg.com/lightweight-charts@4.2.0/dist/lightweight-charts.standalone.production.js:6:46283)
    at Hs (https://unpkg.com/lightweight-charts@4.2.0/dist/lightweight-charts.standalone.production.js:6:47531)
    at ne (https://unpkg.com/lightweight-charts@4.2.0/dist/lightweight-charts.standalone.production.js:6:30743)
    at <anonymous> (https://unpkg.com/lightweight-charts@4.2.0/dist/lightweight-charts.standalone.production.js:6:27092)
    at qs (https://unpkg.com/lightweight-charts@4.2.0/dist/lightweight-charts.standalone.production.js:6:27079)
    at Fs (https://unpkg.com/lightweight-charts@4.2.0/dist/lightweight-charts.standalone.production.js:6:24555)
    at gt (https://unpkg.com/lightweight-charts@4.2.0/dist/lightweight-charts.standalone.production.js:6:24390)
    at ms (https://unpkg.com/lightweight-charts@4.2.0/dist/lightweight-charts.standalone.production.js:6:107028)
    at gm (https://unpkg.com/lightweight-charts@4.2.0/dist/lightweight-charts.standalone.production.js:6:128830)
    at dm (https://unpkg.com/lightweight-charts@4.2.0/dist/lightweight-charts.standalone.production.js:6:128672)
    at fp (https://unpkg.com/lightweight-charts@4.2.0/dist/lightweight-charts.standalone.production.js:6:127898)
    at fp (https://unpkg.com/lightweight-charts@4.2.0/dist/lightweight-charts.standalone.production.js:6:140944)
    at pb (https://unpkg.com/lightweight-charts@4.2.0/dist/lightweight-charts.standalone.production.js:6:144421)
    at <anonymous> (https://unpkg.com/lightweight-charts@4.2.0/dist/lightweight-charts.standalone.production.js:6:144919)
[   34461ms] Uncaught Error: Value is null
    at f (https://unpkg.com/lightweight-charts@4.2.0/dist/lightweight-charts.standalone.production.js:6:2212)
    at Candlestick (https://unpkg.com/lightweight-charts@4.2.0/dist/lightweight-charts.standalone.production.js:6:46283)
    at Hs (https://unpkg.com/lightweight-charts@4.2.0/dist/lightweight-charts.standalone.production.js:6:47531)
    at ne (https://unpkg.com/lightweight-charts@4.2.0/dist/lightweight-charts.standalone.production.js:6:30743)
    at <anonymous> (https://unpkg.com/lightweight-charts@4.2.0/dist/lightweight-charts.standalone.production.js:6:27092)
    at qs (https://unpkg.com/lightweight-charts@4.2.0/dist/lightweight-charts.standalone.production.js:6:27079)
    at Fs (https://unpkg.com/lightweight-charts@4.2.0/dist/lightweight-charts.standalone.production.js:6:24555)
    at gt (https://unpkg.com/lightweight-charts@4.2.0/dist/lightweight-charts.standalone.production.js:6:24390)
    at ms (https://unpkg.com/lightweight-charts@4.2.0/dist/lightweight-charts.standalone.production.js:6:107028)
    at gm (https://unpkg.com/lightweight-charts@4.2.0/dist/lightweight-charts.standalone.production.js:6:128830)
    at dm (https://unpkg.com/lightweight-charts@4.2.0/dist/lightweight-charts.standalone.production.js:6:128672)
    at fp (https://unpkg.com/lightweight-charts@4.2.0/dist/lightweight-charts.standalone.production.js:6:127898)
    at fp (https://unpkg.com/lightweight-charts@4.2.0/dist/lightweight-charts.standalone.production.js:6:140944)
    at pb (https://unpkg.com/lightweight-charts@4.2.0/dist/lightweight-charts.standalone.production.js:6:144421)
    at <anonymous> (https://unpkg.com/lightweight-charts@4.2.0/dist/lightweight-charts.standalone.production.js:6:144919)
[   34477ms] Uncaught Error: Value is null
    at f (https://unpkg.com/lightweight-charts@4.2.0/dist/lightweight-charts.standalone.production.js:6:2212)
    at Candlestick (https://unpkg.com/lightweight-charts@4.2.0/dist/lightweight-charts.standalone.production.js:6:46283)
    at Hs (https://unpkg.com/lightweight-charts@4.2.0/dist/lightweight-charts.standalone.production.js:6:47531)
    at ne (https://unpkg.com/lightweight-charts@4.2.0/dist/lightweight-charts.standalone.production.js:6:30743)
    at <anonymous> (https://unpkg.com/lightweight-charts@4.2.0/dist/lightweight-charts.standalone.production.js:6:27092)
    at qs (https://unpkg.com/lightweight-charts@4.2.0/dist/lightweight-charts.standalone.production.js:6:27079)
    at Fs (https://unpkg.com/lightweight-charts@4.2.0/dist/lightweight-charts.standalone.production.js:6:24555)
    at gt (https://unpkg.com/lightweight-charts@4.2.0/dist/lightweight-charts.standalone.production.js:6:24390)
    at ms (https://unpkg.com/lightweight-charts@4.2.0/dist/lightweight-charts.standalone.production.js:6:107028)
    at gm (https://unpkg.com/lightweight-charts@4.2.0/dist/lightweight-charts.standalone.production.js:6:128830)
    at dm (https://unpkg.com/lightweight-charts@4.2.0/dist/lightweight-charts.standalone.production.js:6:128672)
    at fp (https://unpkg.com/lightweight-charts@4.2.0/dist/lightweight-charts.standalone.production.js:6:127898)
    at fp (https://unpkg.com/lightweight-charts@4.2.0/dist/lightweight-charts.standalone.production.js:6:140944)
    at pb (https://unpkg.com/lightweight-charts@4.2.0/dist/lightweight-charts.standalone.production.js:6:144421)
    at <anonymous> (https://unpkg.com/lightweight-charts@4.2.0/dist/lightweight-charts.standalone.production.js:6:144919)
[   34496ms] Uncaught Error: Value is null
    at f (https://unpkg.com/lightweight-charts@4.2.0/dist/lightweight-charts.standalone.production.js:6:2212)
    at Candlestick (https://unpkg.com/lightweight-charts@4.2.0/dist/lightweight-charts.standalone.production.js:6:46283)
    at Hs (https://unpkg.com/lightweight-charts@4.2.0/dist/lightweight-charts.standalone.production.js:6:47531)
    at ne (https://unpkg.com/lightweight-charts@4.2.0/dist/lightweight-charts.standalone.production.js:6:30743)
    at <anonymous> (https://unpkg.com/lightweight-charts@4.2.0/dist/lightweight-charts.standalone.production.js:6:27092)
    at qs (https://unpkg.com/lightweight-charts@4.2.0/dist/lightweight-charts.standalone.production.js:6:27079)
    at Fs (https://unpkg.com/lightweight-charts@4.2.0/dist/lightweight-charts.standalone.production.js:6:24555)
    at gt (https://unpkg.com/lightweight-charts@4.2.0/dist/lightweight-charts.standalone.production.js:6:24390)
    at ms (https://unpkg.com/lightweight-charts@4.2.0/dist/lightweight-charts.standalone.production.js:6:107028)
    at gm (https://unpkg.com/lightweight-charts@4.2.0/dist/lightweight-charts.standalone.production.js:6:128830)
    at dm (https://unpkg.com/lightweight-charts@4.2.0/dist/lightweight-charts.standalone.production.js:6:128672)
    at fp (https://unpkg.com/lightweight-charts@4.2.0/dist/lightweight-charts.standalone.production.js:6:127898)
    at fp (https://unpkg.com/lightweight-charts@4.2.0/dist/lightweight-charts.standalone.production.js:6:140944)
    at pb (https://unpkg.com/lightweight-charts@4.2.0/dist/lightweight-charts.standalone.production.js:6:144421)
    at <anonymous> (https://unpkg.com/lightweight-charts@4.2.0/dist/lightweight-charts.standalone.production.js:6:144919)
[   34509ms] Uncaught Error: Value is null
    at f (https://unpkg.com/lightweight-charts@4.2.0/dist/lightweight-charts.standalone.production.js:6:2212)
    at Candlestick (https://unpkg.com/lightweight-charts@4.2.0/dist/lightweight-charts.standalone.production.js:6:46283)
    at Hs (https://unpkg.com/lightweight-charts@4.2.0/dist/lightweight-charts.standalone.production.js:6:47531)
    at ne (https://unpkg.com/lightweight-charts@4.2.0/dist/lightweight-charts.standalone.production.js:6:30743)
    at <anonymous> (https://unpkg.com/lightweight-charts@4.2.0/dist/lightweight-charts.standalone.production.js:6:27092)
    at qs (https://unpkg.com/lightweight-charts@4.2.0/dist/lightweight-charts.standalone.production.js:6:27079)
    at Fs (https://unpkg.com/lightweight-charts@4.2.0/dist/lightweight-charts.standalone.production.js:6:24555)
    at gt (https://unpkg.com/lightweight-charts@4.2.0/dist/lightweight-charts.standalone.production.js:6:24390)
    at ms (https://unpkg.com/lightweight-charts@4.2.0/dist/lightweight-charts.standalone.production.js:6:107028)
    at gm (https://unpkg.com/lightweight-charts@4.2.0/dist/lightweight-charts.standalone.production.js:6:128830)
    at dm (https://unpkg.com/lightweight-charts@4.2.0/dist/lightweight-charts.standalone.production.js:6:128672)
    at fp (https://unpkg.com/lightweight-charts@4.2.0/dist/lightweight-charts.standalone.production.js:6:127898)
    at fp (https://unpkg.com/lightweight-charts@4.2.0/dist/lightweight-charts.standalone.production.js:6:140944)
    at pb (https://unpkg.com/lightweight-charts@4.2.0/dist/lightweight-charts.standalone.production.js:6:144421)
    at <anonymous> (https://unpkg.com/lightweight-charts@4.2.0/dist/lightweight-charts.standalone.production.js:6:144919)
[   34527ms] Uncaught Error: Value is null
    at f (https://unpkg.com/lightweight-charts@4.2.0/dist/lightweight-charts.standalone.production.js:6:2212)
    at Candlestick (https://unpkg.com/lightweight-charts@4.2.0/dist/lightweight-charts.standalone.production.js:6:46283)
    at Hs (https://unpkg.com/lightweight-charts@4.2.0/dist/lightweight-charts.standalone.production.js:6:47531)
    at ne (https://unpkg.com/lightweight-charts@4.2.0/dist/lightweight-charts.standalone.production.js:6:30743)
    at <anonymous> (https://unpkg.com/lightweight-charts@4.2.0/dist/lightweight-charts.standalone.production.js:6:27092)
    at qs (https://unpkg.com/lightweight-charts@4.2.0/dist/lightweight-charts.standalone.production.js:6:27079)
    at Fs (https://unpkg.com/lightweight-charts@4.2.0/dist/lightweight-charts.standalone.production.js:6:24555)
    at gt (https://unpkg.com/lightweight-charts@4.2.0/dist/lightweight-charts.standalone.production.js:6:24390)
    at ms (https://unpkg.com/lightweight-charts@4.2.0/dist/lightweight-charts.standalone.production.js:6:107028)
    at gm (https://unpkg.com/lightweight-charts@4.2.0/dist/lightweight-charts.standalone.production.js:6:128830)
    at dm (https://unpkg.com/lightweight-charts@4.2.0/dist/lightweight-charts.standalone.production.js:6:128672)
    at fp (https://unpkg.com/lightweight-charts@4.2.0/dist/lightweight-charts.standalone.production.js:6:127898)
    at fp (https://unpkg.com/lightweight-charts@4.2.0/dist/lightweight-charts.standalone.production.js:6:140944)
    at pb (https://unpkg.com/lightweight-charts@4.2.0/dist/lightweight-charts.standalone.production.js:6:144421)
    at <anonymous> (https://unpkg.com/lightweight-charts@4.2.0/dist/lightweight-charts.standalone.production.js:6:144919)
[   34543ms] Uncaught Error: Value is null
    at f (https://unpkg.com/lightweight-charts@4.2.0/dist/lightweight-charts.standalone.production.js:6:2212)
    at Candlestick (https://unpkg.com/lightweight-charts@4.2.0/dist/lightweight-charts.standalone.production.js:6:46283)
    at Hs (https://unpkg.com/lightweight-charts@4.2.0/dist/lightweight-charts.standalone.production.js:6:47531)
    at ne (https://unpkg.com/lightweight-charts@4.2.0/dist/lightweight-charts.standalone.production.js:6:30743)
    at <anonymous> (https://unpkg.com/lightweight-charts@4.2.0/dist/lightweight-charts.standalone.production.js:6:27092)
    at qs (https://unpkg.com/lightweight-charts@4.2.0/dist/lightweight-charts.standalone.production.js:6:27079)
    at Fs (https://unpkg.com/lightweight-charts@4.2.0/dist/lightweight-charts.standalone.production.js:6:24555)
    at gt (https://unpkg.com/lightweight-charts@4.2.0/dist/lightweight-charts.standalone.production.js:6:24390)
    at ms (https://unpkg.com/lightweight-charts@4.2.0/dist/lightweight-charts.standalone.production.js:6:107028)
    at gm (https://unpkg.com/lightweight-charts@4.2.0/dist/lightweight-charts.standalone.production.js:6:128830)
    at dm (https://unpkg.com/lightweight-charts@4.2.0/dist/lightweight-charts.standalone.production.js:6:128672)
    at fp (https://unpkg.com/lightweight-charts@4.2.0/dist/lightweight-charts.standalone.production.js:6:127898)
    at fp (https://unpkg.com/lightweight-charts@4.2.0/dist/lightweight-charts.standalone.production.js:6:140944)
    at pb (https://unpkg.com/lightweight-charts@4.2.0/dist/lightweight-charts.standalone.production.js:6:144421)
    at <anonymous> (https://unpkg.com/lightweight-charts@4.2.0/dist/lightweight-charts.standalone.production.js:6:144919)
[   34561ms] Uncaught Error: Value is null
    at f (https://unpkg.com/lightweight-charts@4.2.0/dist/lightweight-charts.standalone.production.js:6:2212)
    at Candlestick (https://unpkg.com/lightweight-charts@4.2.0/dist/lightweight-charts.standalone.production.js:6:46283)
    at Hs (https://unpkg.com/lightweight-charts@4.2.0/dist/lightweight-charts.standalone.production.js:6:47531)
    at ne (https://unpkg.com/lightweight-charts@4.2.0/dist/lightweight-charts.standalone.production.js:6:30743)
    at <anonymous> (https://unpkg.com/lightweight-charts@4.2.0/dist/lightweight-charts.standalone.production.js:6:27092)
    at qs (https://unpkg.com/lightweight-charts@4.2.0/dist/lightweight-charts.standalone.production.js:6:27079)
    at Fs (https://unpkg.com/lightweight-charts@4.2.0/dist/lightweight-charts.standalone.production.js:6:24555)
    at gt (https://unpkg.com/lightweight-charts@4.2.0/dist/lightweight-charts.standalone.production.js:6:24390)
    at ms (https://unpkg.com/lightweight-charts@4.2.0/dist/lightweight-charts.standalone.production.js:6:107028)
    at gm (https://unpkg.com/lightweight-charts@4.2.0/dist/lightweight-charts.standalone.production.js:6:128830)
    at dm (https://unpkg.com/lightweight-charts@4.2.0/dist/lightweight-charts.standalone.production.js:6:128672)
    at fp (https://unpkg.com/lightweight-charts@4.2.0/dist/lightweight-charts.standalone.production.js:6:127898)
    at fp (https://unpkg.com/lightweight-charts@4.2.0/dist/lightweight-charts.standalone.production.js:6:140944)
    at pb (https://unpkg.com/lightweight-charts@4.2.0/dist/lightweight-charts.standalone.production.js:6:144421)
    at <anonymous> (https://unpkg.com/lightweight-charts@4.2.0/dist/lightweight-charts.standalone.production.js:6:144919)
[   34576ms] Uncaught Error: Value is null
    at f (https://unpkg.com/lightweight-charts@4.2.0/dist/lightweight-charts.standalone.production.js:6:2212)
    at Candlestick (https://unpkg.com/lightweight-charts@4.2.0/dist/lightweight-charts.standalone.production.js:6:46283)
    at Hs (https://unpkg.com/lightweight-charts@4.2.0/dist/lightweight-charts.standalone.production.js:6:47531)
    at ne (https://unpkg.com/lightweight-charts@4.2.0/dist/lightweight-charts.standalone.production.js:6:30743)
    at <anonymous> (https://unpkg.com/lightweight-charts@4.2.0/dist/lightweight-charts.standalone.production.js:6:27092)
    at qs (https://unpkg.com/lightweight-charts@4.2.0/dist/lightweight-charts.standalone.production.js:6:27079)
    at Fs (https://unpkg.com/lightweight-charts@4.2.0/dist/lightweight-charts.standalone.production.js:6:24555)
    at gt (https://unpkg.com/lightweight-charts@4.2.0/dist/lightweight-charts.standalone.production.js:6:24390)
    at ms (https://unpkg.com/lightweight-charts@4.2.0/dist/lightweight-charts.standalone.production.js:6:107028)
    at gm (https://unpkg.com/lightweight-charts@4.2.0/dist/lightweight-charts.standalone.production.js:6:128830)
    at dm (https://unpkg.com/lightweight-charts@4.2.0/dist/lightweight-charts.standalone.production.js:6:128672)
    at fp (https://unpkg.com/lightweight-charts@4.2.0/dist/lightweight-charts.standalone.production.js:6:127898)
    at fp (https://unpkg.com/lightweight-charts@4.2.0/dist/lightweight-charts.standalone.production.js:6:140944)
    at pb (https://unpkg.com/lightweight-charts@4.2.0/dist/lightweight-charts.standalone.production.js:6:144421)
    at <anonymous> (https://unpkg.com/lightweight-charts@4.2.0/dist/lightweight-charts.standalone.production.js:6:144919)
[   34592ms] Uncaught Error: Value is null
    at f (https://unpkg.com/lightweight-charts@4.2.0/dist/lightweight-charts.standalone.production.js:6:2212)
    at Candlestick (https://unpkg.com/lightweight-charts@4.2.0/dist/lightweight-charts.standalone.production.js:6:46283)
    at Hs (https://unpkg.com/lightweight-charts@4.2.0/dist/lightweight-charts.standalone.production.js:6:47531)
    at ne (https://unpkg.com/lightweight-charts@4.2.0/dist/lightweight-charts.standalone.production.js:6:30743)
    at <anonymous> (https://unpkg.com/lightweight-charts@4.2.0/dist/lightweight-charts.standalone.production.js:6:27092)
    at qs (https://unpkg.com/lightweight-charts@4.2.0/dist/lightweight-charts.standalone.production.js:6:27079)
    at Fs (https://unpkg.com/lightweight-charts@4.2.0/dist/lightweight-charts.standalone.production.js:6:24555)
    at gt (https://unpkg.com/lightweight-charts@4.2.0/dist/lightweight-charts.standalone.production.js:6:24390)
    at ms (https://unpkg.com/lightweight-charts@4.2.0/dist/lightweight-charts.standalone.production.js:6:107028)
    at gm (https://unpkg.com/lightweight-charts@4.2.0/dist/lightweight-charts.standalone.production.js:6:128830)
    at dm (https://unpkg.com/lightweight-charts@4.2.0/dist/lightweight-charts.standalone.production.js:6:128672)
    at fp (https://unpkg.com/lightweight-charts@4.2.0/dist/lightweight-charts.standalone.production.js:6:127898)
    at fp (https://unpkg.com/lightweight-charts@4.2.0/dist/lightweight-charts.standalone.production.js:6:140944)
    at pb (https://unpkg.com/lightweight-charts@4.2.0/dist/lightweight-charts.standalone.production.js:6:144421)
    at <anonymous> (https://unpkg.com/lightweight-charts@4.2.0/dist/lightweight-charts.standalone.production.js:6:144919)
[   34610ms] Uncaught Error: Value is null
    at f (https://unpkg.com/lightweight-charts@4.2.0/dist/lightweight-charts.standalone.production.js:6:2212)
    at Candlestick (https://unpkg.com/lightweight-charts@4.2.0/dist/lightweight-charts.standalone.production.js:6:46283)
    at Hs (https://unpkg.com/lightweight-charts@4.2.0/dist/lightweight-charts.standalone.production.js:6:47531)
    at ne (https://unpkg.com/lightweight-charts@4.2.0/dist/lightweight-charts.standalone.production.js:6:30743)
    at <anonymous> (https://unpkg.com/lightweight-charts@4.2.0/dist/lightweight-charts.standalone.production.js:6:27092)
    at qs (https://unpkg.com/lightweight-charts@4.2.0/dist/lightweight-charts.standalone.production.js:6:27079)
    at Fs (https://unpkg.com/lightweight-charts@4.2.0/dist/lightweight-charts.standalone.production.js:6:24555)
    at gt (https://unpkg.com/lightweight-charts@4.2.0/dist/lightweight-charts.standalone.production.js:6:24390)
    at ms (https://unpkg.com/lightweight-charts@4.2.0/dist/lightweight-charts.standalone.production.js:6:107028)
    at gm (https://unpkg.com/lightweight-charts@4.2.0/dist/lightweight-charts.standalone.production.js:6:128830)
    at dm (https://unpkg.com/lightweight-charts@4.2.0/dist/lightweight-charts.standalone.production.js:6:128672)
    at fp (https://unpkg.com/lightweight-charts@4.2.0/dist/lightweight-charts.standalone.production.js:6:127898)
    at fp (https://unpkg.com/lightweight-charts@4.2.0/dist/lightweight-charts.standalone.production.js:6:140944)
    at pb (https://unpkg.com/lightweight-charts@4.2.0/dist/lightweight-charts.standalone.production.js:6:144421)
    at <anonymous> (https://unpkg.com/lightweight-charts@4.2.0/dist/lightweight-charts.standalone.production.js:6:144919)
[   34629ms] Uncaught Error: Value is null
    at f (https://unpkg.com/lightweight-charts@4.2.0/dist/lightweight-charts.standalone.production.js:6:2212)
    at Candlestick (https://unpkg.com/lightweight-charts@4.2.0/dist/lightweight-charts.standalone.production.js:6:46283)
    at Hs (https://unpkg.com/lightweight-charts@4.2.0/dist/lightweight-charts.standalone.production.js:6:47531)
    at ne (https://unpkg.com/lightweight-charts@4.2.0/dist/lightweight-charts.standalone.production.js:6:30743)
    at <anonymous> (https://unpkg.com/lightweight-charts@4.2.0/dist/lightweight-charts.standalone.production.js:6:27092)
    at qs (https://unpkg.com/lightweight-charts@4.2.0/dist/lightweight-charts.standalone.production.js:6:27079)
    at Fs (https://unpkg.com/lightweight-charts@4.2.0/dist/lightweight-charts.standalone.production.js:6:24555)
    at gt (https://unpkg.com/lightweight-charts@4.2.0/dist/lightweight-charts.standalone.production.js:6:24390)
    at ms (https://unpkg.com/lightweight-charts@4.2.0/dist/lightweight-charts.standalone.production.js:6:107028)
    at gm (https://unpkg.com/lightweight-charts@4.2.0/dist/lightweight-charts.standalone.production.js:6:128830)
    at dm (https://unpkg.com/lightweight-charts@4.2.0/dist/lightweight-charts.standalone.production.js:6:128672)
    at fp (https://unpkg.com/lightweight-charts@4.2.0/dist/lightweight-charts.standalone.production.js:6:127898)
    at fp (https://unpkg.com/lightweight-charts@4.2.0/dist/lightweight-charts.standalone.production.js:6:140944)
    at pb (https://unpkg.com/lightweight-charts@4.2.0/dist/lightweight-charts.standalone.production.js:6:144421)
    at <anonymous> (https://unpkg.com/lightweight-charts@4.2.0/dist/lightweight-charts.standalone.production.js:6:144919)
[   34645ms] Uncaught Error: Value is null
    at f (https://unpkg.com/lightweight-charts@4.2.0/dist/lightweight-charts.standalone.production.js:6:2212)
    at Candlestick (https://unpkg.com/lightweight-charts@4.2.0/dist/lightweight-charts.standalone.production.js:6:46283)
    at Hs (https://unpkg.com/lightweight-charts@4.2.0/dist/lightweight-charts.standalone.production.js:6:47531)
    at ne (https://unpkg.com/lightweight-charts@4.2.0/dist/lightweight-charts.standalone.production.js:6:30743)
    at <anonymous> (https://unpkg.com/lightweight-charts@4.2.0/dist/lightweight-charts.standalone.production.js:6:27092)
    at qs (https://unpkg.com/lightweight-charts@4.2.0/dist/lightweight-charts.standalone.production.js:6:27079)
    at Fs (https://unpkg.com/lightweight-charts@4.2.0/dist/lightweight-charts.standalone.production.js:6:24555)
    at gt (https://unpkg.com/lightweight-charts@4.2.0/dist/lightweight-charts.standalone.production.js:6:24390)
    at ms (https://unpkg.com/lightweight-charts@4.2.0/dist/lightweight-charts.standalone.production.js:6:107028)
    at gm (https://unpkg.com/lightweight-charts@4.2.0/dist/lightweight-charts.standalone.production.js:6:128830)
    at dm (https://unpkg.com/lightweight-charts@4.2.0/dist/lightweight-charts.standalone.production.js:6:128672)
    at fp (https://unpkg.com/lightweight-charts@4.2.0/dist/lightweight-charts.standalone.production.js:6:127898)
    at fp (https://unpkg.com/lightweight-charts@4.2.0/dist/lightweight-charts.standalone.production.js:6:140944)
    at pb (https://unpkg.com/lightweight-charts@4.2.0/dist/lightweight-charts.standalone.production.js:6:144421)
    at <anonymous> (https://unpkg.com/lightweight-charts@4.2.0/dist/lightweight-charts.standalone.production.js:6:144919)
[   34660ms] Uncaught Error: Value is null
    at f (https://unpkg.com/lightweight-charts@4.2.0/dist/lightweight-charts.standalone.production.js:6:2212)
    at Candlestick (https://unpkg.com/lightweight-charts@4.2.0/dist/lightweight-charts.standalone.production.js:6:46283)
    at Hs (https://unpkg.com/lightweight-charts@4.2.0/dist/lightweight-charts.standalone.production.js:6:47531)
    at ne (https://unpkg.com/lightweight-charts@4.2.0/dist/lightweight-charts.standalone.production.js:6:30743)
    at <anonymous> (https://unpkg.com/lightweight-charts@4.2.0/dist/lightweight-charts.standalone.production.js:6:27092)
    at qs (https://unpkg.com/lightweight-charts@4.2.0/dist/lightweight-charts.standalone.production.js:6:27079)
    at Fs (https://unpkg.com/lightweight-charts@4.2.0/dist/lightweight-charts.standalone.production.js:6:24555)
    at gt (https://unpkg.com/lightweight-charts@4.2.0/dist/lightweight-charts.standalone.production.js:6:24390)
    at ms (https://unpkg.com/lightweight-charts@4.2.0/dist/lightweight-charts.standalone.production.js:6:107028)
    at gm (https://unpkg.com/lightweight-charts@4.2.0/dist/lightweight-charts.standalone.production.js:6:128830)
    at dm (https://unpkg.com/lightweight-charts@4.2.0/dist/lightweight-charts.standalone.production.js:6:128672)
    at fp (https://unpkg.com/lightweight-charts@4.2.0/dist/lightweight-charts.standalone.production.js:6:127898)
    at fp (https://unpkg.com/lightweight-charts@4.2.0/dist/lightweight-charts.standalone.production.js:6:140944)
    at pb (https://unpkg.com/lightweight-charts@4.2.0/dist/lightweight-charts.standalone.production.js:6:144421)
    at <anonymous> (https://unpkg.com/lightweight-charts@4.2.0/dist/lightweight-charts.standalone.production.js:6:144919)
[   34678ms] Uncaught Error: Value is null
    at f (https://unpkg.com/lightweight-charts@4.2.0/dist/lightweight-charts.standalone.production.js:6:2212)
    at Candlestick (https://unpkg.com/lightweight-charts@4.2.0/dist/lightweight-charts.standalone.production.js:6:46283)
    at Hs (https://unpkg.com/lightweight-charts@4.2.0/dist/lightweight-charts.standalone.production.js:6:47531)
    at ne (https://unpkg.com/lightweight-charts@4.2.0/dist/lightweight-charts.standalone.production.js:6:30743)
    at <anonymous> (https://unpkg.com/lightweight-charts@4.2.0/dist/lightweight-charts.standalone.production.js:6:27092)
    at qs (https://unpkg.com/lightweight-charts@4.2.0/dist/lightweight-charts.standalone.production.js:6:27079)
    at Fs (https://unpkg.com/lightweight-charts@4.2.0/dist/lightweight-charts.standalone.production.js:6:24555)
    at gt (https://unpkg.com/lightweight-charts@4.2.0/dist/lightweight-charts.standalone.production.js:6:24390)
    at ms (https://unpkg.com/lightweight-charts@4.2.0/dist/lightweight-charts.standalone.production.js:6:107028)
    at gm (https://unpkg.com/lightweight-charts@4.2.0/dist/lightweight-charts.standalone.production.js:6:128830)
    at dm (https://unpkg.com/lightweight-charts@4.2.0/dist/lightweight-charts.standalone.production.js:6:128672)
    at fp (https://unpkg.com/lightweight-charts@4.2.0/dist/lightweight-charts.standalone.production.js:6:127898)
    at fp (https://unpkg.com/lightweight-charts@4.2.0/dist/lightweight-charts.standalone.production.js:6:140944)
    at pb (https://unpkg.com/lightweight-charts@4.2.0/dist/lightweight-charts.standalone.production.js:6:144421)
    at <anonymous> (https://unpkg.com/lightweight-charts@4.2.0/dist/lightweight-charts.standalone.production.js:6:144919)
[   34695ms] Uncaught Error: Value is null
    at f (https://unpkg.com/lightweight-charts@4.2.0/dist/lightweight-charts.standalone.production.js:6:2212)
    at Candlestick (https://unpkg.com/lightweight-charts@4.2.0/dist/lightweight-charts.standalone.production.js:6:46283)
    at Hs (https://unpkg.com/lightweight-charts@4.2.0/dist/lightweight-charts.standalone.production.js:6:47531)
    at ne (https://unpkg.com/lightweight-charts@4.2.0/dist/lightweight-charts.standalone.production.js:6:30743)
    at <anonymous> (https://unpkg.com/lightweight-charts@4.2.0/dist/lightweight-charts.standalone.production.js:6:27092)
    at qs (https://unpkg.com/lightweight-charts@4.2.0/dist/lightweight-charts.standalone.production.js:6:27079)
    at Fs (https://unpkg.com/lightweight-charts@4.2.0/dist/lightweight-charts.standalone.production.js:6:24555)
    at gt (https://unpkg.com/lightweight-charts@4.2.0/dist/lightweight-charts.standalone.production.js:6:24390)
    at ms (https://unpkg.com/lightweight-charts@4.2.0/dist/lightweight-charts.standalone.production.js:6:107028)
    at gm (https://unpkg.com/lightweight-charts@4.2.0/dist/lightweight-charts.standalone.production.js:6:128830)
    at dm (https://unpkg.com/lightweight-charts@4.2.0/dist/lightweight-charts.standalone.production.js:6:128672)
    at fp (https://unpkg.com/lightweight-charts@4.2.0/dist/lightweight-charts.standalone.production.js:6:127898)
    at fp (https://unpkg.com/lightweight-charts@4.2.0/dist/lightweight-charts.standalone.production.js:6:140944)
    at pb (https://unpkg.com/lightweight-charts@4.2.0/dist/lightweight-charts.standalone.production.js:6:144421)
    at <anonymous> (https://unpkg.com/lightweight-charts@4.2.0/dist/lightweight-charts.standalone.production.js:6:144919)
[   34709ms] Uncaught Error: Value is null
    at f (https://unpkg.com/lightweight-charts@4.2.0/dist/lightweight-charts.standalone.production.js:6:2212)
    at Candlestick (https://unpkg.com/lightweight-charts@4.2.0/dist/lightweight-charts.standalone.production.js:6:46283)
    at Hs (https://unpkg.com/lightweight-charts@4.2.0/dist/lightweight-charts.standalone.production.js:6:47531)
    at ne (https://unpkg.com/lightweight-charts@4.2.0/dist/lightweight-charts.standalone.production.js:6:30743)
    at <anonymous> (https://unpkg.com/lightweight-charts@4.2.0/dist/lightweight-charts.standalone.production.js:6:27092)
    at qs (https://unpkg.com/lightweight-charts@4.2.0/dist/lightweight-charts.standalone.production.js:6:27079)
    at Fs (https://unpkg.com/lightweight-charts@4.2.0/dist/lightweight-charts.standalone.production.js:6:24555)
    at gt (https://unpkg.com/lightweight-charts@4.2.0/dist/lightweight-charts.standalone.production.js:6:24390)
    at ms (https://unpkg.com/lightweight-charts@4.2.0/dist/lightweight-charts.standalone.production.js:6:107028)
    at gm (https://unpkg.com/lightweight-charts@4.2.0/dist/lightweight-charts.standalone.production.js:6:128830)
    at dm (https://unpkg.com/lightweight-charts@4.2.0/dist/lightweight-charts.standalone.production.js:6:128672)
    at fp (https://unpkg.com/lightweight-charts@4.2.0/dist/lightweight-charts.standalone.production.js:6:127898)
    at fp (https://unpkg.com/lightweight-charts@4.2.0/dist/lightweight-charts.standalone.production.js:6:140944)
    at pb (https://unpkg.com/lightweight-charts@4.2.0/dist/lightweight-charts.standalone.production.js:6:144421)
    at <anonymous> (https://unpkg.com/lightweight-charts@4.2.0/dist/lightweight-charts.standalone.production.js:6:144919)
[   34726ms] Uncaught Error: Value is null
    at f (https://unpkg.com/lightweight-charts@4.2.0/dist/lightweight-charts.standalone.production.js:6:2212)
    at Candlestick (https://unpkg.com/lightweight-charts@4.2.0/dist/lightweight-charts.standalone.production.js:6:46283)
    at Hs (https://unpkg.com/lightweight-charts@4.2.0/dist/lightweight-charts.standalone.production.js:6:47531)
    at ne (https://unpkg.com/lightweight-charts@4.2.0/dist/lightweight-charts.standalone.production.js:6:30743)
    at <anonymous> (https://unpkg.com/lightweight-charts@4.2.0/dist/lightweight-charts.standalone.production.js:6:27092)
    at qs (https://unpkg.com/lightweight-charts@4.2.0/dist/lightweight-charts.standalone.production.js:6:27079)
    at Fs (https://unpkg.com/lightweight-charts@4.2.0/dist/lightweight-charts.standalone.production.js:6:24555)
    at gt (https://unpkg.com/lightweight-charts@4.2.0/dist/lightweight-charts.standalone.production.js:6:24390)
    at ms (https://unpkg.com/lightweight-charts@4.2.0/dist/lightweight-charts.standalone.production.js:6:107028)
    at gm (https://unpkg.com/lightweight-charts@4.2.0/dist/lightweight-charts.standalone.production.js:6:128830)
    at dm (https://unpkg.com/lightweight-charts@4.2.0/dist/lightweight-charts.standalone.production.js:6:128672)
    at fp (https://unpkg.com/lightweight-charts@4.2.0/dist/lightweight-charts.standalone.production.js:6:127898)
    at fp (https://unpkg.com/lightweight-charts@4.2.0/dist/lightweight-charts.standalone.production.js:6:140944)
    at pb (https://unpkg.com/lightweight-charts@4.2.0/dist/lightweight-charts.standalone.production.js:6:144421)
    at <anonymous> (https://unpkg.com/lightweight-charts@4.2.0/dist/lightweight-charts.standalone.production.js:6:144919)
[   34744ms] Uncaught Error: Value is null
    at f (https://unpkg.com/lightweight-charts@4.2.0/dist/lightweight-charts.standalone.production.js:6:2212)
    at Candlestick (https://unpkg.com/lightweight-charts@4.2.0/dist/lightweight-charts.standalone.production.js:6:46283)
    at Hs (https://unpkg.com/lightweight-charts@4.2.0/dist/lightweight-charts.standalone.production.js:6:47531)
    at ne (https://unpkg.com/lightweight-charts@4.2.0/dist/lightweight-charts.standalone.production.js:6:30743)
    at <anonymous> (https://unpkg.com/lightweight-charts@4.2.0/dist/lightweight-charts.standalone.production.js:6:27092)
    at qs (https://unpkg.com/lightweight-charts@4.2.0/dist/lightweight-charts.standalone.production.js:6:27079)
    at Fs (https://unpkg.com/lightweight-charts@4.2.0/dist/lightweight-charts.standalone.production.js:6:24555)
    at gt (https://unpkg.com/lightweight-charts@4.2.0/dist/lightweight-charts.standalone.production.js:6:24390)
    at ms (https://unpkg.com/lightweight-charts@4.2.0/dist/lightweight-charts.standalone.production.js:6:107028)
    at gm (https://unpkg.com/lightweight-charts@4.2.0/dist/lightweight-charts.standalone.production.js:6:128830)
    at dm (https://unpkg.com/lightweight-charts@4.2.0/dist/lightweight-charts.standalone.production.js:6:128672)
    at fp (https://unpkg.com/lightweight-charts@4.2.0/dist/lightweight-charts.standalone.production.js:6:127898)
    at fp (https://unpkg.com/lightweight-charts@4.2.0/dist/lightweight-charts.standalone.production.js:6:140944)
    at pb (https://unpkg.com/lightweight-charts@4.2.0/dist/lightweight-charts.standalone.production.js:6:144421)
    at <anonymous> (https://unpkg.com/lightweight-charts@4.2.0/dist/lightweight-charts.standalone.production.js:6:144919)
[   34762ms] Uncaught Error: Value is null
    at f (https://unpkg.com/lightweight-charts@4.2.0/dist/lightweight-charts.standalone.production.js:6:2212)
    at Candlestick (https://unpkg.com/lightweight-charts@4.2.0/dist/lightweight-charts.standalone.production.js:6:46283)
    at Hs (https://unpkg.com/lightweight-charts@4.2.0/dist/lightweight-charts.standalone.production.js:6:47531)
    at ne (https://unpkg.com/lightweight-charts@4.2.0/dist/lightweight-charts.standalone.production.js:6:30743)
    at <anonymous> (https://unpkg.com/lightweight-charts@4.2.0/dist/lightweight-charts.standalone.production.js:6:27092)
    at qs (https://unpkg.com/lightweight-charts@4.2.0/dist/lightweight-charts.standalone.production.js:6:27079)
    at Fs (https://unpkg.com/lightweight-charts@4.2.0/dist/lightweight-charts.standalone.production.js:6:24555)
    at gt (https://unpkg.com/lightweight-charts@4.2.0/dist/lightweight-charts.standalone.production.js:6:24390)
    at ms (https://unpkg.com/lightweight-charts@4.2.0/dist/lightweight-charts.standalone.production.js:6:107028)
    at gm (https://unpkg.com/lightweight-charts@4.2.0/dist/lightweight-charts.standalone.production.js:6:128830)
    at dm (https://unpkg.com/lightweight-charts@4.2.0/dist/lightweight-charts.standalone.production.js:6:128672)
    at fp (https://unpkg.com/lightweight-charts@4.2.0/dist/lightweight-charts.standalone.production.js:6:127898)
    at fp (https://unpkg.com/lightweight-charts@4.2.0/dist/lightweight-charts.standalone.production.js:6:140944)
    at pb (https://unpkg.com/lightweight-charts@4.2.0/dist/lightweight-charts.standalone.production.js:6:144421)
    at <anonymous> (https://unpkg.com/lightweight-charts@4.2.0/dist/lightweight-charts.standalone.production.js:6:144919)
[   34780ms] Uncaught Error: Value is null
    at f (https://unpkg.com/lightweight-charts@4.2.0/dist/lightweight-charts.standalone.production.js:6:2212)
    at Candlestick (https://unpkg.com/lightweight-charts@4.2.0/dist/lightweight-charts.standalone.production.js:6:46283)
    at Hs (https://unpkg.com/lightweight-charts@4.2.0/dist/lightweight-charts.standalone.production.js:6:47531)
    at ne (https://unpkg.com/lightweight-charts@4.2.0/dist/lightweight-charts.standalone.production.js:6:30743)
    at <anonymous> (https://unpkg.com/lightweight-charts@4.2.0/dist/lightweight-charts.standalone.production.js:6:27092)
    at qs (https://unpkg.com/lightweight-charts@4.2.0/dist/lightweight-charts.standalone.production.js:6:27079)
    at Fs (https://unpkg.com/lightweight-charts@4.2.0/dist/lightweight-charts.standalone.production.js:6:24555)
    at gt (https://unpkg.com/lightweight-charts@4.2.0/dist/lightweight-charts.standalone.production.js:6:24390)
    at ms (https://unpkg.com/lightweight-charts@4.2.0/dist/lightweight-charts.standalone.production.js:6:107028)
    at gm (https://unpkg.com/lightweight-charts@4.2.0/dist/lightweight-charts.standalone.production.js:6:128830)
    at dm (https://unpkg.com/lightweight-charts@4.2.0/dist/lightweight-charts.standalone.production.js:6:128672)
    at fp (https://unpkg.com/lightweight-charts@4.2.0/dist/lightweight-charts.standalone.production.js:6:127898)
    at fp (https://unpkg.com/lightweight-charts@4.2.0/dist/lightweight-charts.standalone.production.js:6:140944)
    at pb (https://unpkg.com/lightweight-charts@4.2.0/dist/lightweight-charts.standalone.production.js:6:144421)
    at <anonymous> (https://unpkg.com/lightweight-charts@4.2.0/dist/lightweight-charts.standalone.production.js:6:144919)
[   34793ms] Uncaught Error: Value is null
    at f (https://unpkg.com/lightweight-charts@4.2.0/dist/lightweight-charts.standalone.production.js:6:2212)
    at Candlestick (https://unpkg.com/lightweight-charts@4.2.0/dist/lightweight-charts.standalone.production.js:6:46283)
    at Hs (https://unpkg.com/lightweight-charts@4.2.0/dist/lightweight-charts.standalone.production.js:6:47531)
    at ne (https://unpkg.com/lightweight-charts@4.2.0/dist/lightweight-charts.standalone.production.js:6:30743)
    at <anonymous> (https://unpkg.com/lightweight-charts@4.2.0/dist/lightweight-charts.standalone.production.js:6:27092)
    at qs (https://unpkg.com/lightweight-charts@4.2.0/dist/lightweight-charts.standalone.production.js:6:27079)
    at Fs (https://unpkg.com/lightweight-charts@4.2.0/dist/lightweight-charts.standalone.production.js:6:24555)
    at gt (https://unpkg.com/lightweight-charts@4.2.0/dist/lightweight-charts.standalone.production.js:6:24390)
    at ms (https://unpkg.com/lightweight-charts@4.2.0/dist/lightweight-charts.standalone.production.js:6:107028)
    at gm (https://unpkg.com/lightweight-charts@4.2.0/dist/lightweight-charts.standalone.production.js:6:128830)
    at dm (https://unpkg.com/lightweight-charts@4.2.0/dist/lightweight-charts.standalone.production.js:6:128672)
    at fp (https://unpkg.com/lightweight-charts@4.2.0/dist/lightweight-charts.standalone.production.js:6:127898)
    at fp (https://unpkg.com/lightweight-charts@4.2.0/dist/lightweight-charts.standalone.production.js:6:140944)
    at pb (https://unpkg.com/lightweight-charts@4.2.0/dist/lightweight-charts.standalone.production.js:6:144421)
    at <anonymous> (https://unpkg.com/lightweight-charts@4.2.0/dist/lightweight-charts.standalone.production.js:6:144919)
[   34809ms] Uncaught Error: Value is null
    at f (https://unpkg.com/lightweight-charts@4.2.0/dist/lightweight-charts.standalone.production.js:6:2212)
    at Candlestick (https://unpkg.com/lightweight-charts@4.2.0/dist/lightweight-charts.standalone.production.js:6:46283)
    at Hs (https://unpkg.com/lightweight-charts@4.2.0/dist/lightweight-charts.standalone.production.js:6:47531)
    at ne (https://unpkg.com/lightweight-charts@4.2.0/dist/lightweight-charts.standalone.production.js:6:30743)
    at <anonymous> (https://unpkg.com/lightweight-charts@4.2.0/dist/lightweight-charts.standalone.production.js:6:27092)
    at qs (https://unpkg.com/lightweight-charts@4.2.0/dist/lightweight-charts.standalone.production.js:6:27079)
    at Fs (https://unpkg.com/lightweight-charts@4.2.0/dist/lightweight-charts.standalone.production.js:6:24555)
    at gt (https://unpkg.com/lightweight-charts@4.2.0/dist/lightweight-charts.standalone.production.js:6:24390)
    at ms (https://unpkg.com/lightweight-charts@4.2.0/dist/lightweight-charts.standalone.production.js:6:107028)
    at gm (https://unpkg.com/lightweight-charts@4.2.0/dist/lightweight-charts.standalone.production.js:6:128830)
    at dm (https://unpkg.com/lightweight-charts@4.2.0/dist/lightweight-charts.standalone.production.js:6:128672)
    at fp (https://unpkg.com/lightweight-charts@4.2.0/dist/lightweight-charts.standalone.production.js:6:127898)
    at fp (https://unpkg.com/lightweight-charts@4.2.0/dist/lightweight-charts.standalone.production.js:6:140944)
    at pb (https://unpkg.com/lightweight-charts@4.2.0/dist/lightweight-charts.standalone.production.js:6:144421)
    at <anonymous> (https://unpkg.com/lightweight-charts@4.2.0/dist/lightweight-charts.standalone.production.js:6:144919)
[   34828ms] Uncaught Error: Value is null
    at f (https://unpkg.com/lightweight-charts@4.2.0/dist/lightweight-charts.standalone.production.js:6:2212)
    at Candlestick (https://unpkg.com/lightweight-charts@4.2.0/dist/lightweight-charts.standalone.production.js:6:46283)
    at Hs (https://unpkg.com/lightweight-charts@4.2.0/dist/lightweight-charts.standalone.production.js:6:47531)
    at ne (https://unpkg.com/lightweight-charts@4.2.0/dist/lightweight-charts.standalone.production.js:6:30743)
    at <anonymous> (https://unpkg.com/lightweight-charts@4.2.0/dist/lightweight-charts.standalone.production.js:6:27092)
    at qs (https://unpkg.com/lightweight-charts@4.2.0/dist/lightweight-charts.standalone.production.js:6:27079)
    at Fs (https://unpkg.com/lightweight-charts@4.2.0/dist/lightweight-charts.standalone.production.js:6:24555)
    at gt (https://unpkg.com/lightweight-charts@4.2.0/dist/lightweight-charts.standalone.production.js:6:24390)
    at ms (https://unpkg.com/lightweight-charts@4.2.0/dist/lightweight-charts.standalone.production.js:6:107028)
    at gm (https://unpkg.com/lightweight-charts@4.2.0/dist/lightweight-charts.standalone.production.js:6:128830)
    at dm (https://unpkg.com/lightweight-charts@4.2.0/dist/lightweight-charts.standalone.production.js:6:128672)
    at fp (https://unpkg.com/lightweight-charts@4.2.0/dist/lightweight-charts.standalone.production.js:6:127898)
    at fp (https://unpkg.com/lightweight-charts@4.2.0/dist/lightweight-charts.standalone.production.js:6:140944)
    at pb (https://unpkg.com/lightweight-charts@4.2.0/dist/lightweight-charts.standalone.production.js:6:144421)
    at <anonymous> (https://unpkg.com/lightweight-charts@4.2.0/dist/lightweight-charts.standalone.production.js:6:144919)
[   35079ms] Uncaught Error: Value is null
    at f (https://unpkg.com/lightweight-charts@4.2.0/dist/lightweight-charts.standalone.production.js:6:2212)
    at Candlestick (https://unpkg.com/lightweight-charts@4.2.0/dist/lightweight-charts.standalone.production.js:6:46283)
    at Hs (https://unpkg.com/lightweight-charts@4.2.0/dist/lightweight-charts.standalone.production.js:6:47531)
    at ne (https://unpkg.com/lightweight-charts@4.2.0/dist/lightweight-charts.standalone.production.js:6:30743)
    at <anonymous> (https://unpkg.com/lightweight-charts@4.2.0/dist/lightweight-charts.standalone.production.js:6:27092)
    at qs (https://unpkg.com/lightweight-charts@4.2.0/dist/lightweight-charts.standalone.production.js:6:27079)
    at Fs (https://unpkg.com/lightweight-charts@4.2.0/dist/lightweight-charts.standalone.production.js:6:24555)
    at gt (https://unpkg.com/lightweight-charts@4.2.0/dist/lightweight-charts.standalone.production.js:6:24390)
    at ms (https://unpkg.com/lightweight-charts@4.2.0/dist/lightweight-charts.standalone.production.js:6:107028)
    at gm (https://unpkg.com/lightweight-charts@4.2.0/dist/lightweight-charts.standalone.production.js:6:128830)
    at dm (https://unpkg.com/lightweight-charts@4.2.0/dist/lightweight-charts.standalone.production.js:6:128672)
    at fp (https://unpkg.com/lightweight-charts@4.2.0/dist/lightweight-charts.standalone.production.js:6:127898)
    at fp (https://unpkg.com/lightweight-charts@4.2.0/dist/lightweight-charts.standalone.production.js:6:140944)
    at pb (https://unpkg.com/lightweight-charts@4.2.0/dist/lightweight-charts.standalone.production.js:6:144421)
    at <anonymous> (https://unpkg.com/lightweight-charts@4.2.0/dist/lightweight-charts.standalone.production.js:6:144919)
[   35114ms] Uncaught Error: Value is null
    at f (https://unpkg.com/lightweight-charts@4.2.0/dist/lightweight-charts.standalone.production.js:6:2212)
    at Candlestick (https://unpkg.com/lightweight-charts@4.2.0/dist/lightweight-charts.standalone.production.js:6:46283)
    at Hs (https://unpkg.com/lightweight-charts@4.2.0/dist/lightweight-charts.standalone.production.js:6:47531)
    at ne (https://unpkg.com/lightweight-charts@4.2.0/dist/lightweight-charts.standalone.production.js:6:30743)
    at <anonymous> (https://unpkg.com/lightweight-charts@4.2.0/dist/lightweight-charts.standalone.production.js:6:27092)
    at qs (https://unpkg.com/lightweight-charts@4.2.0/dist/lightweight-charts.standalone.production.js:6:27079)
    at Fs (https://unpkg.com/lightweight-charts@4.2.0/dist/lightweight-charts.standalone.production.js:6:24555)
    at gt (https://unpkg.com/lightweight-charts@4.2.0/dist/lightweight-charts.standalone.production.js:6:24390)
    at ms (https://unpkg.com/lightweight-charts@4.2.0/dist/lightweight-charts.standalone.production.js:6:107028)
    at gm (https://unpkg.com/lightweight-charts@4.2.0/dist/lightweight-charts.standalone.production.js:6:128830)
    at dm (https://unpkg.com/lightweight-charts@4.2.0/dist/lightweight-charts.standalone.production.js:6:128672)
    at fp (https://unpkg.com/lightweight-charts@4.2.0/dist/lightweight-charts.standalone.production.js:6:127898)
    at fp (https://unpkg.com/lightweight-charts@4.2.0/dist/lightweight-charts.standalone.production.js:6:140944)
    at pb (https://unpkg.com/lightweight-charts@4.2.0/dist/lightweight-charts.standalone.production.js:6:144421)
    at <anonymous> (https://unpkg.com/lightweight-charts@4.2.0/dist/lightweight-charts.standalone.production.js:6:144919)
[   35128ms] Uncaught Error: Value is null
    at f (https://unpkg.com/lightweight-charts@4.2.0/dist/lightweight-charts.standalone.production.js:6:2212)
    at Candlestick (https://unpkg.com/lightweight-charts@4.2.0/dist/lightweight-charts.standalone.production.js:6:46283)
    at Hs (https://unpkg.com/lightweight-charts@4.2.0/dist/lightweight-charts.standalone.production.js:6:47531)
    at ne (https://unpkg.com/lightweight-charts@4.2.0/dist/lightweight-charts.standalone.production.js:6:30743)
    at <anonymous> (https://unpkg.com/lightweight-charts@4.2.0/dist/lightweight-charts.standalone.production.js:6:27092)
    at qs (https://unpkg.com/lightweight-charts@4.2.0/dist/lightweight-charts.standalone.production.js:6:27079)
    at Fs (https://unpkg.com/lightweight-charts@4.2.0/dist/lightweight-charts.standalone.production.js:6:24555)
    at gt (https://unpkg.com/lightweight-charts@4.2.0/dist/lightweight-charts.standalone.production.js:6:24390)
    at ms (https://unpkg.com/lightweight-charts@4.2.0/dist/lightweight-charts.standalone.production.js:6:107028)
    at gm (https://unpkg.com/lightweight-charts@4.2.0/dist/lightweight-charts.standalone.production.js:6:128830)
    at dm (https://unpkg.com/lightweight-charts@4.2.0/dist/lightweight-charts.standalone.production.js:6:128672)
    at fp (https://unpkg.com/lightweight-charts@4.2.0/dist/lightweight-charts.standalone.production.js:6:127898)
    at fp (https://unpkg.com/lightweight-charts@4.2.0/dist/lightweight-charts.standalone.production.js:6:140944)
    at pb (https://unpkg.com/lightweight-charts@4.2.0/dist/lightweight-charts.standalone.production.js:6:144421)
    at <anonymous> (https://unpkg.com/lightweight-charts@4.2.0/dist/lightweight-charts.standalone.production.js:6:144919)
[   35145ms] Uncaught Error: Value is null
    at f (https://unpkg.com/lightweight-charts@4.2.0/dist/lightweight-charts.standalone.production.js:6:2212)
    at Candlestick (https://unpkg.com/lightweight-charts@4.2.0/dist/lightweight-charts.standalone.production.js:6:46283)
    at Hs (https://unpkg.com/lightweight-charts@4.2.0/dist/lightweight-charts.standalone.production.js:6:47531)
    at ne (https://unpkg.com/lightweight-charts@4.2.0/dist/lightweight-charts.standalone.production.js:6:30743)
    at <anonymous> (https://unpkg.com/lightweight-charts@4.2.0/dist/lightweight-charts.standalone.production.js:6:27092)
    at qs (https://unpkg.com/lightweight-charts@4.2.0/dist/lightweight-charts.standalone.production.js:6:27079)
    at Fs (https://unpkg.com/lightweight-charts@4.2.0/dist/lightweight-charts.standalone.production.js:6:24555)
    at gt (https://unpkg.com/lightweight-charts@4.2.0/dist/lightweight-charts.standalone.production.js:6:24390)
    at ms (https://unpkg.com/lightweight-charts@4.2.0/dist/lightweight-charts.standalone.production.js:6:107028)
    at gm (https://unpkg.com/lightweight-charts@4.2.0/dist/lightweight-charts.standalone.production.js:6:128830)
    at dm (https://unpkg.com/lightweight-charts@4.2.0/dist/lightweight-charts.standalone.production.js:6:128672)
    at fp (https://unpkg.com/lightweight-charts@4.2.0/dist/lightweight-charts.standalone.production.js:6:127898)
    at fp (https://unpkg.com/lightweight-charts@4.2.0/dist/lightweight-charts.standalone.production.js:6:140944)
    at pb (https://unpkg.com/lightweight-charts@4.2.0/dist/lightweight-charts.standalone.production.js:6:144421)
    at <anonymous> (https://unpkg.com/lightweight-charts@4.2.0/dist/lightweight-charts.standalone.production.js:6:144919)
[   35161ms] Uncaught Error: Value is null
    at f (https://unpkg.com/lightweight-charts@4.2.0/dist/lightweight-charts.standalone.production.js:6:2212)
    at Candlestick (https://unpkg.com/lightweight-charts@4.2.0/dist/lightweight-charts.standalone.production.js:6:46283)
    at Hs (https://unpkg.com/lightweight-charts@4.2.0/dist/lightweight-charts.standalone.production.js:6:47531)
    at ne (https://unpkg.com/lightweight-charts@4.2.0/dist/lightweight-charts.standalone.production.js:6:30743)
    at <anonymous> (https://unpkg.com/lightweight-charts@4.2.0/dist/lightweight-charts.standalone.production.js:6:27092)
    at qs (https://unpkg.com/lightweight-charts@4.2.0/dist/lightweight-charts.standalone.production.js:6:27079)
    at Fs (https://unpkg.com/lightweight-charts@4.2.0/dist/lightweight-charts.standalone.production.js:6:24555)
    at gt (https://unpkg.com/lightweight-charts@4.2.0/dist/lightweight-charts.standalone.production.js:6:24390)
    at ms (https://unpkg.com/lightweight-charts@4.2.0/dist/lightweight-charts.standalone.production.js:6:107028)
    at gm (https://unpkg.com/lightweight-charts@4.2.0/dist/lightweight-charts.standalone.production.js:6:128830)
    at dm (https://unpkg.com/lightweight-charts@4.2.0/dist/lightweight-charts.standalone.production.js:6:128672)
    at fp (https://unpkg.com/lightweight-charts@4.2.0/dist/lightweight-charts.standalone.production.js:6:127898)
    at fp (https://unpkg.com/lightweight-charts@4.2.0/dist/lightweight-charts.standalone.production.js:6:140944)
    at pb (https://unpkg.com/lightweight-charts@4.2.0/dist/lightweight-charts.standalone.production.js:6:144421)
    at <anonymous> (https://unpkg.com/lightweight-charts@4.2.0/dist/lightweight-charts.standalone.production.js:6:144919)
[   35177ms] Uncaught Error: Value is null
    at f (https://unpkg.com/lightweight-charts@4.2.0/dist/lightweight-charts.standalone.production.js:6:2212)
    at Candlestick (https://unpkg.com/lightweight-charts@4.2.0/dist/lightweight-charts.standalone.production.js:6:46283)
    at Hs (https://unpkg.com/lightweight-charts@4.2.0/dist/lightweight-charts.standalone.production.js:6:47531)
    at ne (https://unpkg.com/lightweight-charts@4.2.0/dist/lightweight-charts.standalone.production.js:6:30743)
    at <anonymous> (https://unpkg.com/lightweight-charts@4.2.0/dist/lightweight-charts.standalone.production.js:6:27092)
    at qs (https://unpkg.com/lightweight-charts@4.2.0/dist/lightweight-charts.standalone.production.js:6:27079)
    at Fs (https://unpkg.com/lightweight-charts@4.2.0/dist/lightweight-charts.standalone.production.js:6:24555)
    at gt (https://unpkg.com/lightweight-charts@4.2.0/dist/lightweight-charts.standalone.production.js:6:24390)
    at ms (https://unpkg.com/lightweight-charts@4.2.0/dist/lightweight-charts.standalone.production.js:6:107028)
    at gm (https://unpkg.com/lightweight-charts@4.2.0/dist/lightweight-charts.standalone.production.js:6:128830)
    at dm (https://unpkg.com/lightweight-charts@4.2.0/dist/lightweight-charts.standalone.production.js:6:128672)
    at fp (https://unpkg.com/lightweight-charts@4.2.0/dist/lightweight-charts.standalone.production.js:6:127898)
    at fp (https://unpkg.com/lightweight-charts@4.2.0/dist/lightweight-charts.standalone.production.js:6:140944)
    at pb (https://unpkg.com/lightweight-charts@4.2.0/dist/lightweight-charts.standalone.production.js:6:144421)
    at <anonymous> (https://unpkg.com/lightweight-charts@4.2.0/dist/lightweight-charts.standalone.production.js:6:144919)
[   35193ms] Uncaught Error: Value is null
    at f (https://unpkg.com/lightweight-charts@4.2.0/dist/lightweight-charts.standalone.production.js:6:2212)
    at Candlestick (https://unpkg.com/lightweight-charts@4.2.0/dist/lightweight-charts.standalone.production.js:6:46283)
    at Hs (https://unpkg.com/lightweight-charts@4.2.0/dist/lightweight-charts.standalone.production.js:6:47531)
    at ne (https://unpkg.com/lightweight-charts@4.2.0/dist/lightweight-charts.standalone.production.js:6:30743)
    at <anonymous> (https://unpkg.com/lightweight-charts@4.2.0/dist/lightweight-charts.standalone.production.js:6:27092)
    at qs (https://unpkg.com/lightweight-charts@4.2.0/dist/lightweight-charts.standalone.production.js:6:27079)
    at Fs (https://unpkg.com/lightweight-charts@4.2.0/dist/lightweight-charts.standalone.production.js:6:24555)
    at gt (https://unpkg.com/lightweight-charts@4.2.0/dist/lightweight-charts.standalone.production.js:6:24390)
    at ms (https://unpkg.com/lightweight-charts@4.2.0/dist/lightweight-charts.standalone.production.js:6:107028)
    at gm (https://unpkg.com/lightweight-charts@4.2.0/dist/lightweight-charts.standalone.production.js:6:128830)
    at dm (https://unpkg.com/lightweight-charts@4.2.0/dist/lightweight-charts.standalone.production.js:6:128672)
    at fp (https://unpkg.com/lightweight-charts@4.2.0/dist/lightweight-charts.standalone.production.js:6:127898)
    at fp (https://unpkg.com/lightweight-charts@4.2.0/dist/lightweight-charts.standalone.production.js:6:140944)
    at pb (https://unpkg.com/lightweight-charts@4.2.0/dist/lightweight-charts.standalone.production.js:6:144421)
    at <anonymous> (https://unpkg.com/lightweight-charts@4.2.0/dist/lightweight-charts.standalone.production.js:6:144919)
[   35210ms] Uncaught Error: Value is null
    at f (https://unpkg.com/lightweight-charts@4.2.0/dist/lightweight-charts.standalone.production.js:6:2212)
    at Candlestick (https://unpkg.com/lightweight-charts@4.2.0/dist/lightweight-charts.standalone.production.js:6:46283)
    at Hs (https://unpkg.com/lightweight-charts@4.2.0/dist/lightweight-charts.standalone.production.js:6:47531)
    at ne (https://unpkg.com/lightweight-charts@4.2.0/dist/lightweight-charts.standalone.production.js:6:30743)
    at <anonymous> (https://unpkg.com/lightweight-charts@4.2.0/dist/lightweight-charts.standalone.production.js:6:27092)
    at qs (https://unpkg.com/lightweight-charts@4.2.0/dist/lightweight-charts.standalone.production.js:6:27079)
    at Fs (https://unpkg.com/lightweight-charts@4.2.0/dist/lightweight-charts.standalone.production.js:6:24555)
    at gt (https://unpkg.com/lightweight-charts@4.2.0/dist/lightweight-charts.standalone.production.js:6:24390)
    at ms (https://unpkg.com/lightweight-charts@4.2.0/dist/lightweight-charts.standalone.production.js:6:107028)
    at gm (https://unpkg.com/lightweight-charts@4.2.0/dist/lightweight-charts.standalone.production.js:6:128830)
    at dm (https://unpkg.com/lightweight-charts@4.2.0/dist/lightweight-charts.standalone.production.js:6:128672)
    at fp (https://unpkg.com/lightweight-charts@4.2.0/dist/lightweight-charts.standalone.production.js:6:127898)
    at fp (https://unpkg.com/lightweight-charts@4.2.0/dist/lightweight-charts.standalone.production.js:6:140944)
    at pb (https://unpkg.com/lightweight-charts@4.2.0/dist/lightweight-charts.standalone.production.js:6:144421)
    at <anonymous> (https://unpkg.com/lightweight-charts@4.2.0/dist/lightweight-charts.standalone.production.js:6:144919)
[   35227ms] Uncaught Error: Value is null
    at f (https://unpkg.com/lightweight-charts@4.2.0/dist/lightweight-charts.standalone.production.js:6:2212)
    at Candlestick (https://unpkg.com/lightweight-charts@4.2.0/dist/lightweight-charts.standalone.production.js:6:46283)
    at Hs (https://unpkg.com/lightweight-charts@4.2.0/dist/lightweight-charts.standalone.production.js:6:47531)
    at ne (https://unpkg.com/lightweight-charts@4.2.0/dist/lightweight-charts.standalone.production.js:6:30743)
    at <anonymous> (https://unpkg.com/lightweight-charts@4.2.0/dist/lightweight-charts.standalone.production.js:6:27092)
    at qs (https://unpkg.com/lightweight-charts@4.2.0/dist/lightweight-charts.standalone.production.js:6:27079)
    at Fs (https://unpkg.com/lightweight-charts@4.2.0/dist/lightweight-charts.standalone.production.js:6:24555)
    at gt (https://unpkg.com/lightweight-charts@4.2.0/dist/lightweight-charts.standalone.production.js:6:24390)
    at ms (https://unpkg.com/lightweight-charts@4.2.0/dist/lightweight-charts.standalone.production.js:6:107028)
    at gm (https://unpkg.com/lightweight-charts@4.2.0/dist/lightweight-charts.standalone.production.js:6:128830)
    at dm (https://unpkg.com/lightweight-charts@4.2.0/dist/lightweight-charts.standalone.production.js:6:128672)
    at fp (https://unpkg.com/lightweight-charts@4.2.0/dist/lightweight-charts.standalone.production.js:6:127898)
    at fp (https://unpkg.com/lightweight-charts@4.2.0/dist/lightweight-charts.standalone.production.js:6:140944)
    at pb (https://unpkg.com/lightweight-charts@4.2.0/dist/lightweight-charts.standalone.production.js:6:144421)
    at <anonymous> (https://unpkg.com/lightweight-charts@4.2.0/dist/lightweight-charts.standalone.production.js:6:144919)
[   35246ms] Uncaught Error: Value is null
    at f (https://unpkg.com/lightweight-charts@4.2.0/dist/lightweight-charts.standalone.production.js:6:2212)
    at Candlestick (https://unpkg.com/lightweight-charts@4.2.0/dist/lightweight-charts.standalone.production.js:6:46283)
    at Hs (https://unpkg.com/lightweight-charts@4.2.0/dist/lightweight-charts.standalone.production.js:6:47531)
    at ne (https://unpkg.com/lightweight-charts@4.2.0/dist/lightweight-charts.standalone.production.js:6:30743)
    at <anonymous> (https://unpkg.com/lightweight-charts@4.2.0/dist/lightweight-charts.standalone.production.js:6:27092)
    at qs (https://unpkg.com/lightweight-charts@4.2.0/dist/lightweight-charts.standalone.production.js:6:27079)
    at Fs (https://unpkg.com/lightweight-charts@4.2.0/dist/lightweight-charts.standalone.production.js:6:24555)
    at gt (https://unpkg.com/lightweight-charts@4.2.0/dist/lightweight-charts.standalone.production.js:6:24390)
    at ms (https://unpkg.com/lightweight-charts@4.2.0/dist/lightweight-charts.standalone.production.js:6:107028)
    at gm (https://unpkg.com/lightweight-charts@4.2.0/dist/lightweight-charts.standalone.production.js:6:128830)
    at dm (https://unpkg.com/lightweight-charts@4.2.0/dist/lightweight-charts.standalone.production.js:6:128672)
    at fp (https://unpkg.com/lightweight-charts@4.2.0/dist/lightweight-charts.standalone.production.js:6:127898)
    at fp (https://unpkg.com/lightweight-charts@4.2.0/dist/lightweight-charts.standalone.production.js:6:140944)
    at pb (https://unpkg.com/lightweight-charts@4.2.0/dist/lightweight-charts.standalone.production.js:6:144421)
    at <anonymous> (https://unpkg.com/lightweight-charts@4.2.0/dist/lightweight-charts.standalone.production.js:6:144919)
[   35260ms] Uncaught Error: Value is null
    at f (https://unpkg.com/lightweight-charts@4.2.0/dist/lightweight-charts.standalone.production.js:6:2212)
    at Candlestick (https://unpkg.com/lightweight-charts@4.2.0/dist/lightweight-charts.standalone.production.js:6:46283)
    at Hs (https://unpkg.com/lightweight-charts@4.2.0/dist/lightweight-charts.standalone.production.js:6:47531)
    at ne (https://unpkg.com/lightweight-charts@4.2.0/dist/lightweight-charts.standalone.production.js:6:30743)
    at <anonymous> (https://unpkg.com/lightweight-charts@4.2.0/dist/lightweight-charts.standalone.production.js:6:27092)
    at qs (https://unpkg.com/lightweight-charts@4.2.0/dist/lightweight-charts.standalone.production.js:6:27079)
    at Fs (https://unpkg.com/lightweight-charts@4.2.0/dist/lightweight-charts.standalone.production.js:6:24555)
    at gt (https://unpkg.com/lightweight-charts@4.2.0/dist/lightweight-charts.standalone.production.js:6:24390)
    at ms (https://unpkg.com/lightweight-charts@4.2.0/dist/lightweight-charts.standalone.production.js:6:107028)
    at gm (https://unpkg.com/lightweight-charts@4.2.0/dist/lightweight-charts.standalone.production.js:6:128830)
    at dm (https://unpkg.com/lightweight-charts@4.2.0/dist/lightweight-charts.standalone.production.js:6:128672)
    at fp (https://unpkg.com/lightweight-charts@4.2.0/dist/lightweight-charts.standalone.production.js:6:127898)
    at fp (https://unpkg.com/lightweight-charts@4.2.0/dist/lightweight-charts.standalone.production.js:6:140944)
    at pb (https://unpkg.com/lightweight-charts@4.2.0/dist/lightweight-charts.standalone.production.js:6:144421)
    at <anonymous> (https://unpkg.com/lightweight-charts@4.2.0/dist/lightweight-charts.standalone.production.js:6:144919)
[   35278ms] Uncaught Error: Value is null
    at f (https://unpkg.com/lightweight-charts@4.2.0/dist/lightweight-charts.standalone.production.js:6:2212)
    at Candlestick (https://unpkg.com/lightweight-charts@4.2.0/dist/lightweight-charts.standalone.production.js:6:46283)
    at Hs (https://unpkg.com/lightweight-charts@4.2.0/dist/lightweight-charts.standalone.production.js:6:47531)
    at ne (https://unpkg.com/lightweight-charts@4.2.0/dist/lightweight-charts.standalone.production.js:6:30743)
    at <anonymous> (https://unpkg.com/lightweight-charts@4.2.0/dist/lightweight-charts.standalone.production.js:6:27092)
    at qs (https://unpkg.com/lightweight-charts@4.2.0/dist/lightweight-charts.standalone.production.js:6:27079)
    at Fs (https://unpkg.com/lightweight-charts@4.2.0/dist/lightweight-charts.standalone.production.js:6:24555)
    at gt (https://unpkg.com/lightweight-charts@4.2.0/dist/lightweight-charts.standalone.production.js:6:24390)
    at ms (https://unpkg.com/lightweight-charts@4.2.0/dist/lightweight-charts.standalone.production.js:6:107028)
    at gm (https://unpkg.com/lightweight-charts@4.2.0/dist/lightweight-charts.standalone.production.js:6:128830)
    at dm (https://unpkg.com/lightweight-charts@4.2.0/dist/lightweight-charts.standalone.production.js:6:128672)
    at fp (https://unpkg.com/lightweight-charts@4.2.0/dist/lightweight-charts.standalone.production.js:6:127898)
    at fp (https://unpkg.com/lightweight-charts@4.2.0/dist/lightweight-charts.standalone.production.js:6:140944)
    at pb (https://unpkg.com/lightweight-charts@4.2.0/dist/lightweight-charts.standalone.production.js:6:144421)
    at <anonymous> (https://unpkg.com/lightweight-charts@4.2.0/dist/lightweight-charts.standalone.production.js:6:144919)
[   35294ms] Uncaught Error: Value is null
    at f (https://unpkg.com/lightweight-charts@4.2.0/dist/lightweight-charts.standalone.production.js:6:2212)
    at Candlestick (https://unpkg.com/lightweight-charts@4.2.0/dist/lightweight-charts.standalone.production.js:6:46283)
    at Hs (https://unpkg.com/lightweight-charts@4.2.0/dist/lightweight-charts.standalone.production.js:6:47531)
    at ne (https://unpkg.com/lightweight-charts@4.2.0/dist/lightweight-charts.standalone.production.js:6:30743)
    at <anonymous> (https://unpkg.com/lightweight-charts@4.2.0/dist/lightweight-charts.standalone.production.js:6:27092)
    at qs (https://unpkg.com/lightweight-charts@4.2.0/dist/lightweight-charts.standalone.production.js:6:27079)
    at Fs (https://unpkg.com/lightweight-charts@4.2.0/dist/lightweight-charts.standalone.production.js:6:24555)
    at gt (https://unpkg.com/lightweight-charts@4.2.0/dist/lightweight-charts.standalone.production.js:6:24390)
    at ms (https://unpkg.com/lightweight-charts@4.2.0/dist/lightweight-charts.standalone.production.js:6:107028)
    at gm (https://unpkg.com/lightweight-charts@4.2.0/dist/lightweight-charts.standalone.production.js:6:128830)
    at dm (https://unpkg.com/lightweight-charts@4.2.0/dist/lightweight-charts.standalone.production.js:6:128672)
    at fp (https://unpkg.com/lightweight-charts@4.2.0/dist/lightweight-charts.standalone.production.js:6:127898)
    at fp (https://unpkg.com/lightweight-charts@4.2.0/dist/lightweight-charts.standalone.production.js:6:140944)
    at pb (https://unpkg.com/lightweight-charts@4.2.0/dist/lightweight-charts.standalone.production.js:6:144421)
    at <anonymous> (https://unpkg.com/lightweight-charts@4.2.0/dist/lightweight-charts.standalone.production.js:6:144919)
[   35310ms] Uncaught Error: Value is null
    at f (https://unpkg.com/lightweight-charts@4.2.0/dist/lightweight-charts.standalone.production.js:6:2212)
    at Candlestick (https://unpkg.com/lightweight-charts@4.2.0/dist/lightweight-charts.standalone.production.js:6:46283)
    at Hs (https://unpkg.com/lightweight-charts@4.2.0/dist/lightweight-charts.standalone.production.js:6:47531)
    at ne (https://unpkg.com/lightweight-charts@4.2.0/dist/lightweight-charts.standalone.production.js:6:30743)
    at <anonymous> (https://unpkg.com/lightweight-charts@4.2.0/dist/lightweight-charts.standalone.production.js:6:27092)
    at qs (https://unpkg.com/lightweight-charts@4.2.0/dist/lightweight-charts.standalone.production.js:6:27079)
    at Fs (https://unpkg.com/lightweight-charts@4.2.0/dist/lightweight-charts.standalone.production.js:6:24555)
    at gt (https://unpkg.com/lightweight-charts@4.2.0/dist/lightweight-charts.standalone.production.js:6:24390)
    at ms (https://unpkg.com/lightweight-charts@4.2.0/dist/lightweight-charts.standalone.production.js:6:107028)
    at gm (https://unpkg.com/lightweight-charts@4.2.0/dist/lightweight-charts.standalone.production.js:6:128830)
    at dm (https://unpkg.com/lightweight-charts@4.2.0/dist/lightweight-charts.standalone.production.js:6:128672)
    at fp (https://unpkg.com/lightweight-charts@4.2.0/dist/lightweight-charts.standalone.production.js:6:127898)
    at fp (https://unpkg.com/lightweight-charts@4.2.0/dist/lightweight-charts.standalone.production.js:6:140944)
    at pb (https://unpkg.com/lightweight-charts@4.2.0/dist/lightweight-charts.standalone.production.js:6:144421)
    at <anonymous> (https://unpkg.com/lightweight-charts@4.2.0/dist/lightweight-charts.standalone.production.js:6:144919)
[   35329ms] Uncaught Error: Value is null
    at f (https://unpkg.com/lightweight-charts@4.2.0/dist/lightweight-charts.standalone.production.js:6:2212)
    at Candlestick (https://unpkg.com/lightweight-charts@4.2.0/dist/lightweight-charts.standalone.production.js:6:46283)
    at Hs (https://unpkg.com/lightweight-charts@4.2.0/dist/lightweight-charts.standalone.production.js:6:47531)
    at ne (https://unpkg.com/lightweight-charts@4.2.0/dist/lightweight-charts.standalone.production.js:6:30743)
    at <anonymous> (https://unpkg.com/lightweight-charts@4.2.0/dist/lightweight-charts.standalone.production.js:6:27092)
    at qs (https://unpkg.com/lightweight-charts@4.2.0/dist/lightweight-charts.standalone.production.js:6:27079)
    at Fs (https://unpkg.com/lightweight-charts@4.2.0/dist/lightweight-charts.standalone.production.js:6:24555)
    at gt (https://unpkg.com/lightweight-charts@4.2.0/dist/lightweight-charts.standalone.production.js:6:24390)
    at ms (https://unpkg.com/lightweight-charts@4.2.0/dist/lightweight-charts.standalone.production.js:6:107028)
    at gm (https://unpkg.com/lightweight-charts@4.2.0/dist/lightweight-charts.standalone.production.js:6:128830)
    at dm (https://unpkg.com/lightweight-charts@4.2.0/dist/lightweight-charts.standalone.production.js:6:128672)
    at fp (https://unpkg.com/lightweight-charts@4.2.0/dist/lightweight-charts.standalone.production.js:6:127898)
    at fp (https://unpkg.com/lightweight-charts@4.2.0/dist/lightweight-charts.standalone.production.js:6:140944)
    at pb (https://unpkg.com/lightweight-charts@4.2.0/dist/lightweight-charts.standalone.production.js:6:144421)
    at <anonymous> (https://unpkg.com/lightweight-charts@4.2.0/dist/lightweight-charts.standalone.production.js:6:144919)
[   35344ms] Uncaught Error: Value is null
    at f (https://unpkg.com/lightweight-charts@4.2.0/dist/lightweight-charts.standalone.production.js:6:2212)
    at Candlestick (https://unpkg.com/lightweight-charts@4.2.0/dist/lightweight-charts.standalone.production.js:6:46283)
    at Hs (https://unpkg.com/lightweight-charts@4.2.0/dist/lightweight-charts.standalone.production.js:6:47531)
    at ne (https://unpkg.com/lightweight-charts@4.2.0/dist/lightweight-charts.standalone.production.js:6:30743)
    at <anonymous> (https://unpkg.com/lightweight-charts@4.2.0/dist/lightweight-charts.standalone.production.js:6:27092)
    at qs (https://unpkg.com/lightweight-charts@4.2.0/dist/lightweight-charts.standalone.production.js:6:27079)
    at Fs (https://unpkg.com/lightweight-charts@4.2.0/dist/lightweight-charts.standalone.production.js:6:24555)
    at gt (https://unpkg.com/lightweight-charts@4.2.0/dist/lightweight-charts.standalone.production.js:6:24390)
    at ms (https://unpkg.com/lightweight-charts@4.2.0/dist/lightweight-charts.standalone.production.js:6:107028)
    at gm (https://unpkg.com/lightweight-charts@4.2.0/dist/lightweight-charts.standalone.production.js:6:128830)
    at dm (https://unpkg.com/lightweight-charts@4.2.0/dist/lightweight-charts.standalone.production.js:6:128672)
    at fp (https://unpkg.com/lightweight-charts@4.2.0/dist/lightweight-charts.standalone.production.js:6:127898)
    at fp (https://unpkg.com/lightweight-charts@4.2.0/dist/lightweight-charts.standalone.production.js:6:140944)
    at pb (https://unpkg.com/lightweight-charts@4.2.0/dist/lightweight-charts.standalone.production.js:6:144421)
    at <anonymous> (https://unpkg.com/lightweight-charts@4.2.0/dist/lightweight-charts.standalone.production.js:6:144919)
[   35361ms] Uncaught Error: Value is null
    at f (https://unpkg.com/lightweight-charts@4.2.0/dist/lightweight-charts.standalone.production.js:6:2212)
    at Candlestick (https://unpkg.com/lightweight-charts@4.2.0/dist/lightweight-charts.standalone.production.js:6:46283)
    at Hs (https://unpkg.com/lightweight-charts@4.2.0/dist/lightweight-charts.standalone.production.js:6:47531)
    at ne (https://unpkg.com/lightweight-charts@4.2.0/dist/lightweight-charts.standalone.production.js:6:30743)
    at <anonymous> (https://unpkg.com/lightweight-charts@4.2.0/dist/lightweight-charts.standalone.production.js:6:27092)
    at qs (https://unpkg.com/lightweight-charts@4.2.0/dist/lightweight-charts.standalone.production.js:6:27079)
    at Fs (https://unpkg.com/lightweight-charts@4.2.0/dist/lightweight-charts.standalone.production.js:6:24555)
    at gt (https://unpkg.com/lightweight-charts@4.2.0/dist/lightweight-charts.standalone.production.js:6:24390)
    at ms (https://unpkg.com/lightweight-charts@4.2.0/dist/lightweight-charts.standalone.production.js:6:107028)
    at gm (https://unpkg.com/lightweight-charts@4.2.0/dist/lightweight-charts.standalone.production.js:6:128830)
    at dm (https://unpkg.com/lightweight-charts@4.2.0/dist/lightweight-charts.standalone.production.js:6:128672)
    at fp (https://unpkg.com/lightweight-charts@4.2.0/dist/lightweight-charts.standalone.production.js:6:127898)
    at fp (https://unpkg.com/lightweight-charts@4.2.0/dist/lightweight-charts.standalone.production.js:6:140944)
    at pb (https://unpkg.com/lightweight-charts@4.2.0/dist/lightweight-charts.standalone.production.js:6:144421)
    at <anonymous> (https://unpkg.com/lightweight-charts@4.2.0/dist/lightweight-charts.standalone.production.js:6:144919)
[   35378ms] Uncaught Error: Value is null
    at f (https://unpkg.com/lightweight-charts@4.2.0/dist/lightweight-charts.standalone.production.js:6:2212)
    at Candlestick (https://unpkg.com/lightweight-charts@4.2.0/dist/lightweight-charts.standalone.production.js:6:46283)
    at Hs (https://unpkg.com/lightweight-charts@4.2.0/dist/lightweight-charts.standalone.production.js:6:47531)
    at ne (https://unpkg.com/lightweight-charts@4.2.0/dist/lightweight-charts.standalone.production.js:6:30743)
    at <anonymous> (https://unpkg.com/lightweight-charts@4.2.0/dist/lightweight-charts.standalone.production.js:6:27092)
    at qs (https://unpkg.com/lightweight-charts@4.2.0/dist/lightweight-charts.standalone.production.js:6:27079)
    at Fs (https://unpkg.com/lightweight-charts@4.2.0/dist/lightweight-charts.standalone.production.js:6:24555)
    at gt (https://unpkg.com/lightweight-charts@4.2.0/dist/lightweight-charts.standalone.production.js:6:24390)
    at ms (https://unpkg.com/lightweight-charts@4.2.0/dist/lightweight-charts.standalone.production.js:6:107028)
    at gm (https://unpkg.com/lightweight-charts@4.2.0/dist/lightweight-charts.standalone.production.js:6:128830)
    at dm (https://unpkg.com/lightweight-charts@4.2.0/dist/lightweight-charts.standalone.production.js:6:128672)
    at fp (https://unpkg.com/lightweight-charts@4.2.0/dist/lightweight-charts.standalone.production.js:6:127898)
    at fp (https://unpkg.com/lightweight-charts@4.2.0/dist/lightweight-charts.standalone.production.js:6:140944)
    at pb (https://unpkg.com/lightweight-charts@4.2.0/dist/lightweight-charts.standalone.production.js:6:144421)
    at <anonymous> (https://unpkg.com/lightweight-charts@4.2.0/dist/lightweight-charts.standalone.production.js:6:144919)
[   35393ms] Uncaught Error: Value is null
    at f (https://unpkg.com/lightweight-charts@4.2.0/dist/lightweight-charts.standalone.production.js:6:2212)
    at Candlestick (https://unpkg.com/lightweight-charts@4.2.0/dist/lightweight-charts.standalone.production.js:6:46283)
    at Hs (https://unpkg.com/lightweight-charts@4.2.0/dist/lightweight-charts.standalone.production.js:6:47531)
    at ne (https://unpkg.com/lightweight-charts@4.2.0/dist/lightweight-charts.standalone.production.js:6:30743)
    at <anonymous> (https://unpkg.com/lightweight-charts@4.2.0/dist/lightweight-charts.standalone.production.js:6:27092)
    at qs (https://unpkg.com/lightweight-charts@4.2.0/dist/lightweight-charts.standalone.production.js:6:27079)
    at Fs (https://unpkg.com/lightweight-charts@4.2.0/dist/lightweight-charts.standalone.production.js:6:24555)
    at gt (https://unpkg.com/lightweight-charts@4.2.0/dist/lightweight-charts.standalone.production.js:6:24390)
    at ms (https://unpkg.com/lightweight-charts@4.2.0/dist/lightweight-charts.standalone.production.js:6:107028)
    at gm (https://unpkg.com/lightweight-charts@4.2.0/dist/lightweight-charts.standalone.production.js:6:128830)
    at dm (https://unpkg.com/lightweight-charts@4.2.0/dist/lightweight-charts.standalone.production.js:6:128672)
    at fp (https://unpkg.com/lightweight-charts@4.2.0/dist/lightweight-charts.standalone.production.js:6:127898)
    at fp (https://unpkg.com/lightweight-charts@4.2.0/dist/lightweight-charts.standalone.production.js:6:140944)
    at pb (https://unpkg.com/lightweight-charts@4.2.0/dist/lightweight-charts.standalone.production.js:6:144421)
    at <anonymous> (https://unpkg.com/lightweight-charts@4.2.0/dist/lightweight-charts.standalone.production.js:6:144919)
[   35762ms] Uncaught Error: Value is null
    at f (https://unpkg.com/lightweight-charts@4.2.0/dist/lightweight-charts.standalone.production.js:6:2212)
    at Candlestick (https://unpkg.com/lightweight-charts@4.2.0/dist/lightweight-charts.standalone.production.js:6:46283)
    at Hs (https://unpkg.com/lightweight-charts@4.2.0/dist/lightweight-charts.standalone.production.js:6:47531)
    at ne (https://unpkg.com/lightweight-charts@4.2.0/dist/lightweight-charts.standalone.production.js:6:30743)
    at <anonymous> (https://unpkg.com/lightweight-charts@4.2.0/dist/lightweight-charts.standalone.production.js:6:27092)
    at qs (https://unpkg.com/lightweight-charts@4.2.0/dist/lightweight-charts.standalone.production.js:6:27079)
    at Fs (https://unpkg.com/lightweight-charts@4.2.0/dist/lightweight-charts.standalone.production.js:6:24555)
    at gt (https://unpkg.com/lightweight-charts@4.2.0/dist/lightweight-charts.standalone.production.js:6:24390)
    at ms (https://unpkg.com/lightweight-charts@4.2.0/dist/lightweight-charts.standalone.production.js:6:107028)
    at gm (https://unpkg.com/lightweight-charts@4.2.0/dist/lightweight-charts.standalone.production.js:6:128830)
    at dm (https://unpkg.com/lightweight-charts@4.2.0/dist/lightweight-charts.standalone.production.js:6:128672)
    at fp (https://unpkg.com/lightweight-charts@4.2.0/dist/lightweight-charts.standalone.production.js:6:127898)
    at fp (https://unpkg.com/lightweight-charts@4.2.0/dist/lightweight-charts.standalone.production.js:6:140944)
    at pb (https://unpkg.com/lightweight-charts@4.2.0/dist/lightweight-charts.standalone.production.js:6:144421)
    at <anonymous> (https://unpkg.com/lightweight-charts@4.2.0/dist/lightweight-charts.standalone.production.js:6:144919)
[   35780ms] Uncaught Error: Value is null
    at f (https://unpkg.com/lightweight-charts@4.2.0/dist/lightweight-charts.standalone.production.js:6:2212)
    at Candlestick (https://unpkg.com/lightweight-charts@4.2.0/dist/lightweight-charts.standalone.production.js:6:46283)
    at Hs (https://unpkg.com/lightweight-charts@4.2.0/dist/lightweight-charts.standalone.production.js:6:47531)
    at ne (https://unpkg.com/lightweight-charts@4.2.0/dist/lightweight-charts.standalone.production.js:6:30743)
    at <anonymous> (https://unpkg.com/lightweight-charts@4.2.0/dist/lightweight-charts.standalone.production.js:6:27092)
    at qs (https://unpkg.com/lightweight-charts@4.2.0/dist/lightweight-charts.standalone.production.js:6:27079)
    at Fs (https://unpkg.com/lightweight-charts@4.2.0/dist/lightweight-charts.standalone.production.js:6:24555)
    at gt (https://unpkg.com/lightweight-charts@4.2.0/dist/lightweight-charts.standalone.production.js:6:24390)
    at ms (https://unpkg.com/lightweight-charts@4.2.0/dist/lightweight-charts.standalone.production.js:6:107028)
    at gm (https://unpkg.com/lightweight-charts@4.2.0/dist/lightweight-charts.standalone.production.js:6:128830)
    at dm (https://unpkg.com/lightweight-charts@4.2.0/dist/lightweight-charts.standalone.production.js:6:128672)
    at fp (https://unpkg.com/lightweight-charts@4.2.0/dist/lightweight-charts.standalone.production.js:6:127898)
    at fp (https://unpkg.com/lightweight-charts@4.2.0/dist/lightweight-charts.standalone.production.js:6:140944)
    at pb (https://unpkg.com/lightweight-charts@4.2.0/dist/lightweight-charts.standalone.production.js:6:144421)
    at <anonymous> (https://unpkg.com/lightweight-charts@4.2.0/dist/lightweight-charts.standalone.production.js:6:144919)
[   35785ms] Uncaught Error: Value is null
    at f (https://unpkg.com/lightweight-charts@4.2.0/dist/lightweight-charts.standalone.production.js:6:2212)
    at Candlestick (https://unpkg.com/lightweight-charts@4.2.0/dist/lightweight-charts.standalone.production.js:6:46283)
    at Hs (https://unpkg.com/lightweight-charts@4.2.0/dist/lightweight-charts.standalone.production.js:6:47531)
    at ne (https://unpkg.com/lightweight-charts@4.2.0/dist/lightweight-charts.standalone.production.js:6:30743)
    at <anonymous> (https://unpkg.com/lightweight-charts@4.2.0/dist/lightweight-charts.standalone.production.js:6:27092)
    at qs (https://unpkg.com/lightweight-charts@4.2.0/dist/lightweight-charts.standalone.production.js:6:27079)
    at Fs (https://unpkg.com/lightweight-charts@4.2.0/dist/lightweight-charts.standalone.production.js:6:24555)
    at gt (https://unpkg.com/lightweight-charts@4.2.0/dist/lightweight-charts.standalone.production.js:6:24390)
    at ms (https://unpkg.com/lightweight-charts@4.2.0/dist/lightweight-charts.standalone.production.js:6:107028)
    at gm (https://unpkg.com/lightweight-charts@4.2.0/dist/lightweight-charts.standalone.production.js:6:128830)
    at dm (https://unpkg.com/lightweight-charts@4.2.0/dist/lightweight-charts.standalone.production.js:6:128672)
    at fp (https://unpkg.com/lightweight-charts@4.2.0/dist/lightweight-charts.standalone.production.js:6:127898)
    at fp (https://unpkg.com/lightweight-charts@4.2.0/dist/lightweight-charts.standalone.production.js:6:140944)
    at pb (https://unpkg.com/lightweight-charts@4.2.0/dist/lightweight-charts.standalone.production.js:6:144421)
    at <anonymous> (https://unpkg.com/lightweight-charts@4.2.0/dist/lightweight-charts.standalone.production.js:6:144919)
[   35808ms] Uncaught Error: Value is null
    at f (https://unpkg.com/lightweight-charts@4.2.0/dist/lightweight-charts.standalone.production.js:6:2212)
    at Candlestick (https://unpkg.com/lightweight-charts@4.2.0/dist/lightweight-charts.standalone.production.js:6:46283)
    at Hs (https://unpkg.com/lightweight-charts@4.2.0/dist/lightweight-charts.standalone.production.js:6:47531)
    at ne (https://unpkg.com/lightweight-charts@4.2.0/dist/lightweight-charts.standalone.production.js:6:30743)
    at <anonymous> (https://unpkg.com/lightweight-charts@4.2.0/dist/lightweight-charts.standalone.production.js:6:27092)
    at qs (https://unpkg.com/lightweight-charts@4.2.0/dist/lightweight-charts.standalone.production.js:6:27079)
    at Fs (https://unpkg.com/lightweight-charts@4.2.0/dist/lightweight-charts.standalone.production.js:6:24555)
    at gt (https://unpkg.com/lightweight-charts@4.2.0/dist/lightweight-charts.standalone.production.js:6:24390)
    at ms (https://unpkg.com/lightweight-charts@4.2.0/dist/lightweight-charts.standalone.production.js:6:107028)
    at gm (https://unpkg.com/lightweight-charts@4.2.0/dist/lightweight-charts.standalone.production.js:6:128830)
    at dm (https://unpkg.com/lightweight-charts@4.2.0/dist/lightweight-charts.standalone.production.js:6:128672)
    at fp (https://unpkg.com/lightweight-charts@4.2.0/dist/lightweight-charts.standalone.production.js:6:127898)
    at fp (https://unpkg.com/lightweight-charts@4.2.0/dist/lightweight-charts.standalone.production.js:6:140944)
    at pb (https://unpkg.com/lightweight-charts@4.2.0/dist/lightweight-charts.standalone.production.js:6:144421)
    at <anonymous> (https://unpkg.com/lightweight-charts@4.2.0/dist/lightweight-charts.standalone.production.js:6:144919)
[   35809ms] Uncaught Error: Value is null
    at f (https://unpkg.com/lightweight-charts@4.2.0/dist/lightweight-charts.standalone.production.js:6:2212)
    at Candlestick (https://unpkg.com/lightweight-charts@4.2.0/dist/lightweight-charts.standalone.production.js:6:46283)
    at Hs (https://unpkg.com/lightweight-charts@4.2.0/dist/lightweight-charts.standalone.production.js:6:47531)
    at ne (https://unpkg.com/lightweight-charts@4.2.0/dist/lightweight-charts.standalone.production.js:6:30743)
    at <anonymous> (https://unpkg.com/lightweight-charts@4.2.0/dist/lightweight-charts.standalone.production.js:6:27092)
    at qs (https://unpkg.com/lightweight-charts@4.2.0/dist/lightweight-charts.standalone.production.js:6:27079)
    at Fs (https://unpkg.com/lightweight-charts@4.2.0/dist/lightweight-charts.standalone.production.js:6:24555)
    at gt (https://unpkg.com/lightweight-charts@4.2.0/dist/lightweight-charts.standalone.production.js:6:24390)
    at ms (https://unpkg.com/lightweight-charts@4.2.0/dist/lightweight-charts.standalone.production.js:6:107028)
    at gm (https://unpkg.com/lightweight-charts@4.2.0/dist/lightweight-charts.standalone.production.js:6:128830)
    at dm (https://unpkg.com/lightweight-charts@4.2.0/dist/lightweight-charts.standalone.production.js:6:128672)
    at fp (https://unpkg.com/lightweight-charts@4.2.0/dist/lightweight-charts.standalone.production.js:6:127898)
    at fp (https://unpkg.com/lightweight-charts@4.2.0/dist/lightweight-charts.standalone.production.js:6:140944)
    at pb (https://unpkg.com/lightweight-charts@4.2.0/dist/lightweight-charts.standalone.production.js:6:144421)
    at <anonymous> (https://unpkg.com/lightweight-charts@4.2.0/dist/lightweight-charts.standalone.production.js:6:144919)
[   35809ms] Uncaught Error: Value is null
    at f (https://unpkg.com/lightweight-charts@4.2.0/dist/lightweight-charts.standalone.production.js:6:2212)
    at Candlestick (https://unpkg.com/lightweight-charts@4.2.0/dist/lightweight-charts.standalone.production.js:6:46283)
    at Hs (https://unpkg.com/lightweight-charts@4.2.0/dist/lightweight-charts.standalone.production.js:6:47531)
    at ne (https://unpkg.com/lightweight-charts@4.2.0/dist/lightweight-charts.standalone.production.js:6:30743)
    at <anonymous> (https://unpkg.com/lightweight-charts@4.2.0/dist/lightweight-charts.standalone.production.js:6:27092)
    at qs (https://unpkg.com/lightweight-charts@4.2.0/dist/lightweight-charts.standalone.production.js:6:27079)
    at Fs (https://unpkg.com/lightweight-charts@4.2.0/dist/lightweight-charts.standalone.production.js:6:24555)
    at gt (https://unpkg.com/lightweight-charts@4.2.0/dist/lightweight-charts.standalone.production.js:6:24390)
    at ms (https://unpkg.com/lightweight-charts@4.2.0/dist/lightweight-charts.standalone.production.js:6:107028)
    at gm (https://unpkg.com/lightweight-charts@4.2.0/dist/lightweight-charts.standalone.production.js:6:128830)
    at dm (https://unpkg.com/lightweight-charts@4.2.0/dist/lightweight-charts.standalone.production.js:6:128672)
    at fp (https://unpkg.com/lightweight-charts@4.2.0/dist/lightweight-charts.standalone.production.js:6:127898)
    at fp (https://unpkg.com/lightweight-charts@4.2.0/dist/lightweight-charts.standalone.production.js:6:140944)
    at pb (https://unpkg.com/lightweight-charts@4.2.0/dist/lightweight-charts.standalone.production.js:6:144421)
    at <anonymous> (https://unpkg.com/lightweight-charts@4.2.0/dist/lightweight-charts.standalone.production.js:6:144919)
[   35809ms] Uncaught Error: Value is null
    at f (https://unpkg.com/lightweight-charts@4.2.0/dist/lightweight-charts.standalone.production.js:6:2212)
    at Candlestick (https://unpkg.com/lightweight-charts@4.2.0/dist/lightweight-charts.standalone.production.js:6:46283)
    at Hs (https://unpkg.com/lightweight-charts@4.2.0/dist/lightweight-charts.standalone.production.js:6:47531)
    at ne (https://unpkg.com/lightweight-charts@4.2.0/dist/lightweight-charts.standalone.production.js:6:30743)
    at <anonymous> (https://unpkg.com/lightweight-charts@4.2.0/dist/lightweight-charts.standalone.production.js:6:27092)
    at qs (https://unpkg.com/lightweight-charts@4.2.0/dist/lightweight-charts.standalone.production.js:6:27079)
    at Fs (https://unpkg.com/lightweight-charts@4.2.0/dist/lightweight-charts.standalone.production.js:6:24555)
    at gt (https://unpkg.com/lightweight-charts@4.2.0/dist/lightweight-charts.standalone.production.js:6:24390)
    at ms (https://unpkg.com/lightweight-charts@4.2.0/dist/lightweight-charts.standalone.production.js:6:107028)
    at gm (https://unpkg.com/lightweight-charts@4.2.0/dist/lightweight-charts.standalone.production.js:6:128830)
    at dm (https://unpkg.com/lightweight-charts@4.2.0/dist/lightweight-charts.standalone.production.js:6:128672)
    at fp (https://unpkg.com/lightweight-charts@4.2.0/dist/lightweight-charts.standalone.production.js:6:127898)
    at fp (https://unpkg.com/lightweight-charts@4.2.0/dist/lightweight-charts.standalone.production.js:6:140944)
    at pb (https://unpkg.com/lightweight-charts@4.2.0/dist/lightweight-charts.standalone.production.js:6:144421)
    at <anonymous> (https://unpkg.com/lightweight-charts@4.2.0/dist/lightweight-charts.standalone.production.js:6:144919)
[   35809ms] Uncaught Error: Value is null
    at f (https://unpkg.com/lightweight-charts@4.2.0/dist/lightweight-charts.standalone.production.js:6:2212)
    at Candlestick (https://unpkg.com/lightweight-charts@4.2.0/dist/lightweight-charts.standalone.production.js:6:46283)
    at Hs (https://unpkg.com/lightweight-charts@4.2.0/dist/lightweight-charts.standalone.production.js:6:47531)
    at ne (https://unpkg.com/lightweight-charts@4.2.0/dist/lightweight-charts.standalone.production.js:6:30743)
    at <anonymous> (https://unpkg.com/lightweight-charts@4.2.0/dist/lightweight-charts.standalone.production.js:6:27092)
    at qs (https://unpkg.com/lightweight-charts@4.2.0/dist/lightweight-charts.standalone.production.js:6:27079)
    at Fs (https://unpkg.com/lightweight-charts@4.2.0/dist/lightweight-charts.standalone.production.js:6:24555)
    at gt (https://unpkg.com/lightweight-charts@4.2.0/dist/lightweight-charts.standalone.production.js:6:24390)
    at ms (https://unpkg.com/lightweight-charts@4.2.0/dist/lightweight-charts.standalone.production.js:6:107028)
    at gm (https://unpkg.com/lightweight-charts@4.2.0/dist/lightweight-charts.standalone.production.js:6:128830)
    at dm (https://unpkg.com/lightweight-charts@4.2.0/dist/lightweight-charts.standalone.production.js:6:128672)
    at fp (https://unpkg.com/lightweight-charts@4.2.0/dist/lightweight-charts.standalone.production.js:6:127898)
    at fp (https://unpkg.com/lightweight-charts@4.2.0/dist/lightweight-charts.standalone.production.js:6:140944)
    at pb (https://unpkg.com/lightweight-charts@4.2.0/dist/lightweight-charts.standalone.production.js:6:144421)
    at <anonymous> (https://unpkg.com/lightweight-charts@4.2.0/dist/lightweight-charts.standalone.production.js:6:144919)
[   35809ms] Uncaught Error: Value is null
    at f (https://unpkg.com/lightweight-charts@4.2.0/dist/lightweight-charts.standalone.production.js:6:2212)
    at Candlestick (https://unpkg.com/lightweight-charts@4.2.0/dist/lightweight-charts.standalone.production.js:6:46283)
    at Hs (https://unpkg.com/lightweight-charts@4.2.0/dist/lightweight-charts.standalone.production.js:6:47531)
    at ne (https://unpkg.com/lightweight-charts@4.2.0/dist/lightweight-charts.standalone.production.js:6:30743)
    at <anonymous> (https://unpkg.com/lightweight-charts@4.2.0/dist/lightweight-charts.standalone.production.js:6:27092)
    at qs (https://unpkg.com/lightweight-charts@4.2.0/dist/lightweight-charts.standalone.production.js:6:27079)
    at Fs (https://unpkg.com/lightweight-charts@4.2.0/dist/lightweight-charts.standalone.production.js:6:24555)
    at gt (https://unpkg.com/lightweight-charts@4.2.0/dist/lightweight-charts.standalone.production.js:6:24390)
    at ms (https://unpkg.com/lightweight-charts@4.2.0/dist/lightweight-charts.standalone.production.js:6:107028)
    at gm (https://unpkg.com/lightweight-charts@4.2.0/dist/lightweight-charts.standalone.production.js:6:128830)
    at dm (https://unpkg.com/lightweight-charts@4.2.0/dist/lightweight-charts.standalone.production.js:6:128672)
    at fp (https://unpkg.com/lightweight-charts@4.2.0/dist/lightweight-charts.standalone.production.js:6:127898)
    at fp (https://unpkg.com/lightweight-charts@4.2.0/dist/lightweight-charts.standalone.production.js:6:140944)
    at pb (https://unpkg.com/lightweight-charts@4.2.0/dist/lightweight-charts.standalone.production.js:6:144421)
    at <anonymous> (https://unpkg.com/lightweight-charts@4.2.0/dist/lightweight-charts.standalone.production.js:6:144919)
[   35809ms] Uncaught Error: Value is null
    at f (https://unpkg.com/lightweight-charts@4.2.0/dist/lightweight-charts.standalone.production.js:6:2212)
    at Candlestick (https://unpkg.com/lightweight-charts@4.2.0/dist/lightweight-charts.standalone.production.js:6:46283)
    at Hs (https://unpkg.com/lightweight-charts@4.2.0/dist/lightweight-charts.standalone.production.js:6:47531)
    at ne (https://unpkg.com/lightweight-charts@4.2.0/dist/lightweight-charts.standalone.production.js:6:30743)
    at <anonymous> (https://unpkg.com/lightweight-charts@4.2.0/dist/lightweight-charts.standalone.production.js:6:27092)
    at qs (https://unpkg.com/lightweight-charts@4.2.0/dist/lightweight-charts.standalone.production.js:6:27079)
    at Fs (https://unpkg.com/lightweight-charts@4.2.0/dist/lightweight-charts.standalone.production.js:6:24555)
    at gt (https://unpkg.com/lightweight-charts@4.2.0/dist/lightweight-charts.standalone.production.js:6:24390)
    at ms (https://unpkg.com/lightweight-charts@4.2.0/dist/lightweight-charts.standalone.production.js:6:107028)
    at gm (https://unpkg.com/lightweight-charts@4.2.0/dist/lightweight-charts.standalone.production.js:6:128830)
    at dm (https://unpkg.com/lightweight-charts@4.2.0/dist/lightweight-charts.standalone.production.js:6:128672)
    at fp (https://unpkg.com/lightweight-charts@4.2.0/dist/lightweight-charts.standalone.production.js:6:127898)
    at fp (https://unpkg.com/lightweight-charts@4.2.0/dist/lightweight-charts.standalone.production.js:6:140944)
    at pb (https://unpkg.com/lightweight-charts@4.2.0/dist/lightweight-charts.standalone.production.js:6:144421)
    at <anonymous> (https://unpkg.com/lightweight-charts@4.2.0/dist/lightweight-charts.standalone.production.js:6:144919)
[   35809ms] Uncaught Error: Value is null
    at f (https://unpkg.com/lightweight-charts@4.2.0/dist/lightweight-charts.standalone.production.js:6:2212)
    at Candlestick (https://unpkg.com/lightweight-charts@4.2.0/dist/lightweight-charts.standalone.production.js:6:46283)
    at Hs (https://unpkg.com/lightweight-charts@4.2.0/dist/lightweight-charts.standalone.production.js:6:47531)
    at ne (https://unpkg.com/lightweight-charts@4.2.0/dist/lightweight-charts.standalone.production.js:6:30743)
    at <anonymous> (https://unpkg.com/lightweight-charts@4.2.0/dist/lightweight-charts.standalone.production.js:6:27092)
    at qs (https://unpkg.com/lightweight-charts@4.2.0/dist/lightweight-charts.standalone.production.js:6:27079)
    at Fs (https://unpkg.com/lightweight-charts@4.2.0/dist/lightweight-charts.standalone.production.js:6:24555)
    at gt (https://unpkg.com/lightweight-charts@4.2.0/dist/lightweight-charts.standalone.production.js:6:24390)
    at ms (https://unpkg.com/lightweight-charts@4.2.0/dist/lightweight-charts.standalone.production.js:6:107028)
    at gm (https://unpkg.com/lightweight-charts@4.2.0/dist/lightweight-charts.standalone.production.js:6:128830)
    at dm (https://unpkg.com/lightweight-charts@4.2.0/dist/lightweight-charts.standalone.production.js:6:128672)
    at fp (https://unpkg.com/lightweight-charts@4.2.0/dist/lightweight-charts.standalone.production.js:6:127898)
    at fp (https://unpkg.com/lightweight-charts@4.2.0/dist/lightweight-charts.standalone.production.js:6:140944)
    at pb (https://unpkg.com/lightweight-charts@4.2.0/dist/lightweight-charts.standalone.production.js:6:144421)
    at <anonymous> (https://unpkg.com/lightweight-charts@4.2.0/dist/lightweight-charts.standalone.production.js:6:144919)
[   35809ms] Uncaught Error: Value is null
    at f (https://unpkg.com/lightweight-charts@4.2.0/dist/lightweight-charts.standalone.production.js:6:2212)
    at Candlestick (https://unpkg.com/lightweight-charts@4.2.0/dist/lightweight-charts.standalone.production.js:6:46283)
    at Hs (https://unpkg.com/lightweight-charts@4.2.0/dist/lightweight-charts.standalone.production.js:6:47531)
    at ne (https://unpkg.com/lightweight-charts@4.2.0/dist/lightweight-charts.standalone.production.js:6:30743)
    at <anonymous> (https://unpkg.com/lightweight-charts@4.2.0/dist/lightweight-charts.standalone.production.js:6:27092)
    at qs (https://unpkg.com/lightweight-charts@4.2.0/dist/lightweight-charts.standalone.production.js:6:27079)
    at Fs (https://unpkg.com/lightweight-charts@4.2.0/dist/lightweight-charts.standalone.production.js:6:24555)
    at gt (https://unpkg.com/lightweight-charts@4.2.0/dist/lightweight-charts.standalone.production.js:6:24390)
    at ms (https://unpkg.com/lightweight-charts@4.2.0/dist/lightweight-charts.standalone.production.js:6:107028)
    at gm (https://unpkg.com/lightweight-charts@4.2.0/dist/lightweight-charts.standalone.production.js:6:128830)
    at dm (https://unpkg.com/lightweight-charts@4.2.0/dist/lightweight-charts.standalone.production.js:6:128672)
    at fp (https://unpkg.com/lightweight-charts@4.2.0/dist/lightweight-charts.standalone.production.js:6:127898)
    at fp (https://unpkg.com/lightweight-charts@4.2.0/dist/lightweight-charts.standalone.production.js:6:140944)
    at pb (https://unpkg.com/lightweight-charts@4.2.0/dist/lightweight-charts.standalone.production.js:6:144421)
    at <anonymous> (https://unpkg.com/lightweight-charts@4.2.0/dist/lightweight-charts.standalone.production.js:6:144919)
[   35809ms] Uncaught Error: Value is null
    at f (https://unpkg.com/lightweight-charts@4.2.0/dist/lightweight-charts.standalone.production.js:6:2212)
    at Candlestick (https://unpkg.com/lightweight-charts@4.2.0/dist/lightweight-charts.standalone.production.js:6:46283)
    at Hs (https://unpkg.com/lightweight-charts@4.2.0/dist/lightweight-charts.standalone.production.js:6:47531)
    at ne (https://unpkg.com/lightweight-charts@4.2.0/dist/lightweight-charts.standalone.production.js:6:30743)
    at <anonymous> (https://unpkg.com/lightweight-charts@4.2.0/dist/lightweight-charts.standalone.production.js:6:27092)
    at qs (https://unpkg.com/lightweight-charts@4.2.0/dist/lightweight-charts.standalone.production.js:6:27079)
    at Fs (https://unpkg.com/lightweight-charts@4.2.0/dist/lightweight-charts.standalone.production.js:6:24555)
    at gt (https://unpkg.com/lightweight-charts@4.2.0/dist/lightweight-charts.standalone.production.js:6:24390)
    at ms (https://unpkg.com/lightweight-charts@4.2.0/dist/lightweight-charts.standalone.production.js:6:107028)
    at gm (https://unpkg.com/lightweight-charts@4.2.0/dist/lightweight-charts.standalone.production.js:6:128830)
    at dm (https://unpkg.com/lightweight-charts@4.2.0/dist/lightweight-charts.standalone.production.js:6:128672)
    at fp (https://unpkg.com/lightweight-charts@4.2.0/dist/lightweight-charts.standalone.production.js:6:127898)
    at fp (https://unpkg.com/lightweight-charts@4.2.0/dist/lightweight-charts.standalone.production.js:6:140944)
    at pb (https://unpkg.com/lightweight-charts@4.2.0/dist/lightweight-charts.standalone.production.js:6:144421)
    at <anonymous> (https://unpkg.com/lightweight-charts@4.2.0/dist/lightweight-charts.standalone.production.js:6:144919)
[   35810ms] Uncaught Error: Value is null
    at f (https://unpkg.com/lightweight-charts@4.2.0/dist/lightweight-charts.standalone.production.js:6:2212)
    at Candlestick (https://unpkg.com/lightweight-charts@4.2.0/dist/lightweight-charts.standalone.production.js:6:46283)
    at Hs (https://unpkg.com/lightweight-charts@4.2.0/dist/lightweight-charts.standalone.production.js:6:47531)
    at ne (https://unpkg.com/lightweight-charts@4.2.0/dist/lightweight-charts.standalone.production.js:6:30743)
    at <anonymous> (https://unpkg.com/lightweight-charts@4.2.0/dist/lightweight-charts.standalone.production.js:6:27092)
    at qs (https://unpkg.com/lightweight-charts@4.2.0/dist/lightweight-charts.standalone.production.js:6:27079)
    at Fs (https://unpkg.com/lightweight-charts@4.2.0/dist/lightweight-charts.standalone.production.js:6:24555)
    at gt (https://unpkg.com/lightweight-charts@4.2.0/dist/lightweight-charts.standalone.production.js:6:24390)
    at ms (https://unpkg.com/lightweight-charts@4.2.0/dist/lightweight-charts.standalone.production.js:6:107028)
    at gm (https://unpkg.com/lightweight-charts@4.2.0/dist/lightweight-charts.standalone.production.js:6:128830)
    at dm (https://unpkg.com/lightweight-charts@4.2.0/dist/lightweight-charts.standalone.production.js:6:128672)
    at fp (https://unpkg.com/lightweight-charts@4.2.0/dist/lightweight-charts.standalone.production.js:6:127898)
    at fp (https://unpkg.com/lightweight-charts@4.2.0/dist/lightweight-charts.standalone.production.js:6:140944)
    at pb (https://unpkg.com/lightweight-charts@4.2.0/dist/lightweight-charts.standalone.production.js:6:144421)
    at <anonymous> (https://unpkg.com/lightweight-charts@4.2.0/dist/lightweight-charts.standalone.production.js:6:144919)
[   35810ms] Uncaught Error: Value is null
    at f (https://unpkg.com/lightweight-charts@4.2.0/dist/lightweight-charts.standalone.production.js:6:2212)
    at Candlestick (https://unpkg.com/lightweight-charts@4.2.0/dist/lightweight-charts.standalone.production.js:6:46283)
    at Hs (https://unpkg.com/lightweight-charts@4.2.0/dist/lightweight-charts.standalone.production.js:6:47531)
    at ne (https://unpkg.com/lightweight-charts@4.2.0/dist/lightweight-charts.standalone.production.js:6:30743)
    at <anonymous> (https://unpkg.com/lightweight-charts@4.2.0/dist/lightweight-charts.standalone.production.js:6:27092)
    at qs (https://unpkg.com/lightweight-charts@4.2.0/dist/lightweight-charts.standalone.production.js:6:27079)
    at Fs (https://unpkg.com/lightweight-charts@4.2.0/dist/lightweight-charts.standalone.production.js:6:24555)
    at gt (https://unpkg.com/lightweight-charts@4.2.0/dist/lightweight-charts.standalone.production.js:6:24390)
    at Cs (https://unpkg.com/lightweight-charts@4.2.0/dist/lightweight-charts.standalone.production.js:6:114569)
    at <anonymous> (https://unpkg.com/lightweight-charts@4.2.0/dist/lightweight-charts.standalone.production.js:6:126899)
    at br (https://unpkg.com/lightweight-charts@4.2.0/dist/lightweight-charts.standalone.production.js:6:127066)
    at Qf (https://unpkg.com/lightweight-charts@4.2.0/dist/lightweight-charts.standalone.production.js:6:125276)
    at $f (https://unpkg.com/lightweight-charts@4.2.0/dist/lightweight-charts.standalone.production.js:6:113659)
    at Gf (https://unpkg.com/lightweight-charts@4.2.0/dist/lightweight-charts.standalone.production.js:6:108846)
[   35813ms] Uncaught Error: Value is null
    at f (https://unpkg.com/lightweight-charts@4.2.0/dist/lightweight-charts.standalone.production.js:6:2212)
    at Candlestick (https://unpkg.com/lightweight-charts@4.2.0/dist/lightweight-charts.standalone.production.js:6:46283)
    at Hs (https://unpkg.com/lightweight-charts@4.2.0/dist/lightweight-charts.standalone.production.js:6:47531)
    at ne (https://unpkg.com/lightweight-charts@4.2.0/dist/lightweight-charts.standalone.production.js:6:30743)
    at <anonymous> (https://unpkg.com/lightweight-charts@4.2.0/dist/lightweight-charts.standalone.production.js:6:27092)
    at qs (https://unpkg.com/lightweight-charts@4.2.0/dist/lightweight-charts.standalone.production.js:6:27079)
    at Fs (https://unpkg.com/lightweight-charts@4.2.0/dist/lightweight-charts.standalone.production.js:6:24555)
    at gt (https://unpkg.com/lightweight-charts@4.2.0/dist/lightweight-charts.standalone.production.js:6:24390)
    at Cs (https://unpkg.com/lightweight-charts@4.2.0/dist/lightweight-charts.standalone.production.js:6:114569)
    at <anonymous> (https://unpkg.com/lightweight-charts@4.2.0/dist/lightweight-charts.standalone.production.js:6:126899)
    at br (https://unpkg.com/lightweight-charts@4.2.0/dist/lightweight-charts.standalone.production.js:6:127066)
    at Qf (https://unpkg.com/lightweight-charts@4.2.0/dist/lightweight-charts.standalone.production.js:6:125276)
    at $f (https://unpkg.com/lightweight-charts@4.2.0/dist/lightweight-charts.standalone.production.js:6:113659)
    at Gf (https://unpkg.com/lightweight-charts@4.2.0/dist/lightweight-charts.standalone.production.js:6:108846)
[   35813ms] Uncaught Error: Value is null
    at f (https://unpkg.com/lightweight-charts@4.2.0/dist/lightweight-charts.standalone.production.js:6:2212)
    at Candlestick (https://unpkg.com/lightweight-charts@4.2.0/dist/lightweight-charts.standalone.production.js:6:46283)
    at Hs (https://unpkg.com/lightweight-charts@4.2.0/dist/lightweight-charts.standalone.production.js:6:47531)
    at ne (https://unpkg.com/lightweight-charts@4.2.0/dist/lightweight-charts.standalone.production.js:6:30743)
    at <anonymous> (https://unpkg.com/lightweight-charts@4.2.0/dist/lightweight-charts.standalone.production.js:6:27092)
    at qs (https://unpkg.com/lightweight-charts@4.2.0/dist/lightweight-charts.standalone.production.js:6:27079)
    at Fs (https://unpkg.com/lightweight-charts@4.2.0/dist/lightweight-charts.standalone.production.js:6:24555)
    at gt (https://unpkg.com/lightweight-charts@4.2.0/dist/lightweight-charts.standalone.production.js:6:24390)
    at Cs (https://unpkg.com/lightweight-charts@4.2.0/dist/lightweight-charts.standalone.production.js:6:114569)
    at <anonymous> (https://unpkg.com/lightweight-charts@4.2.0/dist/lightweight-charts.standalone.production.js:6:126899)
    at br (https://unpkg.com/lightweight-charts@4.2.0/dist/lightweight-charts.standalone.production.js:6:127066)
    at Qf (https://unpkg.com/lightweight-charts@4.2.0/dist/lightweight-charts.standalone.production.js:6:125276)
    at $f (https://unpkg.com/lightweight-charts@4.2.0/dist/lightweight-charts.standalone.production.js:6:113659)
    at Gf (https://unpkg.com/lightweight-charts@4.2.0/dist/lightweight-charts.standalone.production.js:6:108846)
[   35813ms] Uncaught Error: Value is null
    at f (https://unpkg.com/lightweight-charts@4.2.0/dist/lightweight-charts.standalone.production.js:6:2212)
    at Candlestick (https://unpkg.com/lightweight-charts@4.2.0/dist/lightweight-charts.standalone.production.js:6:46283)
    at Hs (https://unpkg.com/lightweight-charts@4.2.0/dist/lightweight-charts.standalone.production.js:6:47531)
    at ne (https://unpkg.com/lightweight-charts@4.2.0/dist/lightweight-charts.standalone.production.js:6:30743)
    at <anonymous> (https://unpkg.com/lightweight-charts@4.2.0/dist/lightweight-charts.standalone.production.js:6:27092)
    at qs (https://unpkg.com/lightweight-charts@4.2.0/dist/lightweight-charts.standalone.production.js:6:27079)
    at Fs (https://unpkg.com/lightweight-charts@4.2.0/dist/lightweight-charts.standalone.production.js:6:24555)
    at gt (https://unpkg.com/lightweight-charts@4.2.0/dist/lightweight-charts.standalone.production.js:6:24390)
    at Cs (https://unpkg.com/lightweight-charts@4.2.0/dist/lightweight-charts.standalone.production.js:6:114569)
    at <anonymous> (https://unpkg.com/lightweight-charts@4.2.0/dist/lightweight-charts.standalone.production.js:6:126899)
    at br (https://unpkg.com/lightweight-charts@4.2.0/dist/lightweight-charts.standalone.production.js:6:127066)
    at Qf (https://unpkg.com/lightweight-charts@4.2.0/dist/lightweight-charts.standalone.production.js:6:125276)
    at $f (https://unpkg.com/lightweight-charts@4.2.0/dist/lightweight-charts.standalone.production.js:6:113659)
    at Gf (https://unpkg.com/lightweight-charts@4.2.0/dist/lightweight-charts.standalone.production.js:6:108846)
[   35813ms] Uncaught Error: Value is null
    at f (https://unpkg.com/lightweight-charts@4.2.0/dist/lightweight-charts.standalone.production.js:6:2212)
    at Candlestick (https://unpkg.com/lightweight-charts@4.2.0/dist/lightweight-charts.standalone.production.js:6:46283)
    at Hs (https://unpkg.com/lightweight-charts@4.2.0/dist/lightweight-charts.standalone.production.js:6:47531)
    at ne (https://unpkg.com/lightweight-charts@4.2.0/dist/lightweight-charts.standalone.production.js:6:30743)
    at <anonymous> (https://unpkg.com/lightweight-charts@4.2.0/dist/lightweight-charts.standalone.production.js:6:27092)
    at qs (https://unpkg.com/lightweight-charts@4.2.0/dist/lightweight-charts.standalone.production.js:6:27079)
    at Fs (https://unpkg.com/lightweight-charts@4.2.0/dist/lightweight-charts.standalone.production.js:6:24555)
    at gt (https://unpkg.com/lightweight-charts@4.2.0/dist/lightweight-charts.standalone.production.js:6:24390)
    at Cs (https://unpkg.com/lightweight-charts@4.2.0/dist/lightweight-charts.standalone.production.js:6:114569)
    at <anonymous> (https://unpkg.com/lightweight-charts@4.2.0/dist/lightweight-charts.standalone.production.js:6:126899)
    at br (https://unpkg.com/lightweight-charts@4.2.0/dist/lightweight-charts.standalone.production.js:6:127066)
    at Qf (https://unpkg.com/lightweight-charts@4.2.0/dist/lightweight-charts.standalone.production.js:6:125276)
    at $f (https://unpkg.com/lightweight-charts@4.2.0/dist/lightweight-charts.standalone.production.js:6:113659)
    at Gf (https://unpkg.com/lightweight-charts@4.2.0/dist/lightweight-charts.standalone.production.js:6:108846)
[   35834ms] Uncaught Error: Value is null
    at f (https://unpkg.com/lightweight-charts@4.2.0/dist/lightweight-charts.standalone.production.js:6:2212)
    at Candlestick (https://unpkg.com/lightweight-charts@4.2.0/dist/lightweight-charts.standalone.production.js:6:46283)
    at Hs (https://unpkg.com/lightweight-charts@4.2.0/dist/lightweight-charts.standalone.production.js:6:47531)
    at ne (https://unpkg.com/lightweight-charts@4.2.0/dist/lightweight-charts.standalone.production.js:6:30743)
    at <anonymous> (https://unpkg.com/lightweight-charts@4.2.0/dist/lightweight-charts.standalone.production.js:6:27092)
    at qs (https://unpkg.com/lightweight-charts@4.2.0/dist/lightweight-charts.standalone.production.js:6:27079)
    at Fs (https://unpkg.com/lightweight-charts@4.2.0/dist/lightweight-charts.standalone.production.js:6:24555)
    at gt (https://unpkg.com/lightweight-charts@4.2.0/dist/lightweight-charts.standalone.production.js:6:24390)
    at Cs (https://unpkg.com/lightweight-charts@4.2.0/dist/lightweight-charts.standalone.production.js:6:114569)
    at <anonymous> (https://unpkg.com/lightweight-charts@4.2.0/dist/lightweight-charts.standalone.production.js:6:126899)
    at br (https://unpkg.com/lightweight-charts@4.2.0/dist/lightweight-charts.standalone.production.js:6:127066)
    at Qf (https://unpkg.com/lightweight-charts@4.2.0/dist/lightweight-charts.standalone.production.js:6:125276)
    at $f (https://unpkg.com/lightweight-charts@4.2.0/dist/lightweight-charts.standalone.production.js:6:113659)
    at Gf (https://unpkg.com/lightweight-charts@4.2.0/dist/lightweight-charts.standalone.production.js:6:108846)
[   35856ms] Uncaught Error: Value is null
    at f (https://unpkg.com/lightweight-charts@4.2.0/dist/lightweight-charts.standalone.production.js:6:2212)
    at Candlestick (https://unpkg.com/lightweight-charts@4.2.0/dist/lightweight-charts.standalone.production.js:6:46283)
    at Hs (https://unpkg.com/lightweight-charts@4.2.0/dist/lightweight-charts.standalone.production.js:6:47531)
    at ne (https://unpkg.com/lightweight-charts@4.2.0/dist/lightweight-charts.standalone.production.js:6:30743)
    at <anonymous> (https://unpkg.com/lightweight-charts@4.2.0/dist/lightweight-charts.standalone.production.js:6:27092)
    at qs (https://unpkg.com/lightweight-charts@4.2.0/dist/lightweight-charts.standalone.production.js:6:27079)
    at Fs (https://unpkg.com/lightweight-charts@4.2.0/dist/lightweight-charts.standalone.production.js:6:24555)
    at gt (https://unpkg.com/lightweight-charts@4.2.0/dist/lightweight-charts.standalone.production.js:6:24390)
    at Cs (https://unpkg.com/lightweight-charts@4.2.0/dist/lightweight-charts.standalone.production.js:6:114569)
    at <anonymous> (https://unpkg.com/lightweight-charts@4.2.0/dist/lightweight-charts.standalone.production.js:6:126899)
    at br (https://unpkg.com/lightweight-charts@4.2.0/dist/lightweight-charts.standalone.production.js:6:127066)
    at Qf (https://unpkg.com/lightweight-charts@4.2.0/dist/lightweight-charts.standalone.production.js:6:125276)
    at $f (https://unpkg.com/lightweight-charts@4.2.0/dist/lightweight-charts.standalone.production.js:6:113659)
    at Gf (https://unpkg.com/lightweight-charts@4.2.0/dist/lightweight-charts.standalone.production.js:6:108846)
[   35856ms] Uncaught Error: Value is null
    at f (https://unpkg.com/lightweight-charts@4.2.0/dist/lightweight-charts.standalone.production.js:6:2212)
    at Candlestick (https://unpkg.com/lightweight-charts@4.2.0/dist/lightweight-charts.standalone.production.js:6:46283)
    at Hs (https://unpkg.com/lightweight-charts@4.2.0/dist/lightweight-charts.standalone.production.js:6:47531)
    at ne (https://unpkg.com/lightweight-charts@4.2.0/dist/lightweight-charts.standalone.production.js:6:30743)
    at <anonymous> (https://unpkg.com/lightweight-charts@4.2.0/dist/lightweight-charts.standalone.production.js:6:27092)
    at qs (https://unpkg.com/lightweight-charts@4.2.0/dist/lightweight-charts.standalone.production.js:6:27079)
    at Fs (https://unpkg.com/lightweight-charts@4.2.0/dist/lightweight-charts.standalone.production.js:6:24555)
    at gt (https://unpkg.com/lightweight-charts@4.2.0/dist/lightweight-charts.standalone.production.js:6:24390)
    at Cs (https://unpkg.com/lightweight-charts@4.2.0/dist/lightweight-charts.standalone.production.js:6:114569)
    at <anonymous> (https://unpkg.com/lightweight-charts@4.2.0/dist/lightweight-charts.standalone.production.js:6:126899)
    at br (https://unpkg.com/lightweight-charts@4.2.0/dist/lightweight-charts.standalone.production.js:6:127066)
    at Qf (https://unpkg.com/lightweight-charts@4.2.0/dist/lightweight-charts.standalone.production.js:6:125276)
    at $f (https://unpkg.com/lightweight-charts@4.2.0/dist/lightweight-charts.standalone.production.js:6:113659)
    at Gf (https://unpkg.com/lightweight-charts@4.2.0/dist/lightweight-charts.standalone.production.js:6:108846)
[   35856ms] Uncaught Error: Value is null
    at f (https://unpkg.com/lightweight-charts@4.2.0/dist/lightweight-charts.standalone.production.js:6:2212)
    at Candlestick (https://unpkg.com/lightweight-charts@4.2.0/dist/lightweight-charts.standalone.production.js:6:46283)
    at Hs (https://unpkg.com/lightweight-charts@4.2.0/dist/lightweight-charts.standalone.production.js:6:47531)
    at ne (https://unpkg.com/lightweight-charts@4.2.0/dist/lightweight-charts.standalone.production.js:6:30743)
    at <anonymous> (https://unpkg.com/lightweight-charts@4.2.0/dist/lightweight-charts.standalone.production.js:6:27092)
    at qs (https://unpkg.com/lightweight-charts@4.2.0/dist/lightweight-charts.standalone.production.js:6:27079)
    at Fs (https://unpkg.com/lightweight-charts@4.2.0/dist/lightweight-charts.standalone.production.js:6:24555)
    at gt (https://unpkg.com/lightweight-charts@4.2.0/dist/lightweight-charts.standalone.production.js:6:24390)
    at Cs (https://unpkg.com/lightweight-charts@4.2.0/dist/lightweight-charts.standalone.production.js:6:114569)
    at <anonymous> (https://unpkg.com/lightweight-charts@4.2.0/dist/lightweight-charts.standalone.production.js:6:126899)
    at br (https://unpkg.com/lightweight-charts@4.2.0/dist/lightweight-charts.standalone.production.js:6:127066)
    at Qf (https://unpkg.com/lightweight-charts@4.2.0/dist/lightweight-charts.standalone.production.js:6:125276)
    at $f (https://unpkg.com/lightweight-charts@4.2.0/dist/lightweight-charts.standalone.production.js:6:113659)
    at Gf (https://unpkg.com/lightweight-charts@4.2.0/dist/lightweight-charts.standalone.production.js:6:108846)
[   35880ms] Uncaught Error: Value is null
    at f (https://unpkg.com/lightweight-charts@4.2.0/dist/lightweight-charts.standalone.production.js:6:2212)
    at Candlestick (https://unpkg.com/lightweight-charts@4.2.0/dist/lightweight-charts.standalone.production.js:6:46283)
    at Hs (https://unpkg.com/lightweight-charts@4.2.0/dist/lightweight-charts.standalone.production.js:6:47531)
    at ne (https://unpkg.com/lightweight-charts@4.2.0/dist/lightweight-charts.standalone.production.js:6:30743)
    at <anonymous> (https://unpkg.com/lightweight-charts@4.2.0/dist/lightweight-charts.standalone.production.js:6:27092)
    at qs (https://unpkg.com/lightweight-charts@4.2.0/dist/lightweight-charts.standalone.production.js:6:27079)
    at Fs (https://unpkg.com/lightweight-charts@4.2.0/dist/lightweight-charts.standalone.production.js:6:24555)
    at gt (https://unpkg.com/lightweight-charts@4.2.0/dist/lightweight-charts.standalone.production.js:6:24390)
    at Cs (https://unpkg.com/lightweight-charts@4.2.0/dist/lightweight-charts.standalone.production.js:6:114569)
    at <anonymous> (https://unpkg.com/lightweight-charts@4.2.0/dist/lightweight-charts.standalone.production.js:6:126899)
    at br (https://unpkg.com/lightweight-charts@4.2.0/dist/lightweight-charts.standalone.production.js:6:127066)
    at Qf (https://unpkg.com/lightweight-charts@4.2.0/dist/lightweight-charts.standalone.production.js:6:125276)
    at $f (https://unpkg.com/lightweight-charts@4.2.0/dist/lightweight-charts.standalone.production.js:6:113659)
    at Gf (https://unpkg.com/lightweight-charts@4.2.0/dist/lightweight-charts.standalone.production.js:6:108846)
[   35881ms] Uncaught Error: Value is null
    at f (https://unpkg.com/lightweight-charts@4.2.0/dist/lightweight-charts.standalone.production.js:6:2212)
    at Candlestick (https://unpkg.com/lightweight-charts@4.2.0/dist/lightweight-charts.standalone.production.js:6:46283)
    at Hs (https://unpkg.com/lightweight-charts@4.2.0/dist/lightweight-charts.standalone.production.js:6:47531)
    at ne (https://unpkg.com/lightweight-charts@4.2.0/dist/lightweight-charts.standalone.production.js:6:30743)
    at <anonymous> (https://unpkg.com/lightweight-charts@4.2.0/dist/lightweight-charts.standalone.production.js:6:27092)
    at qs (https://unpkg.com/lightweight-charts@4.2.0/dist/lightweight-charts.standalone.production.js:6:27079)
    at Fs (https://unpkg.com/lightweight-charts@4.2.0/dist/lightweight-charts.standalone.production.js:6:24555)
    at gt (https://unpkg.com/lightweight-charts@4.2.0/dist/lightweight-charts.standalone.production.js:6:24390)
    at Cs (https://unpkg.com/lightweight-charts@4.2.0/dist/lightweight-charts.standalone.production.js:6:114569)
    at <anonymous> (https://unpkg.com/lightweight-charts@4.2.0/dist/lightweight-charts.standalone.production.js:6:126899)
    at br (https://unpkg.com/lightweight-charts@4.2.0/dist/lightweight-charts.standalone.production.js:6:127066)
    at Qf (https://unpkg.com/lightweight-charts@4.2.0/dist/lightweight-charts.standalone.production.js:6:125276)
    at $f (https://unpkg.com/lightweight-charts@4.2.0/dist/lightweight-charts.standalone.production.js:6:113659)
    at Gf (https://unpkg.com/lightweight-charts@4.2.0/dist/lightweight-charts.standalone.production.js:6:108846)
[   35891ms] Uncaught Error: Value is null
    at f (https://unpkg.com/lightweight-charts@4.2.0/dist/lightweight-charts.standalone.production.js:6:2212)
    at Candlestick (https://unpkg.com/lightweight-charts@4.2.0/dist/lightweight-charts.standalone.production.js:6:46283)
    at Hs (https://unpkg.com/lightweight-charts@4.2.0/dist/lightweight-charts.standalone.production.js:6:47531)
    at ne (https://unpkg.com/lightweight-charts@4.2.0/dist/lightweight-charts.standalone.production.js:6:30743)
    at <anonymous> (https://unpkg.com/lightweight-charts@4.2.0/dist/lightweight-charts.standalone.production.js:6:27092)
    at qs (https://unpkg.com/lightweight-charts@4.2.0/dist/lightweight-charts.standalone.production.js:6:27079)
    at Fs (https://unpkg.com/lightweight-charts@4.2.0/dist/lightweight-charts.standalone.production.js:6:24555)
    at gt (https://unpkg.com/lightweight-charts@4.2.0/dist/lightweight-charts.standalone.production.js:6:24390)
    at Cs (https://unpkg.com/lightweight-charts@4.2.0/dist/lightweight-charts.standalone.production.js:6:114569)
    at <anonymous> (https://unpkg.com/lightweight-charts@4.2.0/dist/lightweight-charts.standalone.production.js:6:126899)
    at br (https://unpkg.com/lightweight-charts@4.2.0/dist/lightweight-charts.standalone.production.js:6:127066)
    at Qf (https://unpkg.com/lightweight-charts@4.2.0/dist/lightweight-charts.standalone.production.js:6:125276)
    at $f (https://unpkg.com/lightweight-charts@4.2.0/dist/lightweight-charts.standalone.production.js:6:113659)
    at Gf (https://unpkg.com/lightweight-charts@4.2.0/dist/lightweight-charts.standalone.production.js:6:108846)
[   35896ms] Uncaught Error: Value is null
    at f (https://unpkg.com/lightweight-charts@4.2.0/dist/lightweight-charts.standalone.production.js:6:2212)
    at Candlestick (https://unpkg.com/lightweight-charts@4.2.0/dist/lightweight-charts.standalone.production.js:6:46283)
    at Hs (https://unpkg.com/lightweight-charts@4.2.0/dist/lightweight-charts.standalone.production.js:6:47531)
    at ne (https://unpkg.com/lightweight-charts@4.2.0/dist/lightweight-charts.standalone.production.js:6:30743)
    at <anonymous> (https://unpkg.com/lightweight-charts@4.2.0/dist/lightweight-charts.standalone.production.js:6:27092)
    at qs (https://unpkg.com/lightweight-charts@4.2.0/dist/lightweight-charts.standalone.production.js:6:27079)
    at Fs (https://unpkg.com/lightweight-charts@4.2.0/dist/lightweight-charts.standalone.production.js:6:24555)
    at gt (https://unpkg.com/lightweight-charts@4.2.0/dist/lightweight-charts.standalone.production.js:6:24390)
    at Cs (https://unpkg.com/lightweight-charts@4.2.0/dist/lightweight-charts.standalone.production.js:6:114569)
    at <anonymous> (https://unpkg.com/lightweight-charts@4.2.0/dist/lightweight-charts.standalone.production.js:6:126899)
    at br (https://unpkg.com/lightweight-charts@4.2.0/dist/lightweight-charts.standalone.production.js:6:127066)
    at Qf (https://unpkg.com/lightweight-charts@4.2.0/dist/lightweight-charts.standalone.production.js:6:125276)
    at $f (https://unpkg.com/lightweight-charts@4.2.0/dist/lightweight-charts.standalone.production.js:6:113659)
    at Gf (https://unpkg.com/lightweight-charts@4.2.0/dist/lightweight-charts.standalone.production.js:6:108846)
[   35914ms] Uncaught Error: Value is null
    at f (https://unpkg.com/lightweight-charts@4.2.0/dist/lightweight-charts.standalone.production.js:6:2212)
    at Candlestick (https://unpkg.com/lightweight-charts@4.2.0/dist/lightweight-charts.standalone.production.js:6:46283)
    at Hs (https://unpkg.com/lightweight-charts@4.2.0/dist/lightweight-charts.standalone.production.js:6:47531)
    at ne (https://unpkg.com/lightweight-charts@4.2.0/dist/lightweight-charts.standalone.production.js:6:30743)
    at <anonymous> (https://unpkg.com/lightweight-charts@4.2.0/dist/lightweight-charts.standalone.production.js:6:27092)
    at qs (https://unpkg.com/lightweight-charts@4.2.0/dist/lightweight-charts.standalone.production.js:6:27079)
    at Fs (https://unpkg.com/lightweight-charts@4.2.0/dist/lightweight-charts.standalone.production.js:6:24555)
    at gt (https://unpkg.com/lightweight-charts@4.2.0/dist/lightweight-charts.standalone.production.js:6:24390)
    at Cs (https://unpkg.com/lightweight-charts@4.2.0/dist/lightweight-charts.standalone.production.js:6:114569)
    at <anonymous> (https://unpkg.com/lightweight-charts@4.2.0/dist/lightweight-charts.standalone.production.js:6:126899)
    at br (https://unpkg.com/lightweight-charts@4.2.0/dist/lightweight-charts.standalone.production.js:6:127066)
    at Qf (https://unpkg.com/lightweight-charts@4.2.0/dist/lightweight-charts.standalone.production.js:6:125276)
    at $f (https://unpkg.com/lightweight-charts@4.2.0/dist/lightweight-charts.standalone.production.js:6:113659)
    at Gf (https://unpkg.com/lightweight-charts@4.2.0/dist/lightweight-charts.standalone.production.js:6:108846)
[   36274ms] Uncaught Error: Value is null
    at f (https://unpkg.com/lightweight-charts@4.2.0/dist/lightweight-charts.standalone.production.js:6:2212)
    at Candlestick (https://unpkg.com/lightweight-charts@4.2.0/dist/lightweight-charts.standalone.production.js:6:46283)
    at Hs (https://unpkg.com/lightweight-charts@4.2.0/dist/lightweight-charts.standalone.production.js:6:47531)
    at ne (https://unpkg.com/lightweight-charts@4.2.0/dist/lightweight-charts.standalone.production.js:6:30743)
    at <anonymous> (https://unpkg.com/lightweight-charts@4.2.0/dist/lightweight-charts.standalone.production.js:6:27092)
    at qs (https://unpkg.com/lightweight-charts@4.2.0/dist/lightweight-charts.standalone.production.js:6:27079)
    at Fs (https://unpkg.com/lightweight-charts@4.2.0/dist/lightweight-charts.standalone.production.js:6:24555)
    at gt (https://unpkg.com/lightweight-charts@4.2.0/dist/lightweight-charts.standalone.production.js:6:24390)
    at ms (https://unpkg.com/lightweight-charts@4.2.0/dist/lightweight-charts.standalone.production.js:6:107028)
    at gm (https://unpkg.com/lightweight-charts@4.2.0/dist/lightweight-charts.standalone.production.js:6:128830)
    at dm (https://unpkg.com/lightweight-charts@4.2.0/dist/lightweight-charts.standalone.production.js:6:128672)
    at fp (https://unpkg.com/lightweight-charts@4.2.0/dist/lightweight-charts.standalone.production.js:6:127898)
    at fp (https://unpkg.com/lightweight-charts@4.2.0/dist/lightweight-charts.standalone.production.js:6:140944)
    at pb (https://unpkg.com/lightweight-charts@4.2.0/dist/lightweight-charts.standalone.production.js:6:144421)
    at <anonymous> (https://unpkg.com/lightweight-charts@4.2.0/dist/lightweight-charts.standalone.production.js:6:144919)
[   36306ms] Uncaught Error: Value is null
    at f (https://unpkg.com/lightweight-charts@4.2.0/dist/lightweight-charts.standalone.production.js:6:2212)
    at Candlestick (https://unpkg.com/lightweight-charts@4.2.0/dist/lightweight-charts.standalone.production.js:6:46283)
    at Hs (https://unpkg.com/lightweight-charts@4.2.0/dist/lightweight-charts.standalone.production.js:6:47531)
    at ne (https://unpkg.com/lightweight-charts@4.2.0/dist/lightweight-charts.standalone.production.js:6:30743)
    at <anonymous> (https://unpkg.com/lightweight-charts@4.2.0/dist/lightweight-charts.standalone.production.js:6:27092)
    at qs (https://unpkg.com/lightweight-charts@4.2.0/dist/lightweight-charts.standalone.production.js:6:27079)
    at Fs (https://unpkg.com/lightweight-charts@4.2.0/dist/lightweight-charts.standalone.production.js:6:24555)
    at gt (https://unpkg.com/lightweight-charts@4.2.0/dist/lightweight-charts.standalone.production.js:6:24390)
    at ms (https://unpkg.com/lightweight-charts@4.2.0/dist/lightweight-charts.standalone.production.js:6:107028)
    at gm (https://unpkg.com/lightweight-charts@4.2.0/dist/lightweight-charts.standalone.production.js:6:128830)
    at dm (https://unpkg.com/lightweight-charts@4.2.0/dist/lightweight-charts.standalone.production.js:6:128672)
    at fp (https://unpkg.com/lightweight-charts@4.2.0/dist/lightweight-charts.standalone.production.js:6:127898)
    at fp (https://unpkg.com/lightweight-charts@4.2.0/dist/lightweight-charts.standalone.production.js:6:140944)
    at pb (https://unpkg.com/lightweight-charts@4.2.0/dist/lightweight-charts.standalone.production.js:6:144421)
    at <anonymous> (https://unpkg.com/lightweight-charts@4.2.0/dist/lightweight-charts.standalone.production.js:6:144919)
[   36322ms] Uncaught Error: Value is null
    at f (https://unpkg.com/lightweight-charts@4.2.0/dist/lightweight-charts.standalone.production.js:6:2212)
    at Candlestick (https://unpkg.com/lightweight-charts@4.2.0/dist/lightweight-charts.standalone.production.js:6:46283)
    at Hs (https://unpkg.com/lightweight-charts@4.2.0/dist/lightweight-charts.standalone.production.js:6:47531)
    at ne (https://unpkg.com/lightweight-charts@4.2.0/dist/lightweight-charts.standalone.production.js:6:30743)
    at <anonymous> (https://unpkg.com/lightweight-charts@4.2.0/dist/lightweight-charts.standalone.production.js:6:27092)
    at qs (https://unpkg.com/lightweight-charts@4.2.0/dist/lightweight-charts.standalone.production.js:6:27079)
    at Fs (https://unpkg.com/lightweight-charts@4.2.0/dist/lightweight-charts.standalone.production.js:6:24555)
    at gt (https://unpkg.com/lightweight-charts@4.2.0/dist/lightweight-charts.standalone.production.js:6:24390)
    at ms (https://unpkg.com/lightweight-charts@4.2.0/dist/lightweight-charts.standalone.production.js:6:107028)
    at gm (https://unpkg.com/lightweight-charts@4.2.0/dist/lightweight-charts.standalone.production.js:6:128830)
    at dm (https://unpkg.com/lightweight-charts@4.2.0/dist/lightweight-charts.standalone.production.js:6:128672)
    at fp (https://unpkg.com/lightweight-charts@4.2.0/dist/lightweight-charts.standalone.production.js:6:127898)
    at fp (https://unpkg.com/lightweight-charts@4.2.0/dist/lightweight-charts.standalone.production.js:6:140944)
    at pb (https://unpkg.com/lightweight-charts@4.2.0/dist/lightweight-charts.standalone.production.js:6:144421)
    at <anonymous> (https://unpkg.com/lightweight-charts@4.2.0/dist/lightweight-charts.standalone.production.js:6:144919)
[   36339ms] Uncaught Error: Value is null
    at f (https://unpkg.com/lightweight-charts@4.2.0/dist/lightweight-charts.standalone.production.js:6:2212)
    at Candlestick (https://unpkg.com/lightweight-charts@4.2.0/dist/lightweight-charts.standalone.production.js:6:46283)
    at Hs (https://unpkg.com/lightweight-charts@4.2.0/dist/lightweight-charts.standalone.production.js:6:47531)
    at ne (https://unpkg.com/lightweight-charts@4.2.0/dist/lightweight-charts.standalone.production.js:6:30743)
    at <anonymous> (https://unpkg.com/lightweight-charts@4.2.0/dist/lightweight-charts.standalone.production.js:6:27092)
    at qs (https://unpkg.com/lightweight-charts@4.2.0/dist/lightweight-charts.standalone.production.js:6:27079)
    at Fs (https://unpkg.com/lightweight-charts@4.2.0/dist/lightweight-charts.standalone.production.js:6:24555)
    at gt (https://unpkg.com/lightweight-charts@4.2.0/dist/lightweight-charts.standalone.production.js:6:24390)
    at ms (https://unpkg.com/lightweight-charts@4.2.0/dist/lightweight-charts.standalone.production.js:6:107028)
    at gm (https://unpkg.com/lightweight-charts@4.2.0/dist/lightweight-charts.standalone.production.js:6:128830)
    at dm (https://unpkg.com/lightweight-charts@4.2.0/dist/lightweight-charts.standalone.production.js:6:128672)
    at fp (https://unpkg.com/lightweight-charts@4.2.0/dist/lightweight-charts.standalone.production.js:6:127898)
    at fp (https://unpkg.com/lightweight-charts@4.2.0/dist/lightweight-charts.standalone.production.js:6:140944)
    at pb (https://unpkg.com/lightweight-charts@4.2.0/dist/lightweight-charts.standalone.production.js:6:144421)
    at <anonymous> (https://unpkg.com/lightweight-charts@4.2.0/dist/lightweight-charts.standalone.production.js:6:144919)
[   36355ms] Uncaught Error: Value is null
    at f (https://unpkg.com/lightweight-charts@4.2.0/dist/lightweight-charts.standalone.production.js:6:2212)
    at Candlestick (https://unpkg.com/lightweight-charts@4.2.0/dist/lightweight-charts.standalone.production.js:6:46283)
    at Hs (https://unpkg.com/lightweight-charts@4.2.0/dist/lightweight-charts.standalone.production.js:6:47531)
    at ne (https://unpkg.com/lightweight-charts@4.2.0/dist/lightweight-charts.standalone.production.js:6:30743)
    at <anonymous> (https://unpkg.com/lightweight-charts@4.2.0/dist/lightweight-charts.standalone.production.js:6:27092)
    at qs (https://unpkg.com/lightweight-charts@4.2.0/dist/lightweight-charts.standalone.production.js:6:27079)
    at Fs (https://unpkg.com/lightweight-charts@4.2.0/dist/lightweight-charts.standalone.production.js:6:24555)
    at gt (https://unpkg.com/lightweight-charts@4.2.0/dist/lightweight-charts.standalone.production.js:6:24390)
    at ms (https://unpkg.com/lightweight-charts@4.2.0/dist/lightweight-charts.standalone.production.js:6:107028)
    at gm (https://unpkg.com/lightweight-charts@4.2.0/dist/lightweight-charts.standalone.production.js:6:128830)
    at dm (https://unpkg.com/lightweight-charts@4.2.0/dist/lightweight-charts.standalone.production.js:6:128672)
    at fp (https://unpkg.com/lightweight-charts@4.2.0/dist/lightweight-charts.standalone.production.js:6:127898)
    at fp (https://unpkg.com/lightweight-charts@4.2.0/dist/lightweight-charts.standalone.production.js:6:140944)
    at pb (https://unpkg.com/lightweight-charts@4.2.0/dist/lightweight-charts.standalone.production.js:6:144421)
    at <anonymous> (https://unpkg.com/lightweight-charts@4.2.0/dist/lightweight-charts.standalone.production.js:6:144919)
[   36371ms] Uncaught Error: Value is null
    at f (https://unpkg.com/lightweight-charts@4.2.0/dist/lightweight-charts.standalone.production.js:6:2212)
    at Candlestick (https://unpkg.com/lightweight-charts@4.2.0/dist/lightweight-charts.standalone.production.js:6:46283)
    at Hs (https://unpkg.com/lightweight-charts@4.2.0/dist/lightweight-charts.standalone.production.js:6:47531)
    at ne (https://unpkg.com/lightweight-charts@4.2.0/dist/lightweight-charts.standalone.production.js:6:30743)
    at <anonymous> (https://unpkg.com/lightweight-charts@4.2.0/dist/lightweight-charts.standalone.production.js:6:27092)
    at qs (https://unpkg.com/lightweight-charts@4.2.0/dist/lightweight-charts.standalone.production.js:6:27079)
    at Fs (https://unpkg.com/lightweight-charts@4.2.0/dist/lightweight-charts.standalone.production.js:6:24555)
    at gt (https://unpkg.com/lightweight-charts@4.2.0/dist/lightweight-charts.standalone.production.js:6:24390)
    at ms (https://unpkg.com/lightweight-charts@4.2.0/dist/lightweight-charts.standalone.production.js:6:107028)
    at gm (https://unpkg.com/lightweight-charts@4.2.0/dist/lightweight-charts.standalone.production.js:6:128830)
    at dm (https://unpkg.com/lightweight-charts@4.2.0/dist/lightweight-charts.standalone.production.js:6:128672)
    at fp (https://unpkg.com/lightweight-charts@4.2.0/dist/lightweight-charts.standalone.production.js:6:127898)
    at fp (https://unpkg.com/lightweight-charts@4.2.0/dist/lightweight-charts.standalone.production.js:6:140944)
    at pb (https://unpkg.com/lightweight-charts@4.2.0/dist/lightweight-charts.standalone.production.js:6:144421)
    at <anonymous> (https://unpkg.com/lightweight-charts@4.2.0/dist/lightweight-charts.standalone.production.js:6:144919)
[   36392ms] Uncaught Error: Value is null
    at f (https://unpkg.com/lightweight-charts@4.2.0/dist/lightweight-charts.standalone.production.js:6:2212)
    at Candlestick (https://unpkg.com/lightweight-charts@4.2.0/dist/lightweight-charts.standalone.production.js:6:46283)
    at Hs (https://unpkg.com/lightweight-charts@4.2.0/dist/lightweight-charts.standalone.production.js:6:47531)
    at ne (https://unpkg.com/lightweight-charts@4.2.0/dist/lightweight-charts.standalone.production.js:6:30743)
    at <anonymous> (https://unpkg.com/lightweight-charts@4.2.0/dist/lightweight-charts.standalone.production.js:6:27092)
    at qs (https://unpkg.com/lightweight-charts@4.2.0/dist/lightweight-charts.standalone.production.js:6:27079)
    at Fs (https://unpkg.com/lightweight-charts@4.2.0/dist/lightweight-charts.standalone.production.js:6:24555)
    at gt (https://unpkg.com/lightweight-charts@4.2.0/dist/lightweight-charts.standalone.production.js:6:24390)
    at ms (https://unpkg.com/lightweight-charts@4.2.0/dist/lightweight-charts.standalone.production.js:6:107028)
    at gm (https://unpkg.com/lightweight-charts@4.2.0/dist/lightweight-charts.standalone.production.js:6:128830)
    at dm (https://unpkg.com/lightweight-charts@4.2.0/dist/lightweight-charts.standalone.production.js:6:128672)
    at fp (https://unpkg.com/lightweight-charts@4.2.0/dist/lightweight-charts.standalone.production.js:6:127898)
    at fp (https://unpkg.com/lightweight-charts@4.2.0/dist/lightweight-charts.standalone.production.js:6:140944)
    at pb (https://unpkg.com/lightweight-charts@4.2.0/dist/lightweight-charts.standalone.production.js:6:144421)
    at <anonymous> (https://unpkg.com/lightweight-charts@4.2.0/dist/lightweight-charts.standalone.production.js:6:144919)
[   36405ms] Uncaught Error: Value is null
    at f (https://unpkg.com/lightweight-charts@4.2.0/dist/lightweight-charts.standalone.production.js:6:2212)
    at Candlestick (https://unpkg.com/lightweight-charts@4.2.0/dist/lightweight-charts.standalone.production.js:6:46283)
    at Hs (https://unpkg.com/lightweight-charts@4.2.0/dist/lightweight-charts.standalone.production.js:6:47531)
    at ne (https://unpkg.com/lightweight-charts@4.2.0/dist/lightweight-charts.standalone.production.js:6:30743)
    at <anonymous> (https://unpkg.com/lightweight-charts@4.2.0/dist/lightweight-charts.standalone.production.js:6:27092)
    at qs (https://unpkg.com/lightweight-charts@4.2.0/dist/lightweight-charts.standalone.production.js:6:27079)
    at Fs (https://unpkg.com/lightweight-charts@4.2.0/dist/lightweight-charts.standalone.production.js:6:24555)
    at gt (https://unpkg.com/lightweight-charts@4.2.0/dist/lightweight-charts.standalone.production.js:6:24390)
    at ms (https://unpkg.com/lightweight-charts@4.2.0/dist/lightweight-charts.standalone.production.js:6:107028)
    at gm (https://unpkg.com/lightweight-charts@4.2.0/dist/lightweight-charts.standalone.production.js:6:128830)
    at dm (https://unpkg.com/lightweight-charts@4.2.0/dist/lightweight-charts.standalone.production.js:6:128672)
    at fp (https://unpkg.com/lightweight-charts@4.2.0/dist/lightweight-charts.standalone.production.js:6:127898)
    at fp (https://unpkg.com/lightweight-charts@4.2.0/dist/lightweight-charts.standalone.production.js:6:140944)
    at pb (https://unpkg.com/lightweight-charts@4.2.0/dist/lightweight-charts.standalone.production.js:6:144421)
    at <anonymous> (https://unpkg.com/lightweight-charts@4.2.0/dist/lightweight-charts.standalone.production.js:6:144919)
[   36422ms] Uncaught Error: Value is null
    at f (https://unpkg.com/lightweight-charts@4.2.0/dist/lightweight-charts.standalone.production.js:6:2212)
    at Candlestick (https://unpkg.com/lightweight-charts@4.2.0/dist/lightweight-charts.standalone.production.js:6:46283)
    at Hs (https://unpkg.com/lightweight-charts@4.2.0/dist/lightweight-charts.standalone.production.js:6:47531)
    at ne (https://unpkg.com/lightweight-charts@4.2.0/dist/lightweight-charts.standalone.production.js:6:30743)
    at <anonymous> (https://unpkg.com/lightweight-charts@4.2.0/dist/lightweight-charts.standalone.production.js:6:27092)
    at qs (https://unpkg.com/lightweight-charts@4.2.0/dist/lightweight-charts.standalone.production.js:6:27079)
    at Fs (https://unpkg.com/lightweight-charts@4.2.0/dist/lightweight-charts.standalone.production.js:6:24555)
    at gt (https://unpkg.com/lightweight-charts@4.2.0/dist/lightweight-charts.standalone.production.js:6:24390)
    at ms (https://unpkg.com/lightweight-charts@4.2.0/dist/lightweight-charts.standalone.production.js:6:107028)
    at gm (https://unpkg.com/lightweight-charts@4.2.0/dist/lightweight-charts.standalone.production.js:6:128830)
    at dm (https://unpkg.com/lightweight-charts@4.2.0/dist/lightweight-charts.standalone.production.js:6:128672)
    at fp (https://unpkg.com/lightweight-charts@4.2.0/dist/lightweight-charts.standalone.production.js:6:127898)
    at fp (https://unpkg.com/lightweight-charts@4.2.0/dist/lightweight-charts.standalone.production.js:6:140944)
    at pb (https://unpkg.com/lightweight-charts@4.2.0/dist/lightweight-charts.standalone.production.js:6:144421)
    at <anonymous> (https://unpkg.com/lightweight-charts@4.2.0/dist/lightweight-charts.standalone.production.js:6:144919)
[   36438ms] Uncaught Error: Value is null
    at f (https://unpkg.com/lightweight-charts@4.2.0/dist/lightweight-charts.standalone.production.js:6:2212)
    at Candlestick (https://unpkg.com/lightweight-charts@4.2.0/dist/lightweight-charts.standalone.production.js:6:46283)
    at Hs (https://unpkg.com/lightweight-charts@4.2.0/dist/lightweight-charts.standalone.production.js:6:47531)
    at ne (https://unpkg.com/lightweight-charts@4.2.0/dist/lightweight-charts.standalone.production.js:6:30743)
    at <anonymous> (https://unpkg.com/lightweight-charts@4.2.0/dist/lightweight-charts.standalone.production.js:6:27092)
    at qs (https://unpkg.com/lightweight-charts@4.2.0/dist/lightweight-charts.standalone.production.js:6:27079)
    at Fs (https://unpkg.com/lightweight-charts@4.2.0/dist/lightweight-charts.standalone.production.js:6:24555)
    at gt (https://unpkg.com/lightweight-charts@4.2.0/dist/lightweight-charts.standalone.production.js:6:24390)
    at ms (https://unpkg.com/lightweight-charts@4.2.0/dist/lightweight-charts.standalone.production.js:6:107028)
    at gm (https://unpkg.com/lightweight-charts@4.2.0/dist/lightweight-charts.standalone.production.js:6:128830)
    at dm (https://unpkg.com/lightweight-charts@4.2.0/dist/lightweight-charts.standalone.production.js:6:128672)
    at fp (https://unpkg.com/lightweight-charts@4.2.0/dist/lightweight-charts.standalone.production.js:6:127898)
    at fp (https://unpkg.com/lightweight-charts@4.2.0/dist/lightweight-charts.standalone.production.js:6:140944)
    at pb (https://unpkg.com/lightweight-charts@4.2.0/dist/lightweight-charts.standalone.production.js:6:144421)
    at <anonymous> (https://unpkg.com/lightweight-charts@4.2.0/dist/lightweight-charts.standalone.production.js:6:144919)
[   36456ms] Uncaught Error: Value is null
    at f (https://unpkg.com/lightweight-charts@4.2.0/dist/lightweight-charts.standalone.production.js:6:2212)
    at Candlestick (https://unpkg.com/lightweight-charts@4.2.0/dist/lightweight-charts.standalone.production.js:6:46283)
    at Hs (https://unpkg.com/lightweight-charts@4.2.0/dist/lightweight-charts.standalone.production.js:6:47531)
    at ne (https://unpkg.com/lightweight-charts@4.2.0/dist/lightweight-charts.standalone.production.js:6:30743)
    at <anonymous> (https://unpkg.com/lightweight-charts@4.2.0/dist/lightweight-charts.standalone.production.js:6:27092)
    at qs (https://unpkg.com/lightweight-charts@4.2.0/dist/lightweight-charts.standalone.production.js:6:27079)
    at Fs (https://unpkg.com/lightweight-charts@4.2.0/dist/lightweight-charts.standalone.production.js:6:24555)
    at gt (https://unpkg.com/lightweight-charts@4.2.0/dist/lightweight-charts.standalone.production.js:6:24390)
    at ms (https://unpkg.com/lightweight-charts@4.2.0/dist/lightweight-charts.standalone.production.js:6:107028)
    at gm (https://unpkg.com/lightweight-charts@4.2.0/dist/lightweight-charts.standalone.production.js:6:128830)
    at dm (https://unpkg.com/lightweight-charts@4.2.0/dist/lightweight-charts.standalone.production.js:6:128672)
    at fp (https://unpkg.com/lightweight-charts@4.2.0/dist/lightweight-charts.standalone.production.js:6:127898)
    at fp (https://unpkg.com/lightweight-charts@4.2.0/dist/lightweight-charts.standalone.production.js:6:140944)
    at pb (https://unpkg.com/lightweight-charts@4.2.0/dist/lightweight-charts.standalone.production.js:6:144421)
    at <anonymous> (https://unpkg.com/lightweight-charts@4.2.0/dist/lightweight-charts.standalone.production.js:6:144919)
[   37003ms] Uncaught Error: Value is null
    at f (https://unpkg.com/lightweight-charts@4.2.0/dist/lightweight-charts.standalone.production.js:6:2212)
    at Candlestick (https://unpkg.com/lightweight-charts@4.2.0/dist/lightweight-charts.standalone.production.js:6:46283)
    at Hs (https://unpkg.com/lightweight-charts@4.2.0/dist/lightweight-charts.standalone.production.js:6:47531)
    at ne (https://unpkg.com/lightweight-charts@4.2.0/dist/lightweight-charts.standalone.production.js:6:30743)
    at <anonymous> (https://unpkg.com/lightweight-charts@4.2.0/dist/lightweight-charts.standalone.production.js:6:27092)
    at qs (https://unpkg.com/lightweight-charts@4.2.0/dist/lightweight-charts.standalone.production.js:6:27079)
    at Fs (https://unpkg.com/lightweight-charts@4.2.0/dist/lightweight-charts.standalone.production.js:6:24555)
    at gt (https://unpkg.com/lightweight-charts@4.2.0/dist/lightweight-charts.standalone.production.js:6:24390)
    at Cs (https://unpkg.com/lightweight-charts@4.2.0/dist/lightweight-charts.standalone.production.js:6:114569)
    at <anonymous> (https://unpkg.com/lightweight-charts@4.2.0/dist/lightweight-charts.standalone.production.js:6:126899)
    at br (https://unpkg.com/lightweight-charts@4.2.0/dist/lightweight-charts.standalone.production.js:6:127066)
    at Qf (https://unpkg.com/lightweight-charts@4.2.0/dist/lightweight-charts.standalone.production.js:6:125276)
    at $f (https://unpkg.com/lightweight-charts@4.2.0/dist/lightweight-charts.standalone.production.js:6:113659)
    at Gf (https://unpkg.com/lightweight-charts@4.2.0/dist/lightweight-charts.standalone.production.js:6:108846)
[   37003ms] Uncaught Error: Value is null
    at f (https://unpkg.com/lightweight-charts@4.2.0/dist/lightweight-charts.standalone.production.js:6:2212)
    at Candlestick (https://unpkg.com/lightweight-charts@4.2.0/dist/lightweight-charts.standalone.production.js:6:46283)
    at Hs (https://unpkg.com/lightweight-charts@4.2.0/dist/lightweight-charts.standalone.production.js:6:47531)
    at ne (https://unpkg.com/lightweight-charts@4.2.0/dist/lightweight-charts.standalone.production.js:6:30743)
    at <anonymous> (https://unpkg.com/lightweight-charts@4.2.0/dist/lightweight-charts.standalone.production.js:6:27092)
    at qs (https://unpkg.com/lightweight-charts@4.2.0/dist/lightweight-charts.standalone.production.js:6:27079)
    at Fs (https://unpkg.com/lightweight-charts@4.2.0/dist/lightweight-charts.standalone.production.js:6:24555)
    at gt (https://unpkg.com/lightweight-charts@4.2.0/dist/lightweight-charts.standalone.production.js:6:24390)
    at Cs (https://unpkg.com/lightweight-charts@4.2.0/dist/lightweight-charts.standalone.production.js:6:114569)
    at <anonymous> (https://unpkg.com/lightweight-charts@4.2.0/dist/lightweight-charts.standalone.production.js:6:126899)
    at br (https://unpkg.com/lightweight-charts@4.2.0/dist/lightweight-charts.standalone.production.js:6:127066)
    at Qf (https://unpkg.com/lightweight-charts@4.2.0/dist/lightweight-charts.standalone.production.js:6:125276)
    at $f (https://unpkg.com/lightweight-charts@4.2.0/dist/lightweight-charts.standalone.production.js:6:113659)
    at Gf (https://unpkg.com/lightweight-charts@4.2.0/dist/lightweight-charts.standalone.production.js:6:108846)
[   37003ms] Uncaught Error: Value is null
    at f (https://unpkg.com/lightweight-charts@4.2.0/dist/lightweight-charts.standalone.production.js:6:2212)
    at Candlestick (https://unpkg.com/lightweight-charts@4.2.0/dist/lightweight-charts.standalone.production.js:6:46283)
    at Hs (https://unpkg.com/lightweight-charts@4.2.0/dist/lightweight-charts.standalone.production.js:6:47531)
    at ne (https://unpkg.com/lightweight-charts@4.2.0/dist/lightweight-charts.standalone.production.js:6:30743)
    at <anonymous> (https://unpkg.com/lightweight-charts@4.2.0/dist/lightweight-charts.standalone.production.js:6:27092)
    at qs (https://unpkg.com/lightweight-charts@4.2.0/dist/lightweight-charts.standalone.production.js:6:27079)
    at Fs (https://unpkg.com/lightweight-charts@4.2.0/dist/lightweight-charts.standalone.production.js:6:24555)
    at gt (https://unpkg.com/lightweight-charts@4.2.0/dist/lightweight-charts.standalone.production.js:6:24390)
    at Cs (https://unpkg.com/lightweight-charts@4.2.0/dist/lightweight-charts.standalone.production.js:6:114569)
    at <anonymous> (https://unpkg.com/lightweight-charts@4.2.0/dist/lightweight-charts.standalone.production.js:6:126899)
    at br (https://unpkg.com/lightweight-charts@4.2.0/dist/lightweight-charts.standalone.production.js:6:127066)
    at Qf (https://unpkg.com/lightweight-charts@4.2.0/dist/lightweight-charts.standalone.production.js:6:125276)
    at $f (https://unpkg.com/lightweight-charts@4.2.0/dist/lightweight-charts.standalone.production.js:6:113659)
    at Gf (https://unpkg.com/lightweight-charts@4.2.0/dist/lightweight-charts.standalone.production.js:6:108846)
[   37003ms] Uncaught Error: Value is null
    at f (https://unpkg.com/lightweight-charts@4.2.0/dist/lightweight-charts.standalone.production.js:6:2212)
    at Candlestick (https://unpkg.com/lightweight-charts@4.2.0/dist/lightweight-charts.standalone.production.js:6:46283)
    at Hs (https://unpkg.com/lightweight-charts@4.2.0/dist/lightweight-charts.standalone.production.js:6:47531)
    at ne (https://unpkg.com/lightweight-charts@4.2.0/dist/lightweight-charts.standalone.production.js:6:30743)
    at <anonymous> (https://unpkg.com/lightweight-charts@4.2.0/dist/lightweight-charts.standalone.production.js:6:27092)
    at qs (https://unpkg.com/lightweight-charts@4.2.0/dist/lightweight-charts.standalone.production.js:6:27079)
    at Fs (https://unpkg.com/lightweight-charts@4.2.0/dist/lightweight-charts.standalone.production.js:6:24555)
    at gt (https://unpkg.com/lightweight-charts@4.2.0/dist/lightweight-charts.standalone.production.js:6:24390)
    at Cs (https://unpkg.com/lightweight-charts@4.2.0/dist/lightweight-charts.standalone.production.js:6:114569)
    at <anonymous> (https://unpkg.com/lightweight-charts@4.2.0/dist/lightweight-charts.standalone.production.js:6:126899)
    at br (https://unpkg.com/lightweight-charts@4.2.0/dist/lightweight-charts.standalone.production.js:6:127066)
    at Qf (https://unpkg.com/lightweight-charts@4.2.0/dist/lightweight-charts.standalone.production.js:6:125276)
    at $f (https://unpkg.com/lightweight-charts@4.2.0/dist/lightweight-charts.standalone.production.js:6:113659)
    at Gf (https://unpkg.com/lightweight-charts@4.2.0/dist/lightweight-charts.standalone.production.js:6:108846)
[   41332ms] Uncaught Error: Value is null
    at f (https://unpkg.com/lightweight-charts@4.2.0/dist/lightweight-charts.standalone.production.js:6:2212)
    at Candlestick (https://unpkg.com/lightweight-charts@4.2.0/dist/lightweight-charts.standalone.production.js:6:46283)
    at Hs (https://unpkg.com/lightweight-charts@4.2.0/dist/lightweight-charts.standalone.production.js:6:47531)
    at ne (https://unpkg.com/lightweight-charts@4.2.0/dist/lightweight-charts.standalone.production.js:6:30743)
    at <anonymous> (https://unpkg.com/lightweight-charts@4.2.0/dist/lightweight-charts.standalone.production.js:6:27092)
    at qs (https://unpkg.com/lightweight-charts@4.2.0/dist/lightweight-charts.standalone.production.js:6:27079)
    at Fs (https://unpkg.com/lightweight-charts@4.2.0/dist/lightweight-charts.standalone.production.js:6:24555)
    at gt (https://unpkg.com/lightweight-charts@4.2.0/dist/lightweight-charts.standalone.production.js:6:24390)
    at ms (https://unpkg.com/lightweight-charts@4.2.0/dist/lightweight-charts.standalone.production.js:6:107028)
    at gm (https://unpkg.com/lightweight-charts@4.2.0/dist/lightweight-charts.standalone.production.js:6:128830)
    at dm (https://unpkg.com/lightweight-charts@4.2.0/dist/lightweight-charts.standalone.production.js:6:128672)
    at fp (https://unpkg.com/lightweight-charts@4.2.0/dist/lightweight-charts.standalone.production.js:6:127898)
    at fp (https://unpkg.com/lightweight-charts@4.2.0/dist/lightweight-charts.standalone.production.js:6:140944)
    at pb (https://unpkg.com/lightweight-charts@4.2.0/dist/lightweight-charts.standalone.production.js:6:144421)
    at <anonymous> (https://unpkg.com/lightweight-charts@4.2.0/dist/lightweight-charts.standalone.production.js:6:144919)
[   41332ms] Uncaught Error: Value is null
    at f (https://unpkg.com/lightweight-charts@4.2.0/dist/lightweight-charts.standalone.production.js:6:2212)
    at Candlestick (https://unpkg.com/lightweight-charts@4.2.0/dist/lightweight-charts.standalone.production.js:6:46283)
    at Hs (https://unpkg.com/lightweight-charts@4.2.0/dist/lightweight-charts.standalone.production.js:6:47531)
    at ne (https://unpkg.com/lightweight-charts@4.2.0/dist/lightweight-charts.standalone.production.js:6:30743)
    at <anonymous> (https://unpkg.com/lightweight-charts@4.2.0/dist/lightweight-charts.standalone.production.js:6:27092)
    at qs (https://unpkg.com/lightweight-charts@4.2.0/dist/lightweight-charts.standalone.production.js:6:27079)
    at Fs (https://unpkg.com/lightweight-charts@4.2.0/dist/lightweight-charts.standalone.production.js:6:24555)
    at gt (https://unpkg.com/lightweight-charts@4.2.0/dist/lightweight-charts.standalone.production.js:6:24390)
    at ms (https://unpkg.com/lightweight-charts@4.2.0/dist/lightweight-charts.standalone.production.js:6:107028)
    at gm (https://unpkg.com/lightweight-charts@4.2.0/dist/lightweight-charts.standalone.production.js:6:128830)
    at dm (https://unpkg.com/lightweight-charts@4.2.0/dist/lightweight-charts.standalone.production.js:6:128672)
    at fp (https://unpkg.com/lightweight-charts@4.2.0/dist/lightweight-charts.standalone.production.js:6:127898)
    at fp (https://unpkg.com/lightweight-charts@4.2.0/dist/lightweight-charts.standalone.production.js:6:140944)
    at pb (https://unpkg.com/lightweight-charts@4.2.0/dist/lightweight-charts.standalone.production.js:6:144421)
    at <anonymous> (https://unpkg.com/lightweight-charts@4.2.0/dist/lightweight-charts.standalone.production.js:6:144919)
[   41434ms] Uncaught Error: Value is null
    at f (https://unpkg.com/lightweight-charts@4.2.0/dist/lightweight-charts.standalone.production.js:6:2212)
    at Candlestick (https://unpkg.com/lightweight-charts@4.2.0/dist/lightweight-charts.standalone.production.js:6:46283)
    at Hs (https://unpkg.com/lightweight-charts@4.2.0/dist/lightweight-charts.standalone.production.js:6:47531)
    at ne (https://unpkg.com/lightweight-charts@4.2.0/dist/lightweight-charts.standalone.production.js:6:30743)
    at <anonymous> (https://unpkg.com/lightweight-charts@4.2.0/dist/lightweight-charts.standalone.production.js:6:27092)
    at qs (https://unpkg.com/lightweight-charts@4.2.0/dist/lightweight-charts.standalone.production.js:6:27079)
    at Fs (https://unpkg.com/lightweight-charts@4.2.0/dist/lightweight-charts.standalone.production.js:6:24555)
    at gt (https://unpkg.com/lightweight-charts@4.2.0/dist/lightweight-charts.standalone.production.js:6:24390)
    at Cs (https://unpkg.com/lightweight-charts@4.2.0/dist/lightweight-charts.standalone.production.js:6:114569)
    at <anonymous> (https://unpkg.com/lightweight-charts@4.2.0/dist/lightweight-charts.standalone.production.js:6:126899)
    at br (https://unpkg.com/lightweight-charts@4.2.0/dist/lightweight-charts.standalone.production.js:6:127066)
    at Qf (https://unpkg.com/lightweight-charts@4.2.0/dist/lightweight-charts.standalone.production.js:6:125276)
    at $f (https://unpkg.com/lightweight-charts@4.2.0/dist/lightweight-charts.standalone.production.js:6:113659)
    at Gf (https://unpkg.com/lightweight-charts@4.2.0/dist/lightweight-charts.standalone.production.js:6:108846)
[   41448ms] Uncaught Error: Value is null
    at f (https://unpkg.com/lightweight-charts@4.2.0/dist/lightweight-charts.standalone.production.js:6:2212)
    at Candlestick (https://unpkg.com/lightweight-charts@4.2.0/dist/lightweight-charts.standalone.production.js:6:46283)
    at Hs (https://unpkg.com/lightweight-charts@4.2.0/dist/lightweight-charts.standalone.production.js:6:47531)
    at ne (https://unpkg.com/lightweight-charts@4.2.0/dist/lightweight-charts.standalone.production.js:6:30743)
    at <anonymous> (https://unpkg.com/lightweight-charts@4.2.0/dist/lightweight-charts.standalone.production.js:6:27092)
    at qs (https://unpkg.com/lightweight-charts@4.2.0/dist/lightweight-charts.standalone.production.js:6:27079)
    at Fs (https://unpkg.com/lightweight-charts@4.2.0/dist/lightweight-charts.standalone.production.js:6:24555)
    at gt (https://unpkg.com/lightweight-charts@4.2.0/dist/lightweight-charts.standalone.production.js:6:24390)
    at Cs (https://unpkg.com/lightweight-charts@4.2.0/dist/lightweight-charts.standalone.production.js:6:114569)
    at <anonymous> (https://unpkg.com/lightweight-charts@4.2.0/dist/lightweight-charts.standalone.production.js:6:126899)
    at br (https://unpkg.com/lightweight-charts@4.2.0/dist/lightweight-charts.standalone.production.js:6:127066)
    at Qf (https://unpkg.com/lightweight-charts@4.2.0/dist/lightweight-charts.standalone.production.js:6:125276)
    at $f (https://unpkg.com/lightweight-charts@4.2.0/dist/lightweight-charts.standalone.production.js:6:113659)
    at Gf (https://unpkg.com/lightweight-charts@4.2.0/dist/lightweight-charts.standalone.production.js:6:108846)
[   41455ms] Uncaught Error: Value is null
    at f (https://unpkg.com/lightweight-charts@4.2.0/dist/lightweight-charts.standalone.production.js:6:2212)
    at Candlestick (https://unpkg.com/lightweight-charts@4.2.0/dist/lightweight-charts.standalone.production.js:6:46283)
    at Hs (https://unpkg.com/lightweight-charts@4.2.0/dist/lightweight-charts.standalone.production.js:6:47531)
    at ne (https://unpkg.com/lightweight-charts@4.2.0/dist/lightweight-charts.standalone.production.js:6:30743)
    at <anonymous> (https://unpkg.com/lightweight-charts@4.2.0/dist/lightweight-charts.standalone.production.js:6:27092)
    at qs (https://unpkg.com/lightweight-charts@4.2.0/dist/lightweight-charts.standalone.production.js:6:27079)
    at Fs (https://unpkg.com/lightweight-charts@4.2.0/dist/lightweight-charts.standalone.production.js:6:24555)
    at gt (https://unpkg.com/lightweight-charts@4.2.0/dist/lightweight-charts.standalone.production.js:6:24390)
    at Cs (https://unpkg.com/lightweight-charts@4.2.0/dist/lightweight-charts.standalone.production.js:6:114569)
    at <anonymous> (https://unpkg.com/lightweight-charts@4.2.0/dist/lightweight-charts.standalone.production.js:6:126899)
    at br (https://unpkg.com/lightweight-charts@4.2.0/dist/lightweight-charts.standalone.production.js:6:127066)
    at Qf (https://unpkg.com/lightweight-charts@4.2.0/dist/lightweight-charts.standalone.production.js:6:125276)
    at $f (https://unpkg.com/lightweight-charts@4.2.0/dist/lightweight-charts.standalone.production.js:6:113659)
    at Gf (https://unpkg.com/lightweight-charts@4.2.0/dist/lightweight-charts.standalone.production.js:6:108846)
[   41467ms] Uncaught Error: Value is null
    at f (https://unpkg.com/lightweight-charts@4.2.0/dist/lightweight-charts.standalone.production.js:6:2212)
    at Candlestick (https://unpkg.com/lightweight-charts@4.2.0/dist/lightweight-charts.standalone.production.js:6:46283)
    at Hs (https://unpkg.com/lightweight-charts@4.2.0/dist/lightweight-charts.standalone.production.js:6:47531)
    at ne (https://unpkg.com/lightweight-charts@4.2.0/dist/lightweight-charts.standalone.production.js:6:30743)
    at <anonymous> (https://unpkg.com/lightweight-charts@4.2.0/dist/lightweight-charts.standalone.production.js:6:27092)
    at qs (https://unpkg.com/lightweight-charts@4.2.0/dist/lightweight-charts.standalone.production.js:6:27079)
    at Fs (https://unpkg.com/lightweight-charts@4.2.0/dist/lightweight-charts.standalone.production.js:6:24555)
    at gt (https://unpkg.com/lightweight-charts@4.2.0/dist/lightweight-charts.standalone.production.js:6:24390)
    at Cs (https://unpkg.com/lightweight-charts@4.2.0/dist/lightweight-charts.standalone.production.js:6:114569)
    at <anonymous> (https://unpkg.com/lightweight-charts@4.2.0/dist/lightweight-charts.standalone.production.js:6:126899)
    at br (https://unpkg.com/lightweight-charts@4.2.0/dist/lightweight-charts.standalone.production.js:6:127066)
    at Qf (https://unpkg.com/lightweight-charts@4.2.0/dist/lightweight-charts.standalone.production.js:6:125276)
    at $f (https://unpkg.com/lightweight-charts@4.2.0/dist/lightweight-charts.standalone.production.js:6:113659)
    at Gf (https://unpkg.com/lightweight-charts@4.2.0/dist/lightweight-charts.standalone.production.js:6:108846)
[   41512ms] Uncaught Error: Value is null
    at f (https://unpkg.com/lightweight-charts@4.2.0/dist/lightweight-charts.standalone.production.js:6:2212)
    at Candlestick (https://unpkg.com/lightweight-charts@4.2.0/dist/lightweight-charts.standalone.production.js:6:46283)
    at Hs (https://unpkg.com/lightweight-charts@4.2.0/dist/lightweight-charts.standalone.production.js:6:47531)
    at ne (https://unpkg.com/lightweight-charts@4.2.0/dist/lightweight-charts.standalone.production.js:6:30743)
    at <anonymous> (https://unpkg.com/lightweight-charts@4.2.0/dist/lightweight-charts.standalone.production.js:6:27092)
    at qs (https://unpkg.com/lightweight-charts@4.2.0/dist/lightweight-charts.standalone.production.js:6:27079)
    at Fs (https://unpkg.com/lightweight-charts@4.2.0/dist/lightweight-charts.standalone.production.js:6:24555)
    at gt (https://unpkg.com/lightweight-charts@4.2.0/dist/lightweight-charts.standalone.production.js:6:24390)
    at Cs (https://unpkg.com/lightweight-charts@4.2.0/dist/lightweight-charts.standalone.production.js:6:114569)
    at <anonymous> (https://unpkg.com/lightweight-charts@4.2.0/dist/lightweight-charts.standalone.production.js:6:126899)
    at br (https://unpkg.com/lightweight-charts@4.2.0/dist/lightweight-charts.standalone.production.js:6:127066)
    at Qf (https://unpkg.com/lightweight-charts@4.2.0/dist/lightweight-charts.standalone.production.js:6:125276)
    at $f (https://unpkg.com/lightweight-charts@4.2.0/dist/lightweight-charts.standalone.production.js:6:113659)
    at Gf (https://unpkg.com/lightweight-charts@4.2.0/dist/lightweight-charts.standalone.production.js:6:108846)
[   41551ms] Uncaught Error: Value is null
    at f (https://unpkg.com/lightweight-charts@4.2.0/dist/lightweight-charts.standalone.production.js:6:2212)
    at Candlestick (https://unpkg.com/lightweight-charts@4.2.0/dist/lightweight-charts.standalone.production.js:6:46283)
    at Hs (https://unpkg.com/lightweight-charts@4.2.0/dist/lightweight-charts.standalone.production.js:6:47531)
    at ne (https://unpkg.com/lightweight-charts@4.2.0/dist/lightweight-charts.standalone.production.js:6:30743)
    at <anonymous> (https://unpkg.com/lightweight-charts@4.2.0/dist/lightweight-charts.standalone.production.js:6:27092)
    at qs (https://unpkg.com/lightweight-charts@4.2.0/dist/lightweight-charts.standalone.production.js:6:27079)
    at Fs (https://unpkg.com/lightweight-charts@4.2.0/dist/lightweight-charts.standalone.production.js:6:24555)
    at gt (https://unpkg.com/lightweight-charts@4.2.0/dist/lightweight-charts.standalone.production.js:6:24390)
    at Cs (https://unpkg.com/lightweight-charts@4.2.0/dist/lightweight-charts.standalone.production.js:6:114569)
    at <anonymous> (https://unpkg.com/lightweight-charts@4.2.0/dist/lightweight-charts.standalone.production.js:6:126899)
    at br (https://unpkg.com/lightweight-charts@4.2.0/dist/lightweight-charts.standalone.production.js:6:127066)
    at Qf (https://unpkg.com/lightweight-charts@4.2.0/dist/lightweight-charts.standalone.production.js:6:125276)
    at $f (https://unpkg.com/lightweight-charts@4.2.0/dist/lightweight-charts.standalone.production.js:6:113659)
    at Gf (https://unpkg.com/lightweight-charts@4.2.0/dist/lightweight-charts.standalone.production.js:6:108846)
[   41551ms] Uncaught Error: Value is null
    at f (https://unpkg.com/lightweight-charts@4.2.0/dist/lightweight-charts.standalone.production.js:6:2212)
    at Candlestick (https://unpkg.com/lightweight-charts@4.2.0/dist/lightweight-charts.standalone.production.js:6:46283)
    at Hs (https://unpkg.com/lightweight-charts@4.2.0/dist/lightweight-charts.standalone.production.js:6:47531)
    at ne (https://unpkg.com/lightweight-charts@4.2.0/dist/lightweight-charts.standalone.production.js:6:30743)
    at <anonymous> (https://unpkg.com/lightweight-charts@4.2.0/dist/lightweight-charts.standalone.production.js:6:27092)
    at qs (https://unpkg.com/lightweight-charts@4.2.0/dist/lightweight-charts.standalone.production.js:6:27079)
    at Fs (https://unpkg.com/lightweight-charts@4.2.0/dist/lightweight-charts.standalone.production.js:6:24555)
    at gt (https://unpkg.com/lightweight-charts@4.2.0/dist/lightweight-charts.standalone.production.js:6:24390)
    at Cs (https://unpkg.com/lightweight-charts@4.2.0/dist/lightweight-charts.standalone.production.js:6:114569)
    at <anonymous> (https://unpkg.com/lightweight-charts@4.2.0/dist/lightweight-charts.standalone.production.js:6:126899)
    at br (https://unpkg.com/lightweight-charts@4.2.0/dist/lightweight-charts.standalone.production.js:6:127066)
    at Qf (https://unpkg.com/lightweight-charts@4.2.0/dist/lightweight-charts.standalone.production.js:6:125276)
    at $f (https://unpkg.com/lightweight-charts@4.2.0/dist/lightweight-charts.standalone.production.js:6:113659)
    at Gf (https://unpkg.com/lightweight-charts@4.2.0/dist/lightweight-charts.standalone.production.js:6:108846)
[   41551ms] Uncaught Error: Value is null
    at f (https://unpkg.com/lightweight-charts@4.2.0/dist/lightweight-charts.standalone.production.js:6:2212)
    at Candlestick (https://unpkg.com/lightweight-charts@4.2.0/dist/lightweight-charts.standalone.production.js:6:46283)
    at Hs (https://unpkg.com/lightweight-charts@4.2.0/dist/lightweight-charts.standalone.production.js:6:47531)
    at ne (https://unpkg.com/lightweight-charts@4.2.0/dist/lightweight-charts.standalone.production.js:6:30743)
    at <anonymous> (https://unpkg.com/lightweight-charts@4.2.0/dist/lightweight-charts.standalone.production.js:6:27092)
    at qs (https://unpkg.com/lightweight-charts@4.2.0/dist/lightweight-charts.standalone.production.js:6:27079)
    at Fs (https://unpkg.com/lightweight-charts@4.2.0/dist/lightweight-charts.standalone.production.js:6:24555)
    at gt (https://unpkg.com/lightweight-charts@4.2.0/dist/lightweight-charts.standalone.production.js:6:24390)
    at Cs (https://unpkg.com/lightweight-charts@4.2.0/dist/lightweight-charts.standalone.production.js:6:114569)
    at <anonymous> (https://unpkg.com/lightweight-charts@4.2.0/dist/lightweight-charts.standalone.production.js:6:126899)
    at br (https://unpkg.com/lightweight-charts@4.2.0/dist/lightweight-charts.standalone.production.js:6:127066)
    at Qf (https://unpkg.com/lightweight-charts@4.2.0/dist/lightweight-charts.standalone.production.js:6:125276)
    at $f (https://unpkg.com/lightweight-charts@4.2.0/dist/lightweight-charts.standalone.production.js:6:113659)
    at Gf (https://unpkg.com/lightweight-charts@4.2.0/dist/lightweight-charts.standalone.production.js:6:108846)
[   41566ms] Uncaught Error: Value is null
    at f (https://unpkg.com/lightweight-charts@4.2.0/dist/lightweight-charts.standalone.production.js:6:2212)
    at Candlestick (https://unpkg.com/lightweight-charts@4.2.0/dist/lightweight-charts.standalone.production.js:6:46283)
    at Hs (https://unpkg.com/lightweight-charts@4.2.0/dist/lightweight-charts.standalone.production.js:6:47531)
    at ne (https://unpkg.com/lightweight-charts@4.2.0/dist/lightweight-charts.standalone.production.js:6:30743)
    at <anonymous> (https://unpkg.com/lightweight-charts@4.2.0/dist/lightweight-charts.standalone.production.js:6:27092)
    at qs (https://unpkg.com/lightweight-charts@4.2.0/dist/lightweight-charts.standalone.production.js:6:27079)
    at Fs (https://unpkg.com/lightweight-charts@4.2.0/dist/lightweight-charts.standalone.production.js:6:24555)
    at gt (https://unpkg.com/lightweight-charts@4.2.0/dist/lightweight-charts.standalone.production.js:6:24390)
    at Cs (https://unpkg.com/lightweight-charts@4.2.0/dist/lightweight-charts.standalone.production.js:6:114569)
    at <anonymous> (https://unpkg.com/lightweight-charts@4.2.0/dist/lightweight-charts.standalone.production.js:6:126899)
    at br (https://unpkg.com/lightweight-charts@4.2.0/dist/lightweight-charts.standalone.production.js:6:127066)
    at Qf (https://unpkg.com/lightweight-charts@4.2.0/dist/lightweight-charts.standalone.production.js:6:125276)
    at $f (https://unpkg.com/lightweight-charts@4.2.0/dist/lightweight-charts.standalone.production.js:6:113659)
    at Gf (https://unpkg.com/lightweight-charts@4.2.0/dist/lightweight-charts.standalone.production.js:6:108846)
[   41572ms] Uncaught Error: Value is null
    at f (https://unpkg.com/lightweight-charts@4.2.0/dist/lightweight-charts.standalone.production.js:6:2212)
    at Candlestick (https://unpkg.com/lightweight-charts@4.2.0/dist/lightweight-charts.standalone.production.js:6:46283)
    at Hs (https://unpkg.com/lightweight-charts@4.2.0/dist/lightweight-charts.standalone.production.js:6:47531)
    at ne (https://unpkg.com/lightweight-charts@4.2.0/dist/lightweight-charts.standalone.production.js:6:30743)
    at <anonymous> (https://unpkg.com/lightweight-charts@4.2.0/dist/lightweight-charts.standalone.production.js:6:27092)
    at qs (https://unpkg.com/lightweight-charts@4.2.0/dist/lightweight-charts.standalone.production.js:6:27079)
    at Fs (https://unpkg.com/lightweight-charts@4.2.0/dist/lightweight-charts.standalone.production.js:6:24555)
    at gt (https://unpkg.com/lightweight-charts@4.2.0/dist/lightweight-charts.standalone.production.js:6:24390)
    at Cs (https://unpkg.com/lightweight-charts@4.2.0/dist/lightweight-charts.standalone.production.js:6:114569)
    at <anonymous> (https://unpkg.com/lightweight-charts@4.2.0/dist/lightweight-charts.standalone.production.js:6:126899)
    at br (https://unpkg.com/lightweight-charts@4.2.0/dist/lightweight-charts.standalone.production.js:6:127066)
    at Qf (https://unpkg.com/lightweight-charts@4.2.0/dist/lightweight-charts.standalone.production.js:6:125276)
    at $f (https://unpkg.com/lightweight-charts@4.2.0/dist/lightweight-charts.standalone.production.js:6:113659)
    at Gf (https://unpkg.com/lightweight-charts@4.2.0/dist/lightweight-charts.standalone.production.js:6:108846)
[   41583ms] Uncaught Error: Value is null
    at f (https://unpkg.com/lightweight-charts@4.2.0/dist/lightweight-charts.standalone.production.js:6:2212)
    at Candlestick (https://unpkg.com/lightweight-charts@4.2.0/dist/lightweight-charts.standalone.production.js:6:46283)
    at Hs (https://unpkg.com/lightweight-charts@4.2.0/dist/lightweight-charts.standalone.production.js:6:47531)
    at ne (https://unpkg.com/lightweight-charts@4.2.0/dist/lightweight-charts.standalone.production.js:6:30743)
    at <anonymous> (https://unpkg.com/lightweight-charts@4.2.0/dist/lightweight-charts.standalone.production.js:6:27092)
    at qs (https://unpkg.com/lightweight-charts@4.2.0/dist/lightweight-charts.standalone.production.js:6:27079)
    at Fs (https://unpkg.com/lightweight-charts@4.2.0/dist/lightweight-charts.standalone.production.js:6:24555)
    at gt (https://unpkg.com/lightweight-charts@4.2.0/dist/lightweight-charts.standalone.production.js:6:24390)
    at Cs (https://unpkg.com/lightweight-charts@4.2.0/dist/lightweight-charts.standalone.production.js:6:114569)
    at <anonymous> (https://unpkg.com/lightweight-charts@4.2.0/dist/lightweight-charts.standalone.production.js:6:126899)
    at br (https://unpkg.com/lightweight-charts@4.2.0/dist/lightweight-charts.standalone.production.js:6:127066)
    at Qf (https://unpkg.com/lightweight-charts@4.2.0/dist/lightweight-charts.standalone.production.js:6:125276)
    at $f (https://unpkg.com/lightweight-charts@4.2.0/dist/lightweight-charts.standalone.production.js:6:113659)
    at Gf (https://unpkg.com/lightweight-charts@4.2.0/dist/lightweight-charts.standalone.production.js:6:108846)
[   41597ms] Uncaught Error: Value is null
    at f (https://unpkg.com/lightweight-charts@4.2.0/dist/lightweight-charts.standalone.production.js:6:2212)
    at Candlestick (https://unpkg.com/lightweight-charts@4.2.0/dist/lightweight-charts.standalone.production.js:6:46283)
    at Hs (https://unpkg.com/lightweight-charts@4.2.0/dist/lightweight-charts.standalone.production.js:6:47531)
    at ne (https://unpkg.com/lightweight-charts@4.2.0/dist/lightweight-charts.standalone.production.js:6:30743)
    at <anonymous> (https://unpkg.com/lightweight-charts@4.2.0/dist/lightweight-charts.standalone.production.js:6:27092)
    at qs (https://unpkg.com/lightweight-charts@4.2.0/dist/lightweight-charts.standalone.production.js:6:27079)
    at Fs (https://unpkg.com/lightweight-charts@4.2.0/dist/lightweight-charts.standalone.production.js:6:24555)
    at gt (https://unpkg.com/lightweight-charts@4.2.0/dist/lightweight-charts.standalone.production.js:6:24390)
    at Cs (https://unpkg.com/lightweight-charts@4.2.0/dist/lightweight-charts.standalone.production.js:6:114569)
    at <anonymous> (https://unpkg.com/lightweight-charts@4.2.0/dist/lightweight-charts.standalone.production.js:6:126899)
    at br (https://unpkg.com/lightweight-charts@4.2.0/dist/lightweight-charts.standalone.production.js:6:127066)
    at Qf (https://unpkg.com/lightweight-charts@4.2.0/dist/lightweight-charts.standalone.production.js:6:125276)
    at $f (https://unpkg.com/lightweight-charts@4.2.0/dist/lightweight-charts.standalone.production.js:6:113659)
    at Gf (https://unpkg.com/lightweight-charts@4.2.0/dist/lightweight-charts.standalone.production.js:6:108846)
[   41638ms] Uncaught Error: Value is null
    at f (https://unpkg.com/lightweight-charts@4.2.0/dist/lightweight-charts.standalone.production.js:6:2212)
    at Candlestick (https://unpkg.com/lightweight-charts@4.2.0/dist/lightweight-charts.standalone.production.js:6:46283)
    at Hs (https://unpkg.com/lightweight-charts@4.2.0/dist/lightweight-charts.standalone.production.js:6:47531)
    at ne (https://unpkg.com/lightweight-charts@4.2.0/dist/lightweight-charts.standalone.production.js:6:30743)
    at <anonymous> (https://unpkg.com/lightweight-charts@4.2.0/dist/lightweight-charts.standalone.production.js:6:27092)
    at qs (https://unpkg.com/lightweight-charts@4.2.0/dist/lightweight-charts.standalone.production.js:6:27079)
    at Fs (https://unpkg.com/lightweight-charts@4.2.0/dist/lightweight-charts.standalone.production.js:6:24555)
    at gt (https://unpkg.com/lightweight-charts@4.2.0/dist/lightweight-charts.standalone.production.js:6:24390)
    at Cs (https://unpkg.com/lightweight-charts@4.2.0/dist/lightweight-charts.standalone.production.js:6:114569)
    at <anonymous> (https://unpkg.com/lightweight-charts@4.2.0/dist/lightweight-charts.standalone.production.js:6:126899)
    at br (https://unpkg.com/lightweight-charts@4.2.0/dist/lightweight-charts.standalone.production.js:6:127066)
    at Qf (https://unpkg.com/lightweight-charts@4.2.0/dist/lightweight-charts.standalone.production.js:6:125276)
    at $f (https://unpkg.com/lightweight-charts@4.2.0/dist/lightweight-charts.standalone.production.js:6:113659)
    at Gf (https://unpkg.com/lightweight-charts@4.2.0/dist/lightweight-charts.standalone.production.js:6:108846)
[   41647ms] Uncaught Error: Value is null
    at f (https://unpkg.com/lightweight-charts@4.2.0/dist/lightweight-charts.standalone.production.js:6:2212)
    at Candlestick (https://unpkg.com/lightweight-charts@4.2.0/dist/lightweight-charts.standalone.production.js:6:46283)
    at Hs (https://unpkg.com/lightweight-charts@4.2.0/dist/lightweight-charts.standalone.production.js:6:47531)
    at ne (https://unpkg.com/lightweight-charts@4.2.0/dist/lightweight-charts.standalone.production.js:6:30743)
    at <anonymous> (https://unpkg.com/lightweight-charts@4.2.0/dist/lightweight-charts.standalone.production.js:6:27092)
    at qs (https://unpkg.com/lightweight-charts@4.2.0/dist/lightweight-charts.standalone.production.js:6:27079)
    at Fs (https://unpkg.com/lightweight-charts@4.2.0/dist/lightweight-charts.standalone.production.js:6:24555)
    at gt (https://unpkg.com/lightweight-charts@4.2.0/dist/lightweight-charts.standalone.production.js:6:24390)
    at Cs (https://unpkg.com/lightweight-charts@4.2.0/dist/lightweight-charts.standalone.production.js:6:114569)
    at <anonymous> (https://unpkg.com/lightweight-charts@4.2.0/dist/lightweight-charts.standalone.production.js:6:126899)
    at br (https://unpkg.com/lightweight-charts@4.2.0/dist/lightweight-charts.standalone.production.js:6:127066)
    at Qf (https://unpkg.com/lightweight-charts@4.2.0/dist/lightweight-charts.standalone.production.js:6:125276)
    at $f (https://unpkg.com/lightweight-charts@4.2.0/dist/lightweight-charts.standalone.production.js:6:113659)
    at Gf (https://unpkg.com/lightweight-charts@4.2.0/dist/lightweight-charts.standalone.production.js:6:108846)
[   41664ms] Uncaught Error: Value is null
    at f (https://unpkg.com/lightweight-charts@4.2.0/dist/lightweight-charts.standalone.production.js:6:2212)
    at Candlestick (https://unpkg.com/lightweight-charts@4.2.0/dist/lightweight-charts.standalone.production.js:6:46283)
    at Hs (https://unpkg.com/lightweight-charts@4.2.0/dist/lightweight-charts.standalone.production.js:6:47531)
    at ne (https://unpkg.com/lightweight-charts@4.2.0/dist/lightweight-charts.standalone.production.js:6:30743)
    at <anonymous> (https://unpkg.com/lightweight-charts@4.2.0/dist/lightweight-charts.standalone.production.js:6:27092)
    at qs (https://unpkg.com/lightweight-charts@4.2.0/dist/lightweight-charts.standalone.production.js:6:27079)
    at Fs (https://unpkg.com/lightweight-charts@4.2.0/dist/lightweight-charts.standalone.production.js:6:24555)
    at gt (https://unpkg.com/lightweight-charts@4.2.0/dist/lightweight-charts.standalone.production.js:6:24390)
    at Cs (https://unpkg.com/lightweight-charts@4.2.0/dist/lightweight-charts.standalone.production.js:6:114569)
    at <anonymous> (https://unpkg.com/lightweight-charts@4.2.0/dist/lightweight-charts.standalone.production.js:6:126899)
    at br (https://unpkg.com/lightweight-charts@4.2.0/dist/lightweight-charts.standalone.production.js:6:127066)
    at Qf (https://unpkg.com/lightweight-charts@4.2.0/dist/lightweight-charts.standalone.production.js:6:125276)
    at $f (https://unpkg.com/lightweight-charts@4.2.0/dist/lightweight-charts.standalone.production.js:6:113659)
    at Gf (https://unpkg.com/lightweight-charts@4.2.0/dist/lightweight-charts.standalone.production.js:6:108846)
[   41681ms] Uncaught Error: Value is null
    at f (https://unpkg.com/lightweight-charts@4.2.0/dist/lightweight-charts.standalone.production.js:6:2212)
    at Candlestick (https://unpkg.com/lightweight-charts@4.2.0/dist/lightweight-charts.standalone.production.js:6:46283)
    at Hs (https://unpkg.com/lightweight-charts@4.2.0/dist/lightweight-charts.standalone.production.js:6:47531)
    at ne (https://unpkg.com/lightweight-charts@4.2.0/dist/lightweight-charts.standalone.production.js:6:30743)
    at <anonymous> (https://unpkg.com/lightweight-charts@4.2.0/dist/lightweight-charts.standalone.production.js:6:27092)
    at qs (https://unpkg.com/lightweight-charts@4.2.0/dist/lightweight-charts.standalone.production.js:6:27079)
    at Fs (https://unpkg.com/lightweight-charts@4.2.0/dist/lightweight-charts.standalone.production.js:6:24555)
    at gt (https://unpkg.com/lightweight-charts@4.2.0/dist/lightweight-charts.standalone.production.js:6:24390)
    at Cs (https://unpkg.com/lightweight-charts@4.2.0/dist/lightweight-charts.standalone.production.js:6:114569)
    at <anonymous> (https://unpkg.com/lightweight-charts@4.2.0/dist/lightweight-charts.standalone.production.js:6:126899)
    at br (https://unpkg.com/lightweight-charts@4.2.0/dist/lightweight-charts.standalone.production.js:6:127066)
    at Qf (https://unpkg.com/lightweight-charts@4.2.0/dist/lightweight-charts.standalone.production.js:6:125276)
    at $f (https://unpkg.com/lightweight-charts@4.2.0/dist/lightweight-charts.standalone.production.js:6:113659)
    at Gf (https://unpkg.com/lightweight-charts@4.2.0/dist/lightweight-charts.standalone.production.js:6:108846)
[   41689ms] Uncaught Error: Value is null
    at f (https://unpkg.com/lightweight-charts@4.2.0/dist/lightweight-charts.standalone.production.js:6:2212)
    at Candlestick (https://unpkg.com/lightweight-charts@4.2.0/dist/lightweight-charts.standalone.production.js:6:46283)
    at Hs (https://unpkg.com/lightweight-charts@4.2.0/dist/lightweight-charts.standalone.production.js:6:47531)
    at ne (https://unpkg.com/lightweight-charts@4.2.0/dist/lightweight-charts.standalone.production.js:6:30743)
    at <anonymous> (https://unpkg.com/lightweight-charts@4.2.0/dist/lightweight-charts.standalone.production.js:6:27092)
    at qs (https://unpkg.com/lightweight-charts@4.2.0/dist/lightweight-charts.standalone.production.js:6:27079)
    at Fs (https://unpkg.com/lightweight-charts@4.2.0/dist/lightweight-charts.standalone.production.js:6:24555)
    at gt (https://unpkg.com/lightweight-charts@4.2.0/dist/lightweight-charts.standalone.production.js:6:24390)
    at Cs (https://unpkg.com/lightweight-charts@4.2.0/dist/lightweight-charts.standalone.production.js:6:114569)
    at <anonymous> (https://unpkg.com/lightweight-charts@4.2.0/dist/lightweight-charts.standalone.production.js:6:126899)
    at br (https://unpkg.com/lightweight-charts@4.2.0/dist/lightweight-charts.standalone.production.js:6:127066)
    at Qf (https://unpkg.com/lightweight-charts@4.2.0/dist/lightweight-charts.standalone.production.js:6:125276)
    at $f (https://unpkg.com/lightweight-charts@4.2.0/dist/lightweight-charts.standalone.production.js:6:113659)
    at Gf (https://unpkg.com/lightweight-charts@4.2.0/dist/lightweight-charts.standalone.production.js:6:108846)
[   41698ms] Uncaught Error: Value is null
    at f (https://unpkg.com/lightweight-charts@4.2.0/dist/lightweight-charts.standalone.production.js:6:2212)
    at Candlestick (https://unpkg.com/lightweight-charts@4.2.0/dist/lightweight-charts.standalone.production.js:6:46283)
    at Hs (https://unpkg.com/lightweight-charts@4.2.0/dist/lightweight-charts.standalone.production.js:6:47531)
    at ne (https://unpkg.com/lightweight-charts@4.2.0/dist/lightweight-charts.standalone.production.js:6:30743)
    at <anonymous> (https://unpkg.com/lightweight-charts@4.2.0/dist/lightweight-charts.standalone.production.js:6:27092)
    at qs (https://unpkg.com/lightweight-charts@4.2.0/dist/lightweight-charts.standalone.production.js:6:27079)
    at Fs (https://unpkg.com/lightweight-charts@4.2.0/dist/lightweight-charts.standalone.production.js:6:24555)
    at gt (https://unpkg.com/lightweight-charts@4.2.0/dist/lightweight-charts.standalone.production.js:6:24390)
    at Cs (https://unpkg.com/lightweight-charts@4.2.0/dist/lightweight-charts.standalone.production.js:6:114569)
    at <anonymous> (https://unpkg.com/lightweight-charts@4.2.0/dist/lightweight-charts.standalone.production.js:6:126899)
    at br (https://unpkg.com/lightweight-charts@4.2.0/dist/lightweight-charts.standalone.production.js:6:127066)
    at Qf (https://unpkg.com/lightweight-charts@4.2.0/dist/lightweight-charts.standalone.production.js:6:125276)
    at $f (https://unpkg.com/lightweight-charts@4.2.0/dist/lightweight-charts.standalone.production.js:6:113659)
    at Gf (https://unpkg.com/lightweight-charts@4.2.0/dist/lightweight-charts.standalone.production.js:6:108846)
[   41716ms] Uncaught Error: Value is null
    at f (https://unpkg.com/lightweight-charts@4.2.0/dist/lightweight-charts.standalone.production.js:6:2212)
    at Candlestick (https://unpkg.com/lightweight-charts@4.2.0/dist/lightweight-charts.standalone.production.js:6:46283)
    at Hs (https://unpkg.com/lightweight-charts@4.2.0/dist/lightweight-charts.standalone.production.js:6:47531)
    at ne (https://unpkg.com/lightweight-charts@4.2.0/dist/lightweight-charts.standalone.production.js:6:30743)
    at <anonymous> (https://unpkg.com/lightweight-charts@4.2.0/dist/lightweight-charts.standalone.production.js:6:27092)
    at qs (https://unpkg.com/lightweight-charts@4.2.0/dist/lightweight-charts.standalone.production.js:6:27079)
    at Fs (https://unpkg.com/lightweight-charts@4.2.0/dist/lightweight-charts.standalone.production.js:6:24555)
    at gt (https://unpkg.com/lightweight-charts@4.2.0/dist/lightweight-charts.standalone.production.js:6:24390)
    at Cs (https://unpkg.com/lightweight-charts@4.2.0/dist/lightweight-charts.standalone.production.js:6:114569)
    at <anonymous> (https://unpkg.com/lightweight-charts@4.2.0/dist/lightweight-charts.standalone.production.js:6:126899)
    at br (https://unpkg.com/lightweight-charts@4.2.0/dist/lightweight-charts.standalone.production.js:6:127066)
    at Qf (https://unpkg.com/lightweight-charts@4.2.0/dist/lightweight-charts.standalone.production.js:6:125276)
    at $f (https://unpkg.com/lightweight-charts@4.2.0/dist/lightweight-charts.standalone.production.js:6:113659)
    at Gf (https://unpkg.com/lightweight-charts@4.2.0/dist/lightweight-charts.standalone.production.js:6:108846)
[   41729ms] Uncaught Error: Value is null
    at f (https://unpkg.com/lightweight-charts@4.2.0/dist/lightweight-charts.standalone.production.js:6:2212)
    at Candlestick (https://unpkg.com/lightweight-charts@4.2.0/dist/lightweight-charts.standalone.production.js:6:46283)
    at Hs (https://unpkg.com/lightweight-charts@4.2.0/dist/lightweight-charts.standalone.production.js:6:47531)
    at ne (https://unpkg.com/lightweight-charts@4.2.0/dist/lightweight-charts.standalone.production.js:6:30743)
    at <anonymous> (https://unpkg.com/lightweight-charts@4.2.0/dist/lightweight-charts.standalone.production.js:6:27092)
    at qs (https://unpkg.com/lightweight-charts@4.2.0/dist/lightweight-charts.standalone.production.js:6:27079)
    at Fs (https://unpkg.com/lightweight-charts@4.2.0/dist/lightweight-charts.standalone.production.js:6:24555)
    at gt (https://unpkg.com/lightweight-charts@4.2.0/dist/lightweight-charts.standalone.production.js:6:24390)
    at Cs (https://unpkg.com/lightweight-charts@4.2.0/dist/lightweight-charts.standalone.production.js:6:114569)
    at <anonymous> (https://unpkg.com/lightweight-charts@4.2.0/dist/lightweight-charts.standalone.production.js:6:126899)
    at br (https://unpkg.com/lightweight-charts@4.2.0/dist/lightweight-charts.standalone.production.js:6:127066)
    at Qf (https://unpkg.com/lightweight-charts@4.2.0/dist/lightweight-charts.standalone.production.js:6:125276)
    at $f (https://unpkg.com/lightweight-charts@4.2.0/dist/lightweight-charts.standalone.production.js:6:113659)
    at Gf (https://unpkg.com/lightweight-charts@4.2.0/dist/lightweight-charts.standalone.production.js:6:108846)
[   41748ms] Uncaught Error: Value is null
    at f (https://unpkg.com/lightweight-charts@4.2.0/dist/lightweight-charts.standalone.production.js:6:2212)
    at Candlestick (https://unpkg.com/lightweight-charts@4.2.0/dist/lightweight-charts.standalone.production.js:6:46283)
    at Hs (https://unpkg.com/lightweight-charts@4.2.0/dist/lightweight-charts.standalone.production.js:6:47531)
    at ne (https://unpkg.com/lightweight-charts@4.2.0/dist/lightweight-charts.standalone.production.js:6:30743)
    at <anonymous> (https://unpkg.com/lightweight-charts@4.2.0/dist/lightweight-charts.standalone.production.js:6:27092)
    at qs (https://unpkg.com/lightweight-charts@4.2.0/dist/lightweight-charts.standalone.production.js:6:27079)
    at Fs (https://unpkg.com/lightweight-charts@4.2.0/dist/lightweight-charts.standalone.production.js:6:24555)
    at gt (https://unpkg.com/lightweight-charts@4.2.0/dist/lightweight-charts.standalone.production.js:6:24390)
    at Cs (https://unpkg.com/lightweight-charts@4.2.0/dist/lightweight-charts.standalone.production.js:6:114569)
    at <anonymous> (https://unpkg.com/lightweight-charts@4.2.0/dist/lightweight-charts.standalone.production.js:6:126899)
    at br (https://unpkg.com/lightweight-charts@4.2.0/dist/lightweight-charts.standalone.production.js:6:127066)
    at Qf (https://unpkg.com/lightweight-charts@4.2.0/dist/lightweight-charts.standalone.production.js:6:125276)
    at $f (https://unpkg.com/lightweight-charts@4.2.0/dist/lightweight-charts.standalone.production.js:6:113659)
    at Gf (https://unpkg.com/lightweight-charts@4.2.0/dist/lightweight-charts.standalone.production.js:6:108846)
[   41764ms] Uncaught Error: Value is null
    at f (https://unpkg.com/lightweight-charts@4.2.0/dist/lightweight-charts.standalone.production.js:6:2212)
    at Candlestick (https://unpkg.com/lightweight-charts@4.2.0/dist/lightweight-charts.standalone.production.js:6:46283)
    at Hs (https://unpkg.com/lightweight-charts@4.2.0/dist/lightweight-charts.standalone.production.js:6:47531)
    at ne (https://unpkg.com/lightweight-charts@4.2.0/dist/lightweight-charts.standalone.production.js:6:30743)
    at <anonymous> (https://unpkg.com/lightweight-charts@4.2.0/dist/lightweight-charts.standalone.production.js:6:27092)
    at qs (https://unpkg.com/lightweight-charts@4.2.0/dist/lightweight-charts.standalone.production.js:6:27079)
    at Fs (https://unpkg.com/lightweight-charts@4.2.0/dist/lightweight-charts.standalone.production.js:6:24555)
    at gt (https://unpkg.com/lightweight-charts@4.2.0/dist/lightweight-charts.standalone.production.js:6:24390)
    at Cs (https://unpkg.com/lightweight-charts@4.2.0/dist/lightweight-charts.standalone.production.js:6:114569)
    at <anonymous> (https://unpkg.com/lightweight-charts@4.2.0/dist/lightweight-charts.standalone.production.js:6:126899)
    at br (https://unpkg.com/lightweight-charts@4.2.0/dist/lightweight-charts.standalone.production.js:6:127066)
    at Qf (https://unpkg.com/lightweight-charts@4.2.0/dist/lightweight-charts.standalone.production.js:6:125276)
    at $f (https://unpkg.com/lightweight-charts@4.2.0/dist/lightweight-charts.standalone.production.js:6:113659)
    at Gf (https://unpkg.com/lightweight-charts@4.2.0/dist/lightweight-charts.standalone.production.js:6:108846)
[   41780ms] Uncaught Error: Value is null
    at f (https://unpkg.com/lightweight-charts@4.2.0/dist/lightweight-charts.standalone.production.js:6:2212)
    at Candlestick (https://unpkg.com/lightweight-charts@4.2.0/dist/lightweight-charts.standalone.production.js:6:46283)
    at Hs (https://unpkg.com/lightweight-charts@4.2.0/dist/lightweight-charts.standalone.production.js:6:47531)
    at ne (https://unpkg.com/lightweight-charts@4.2.0/dist/lightweight-charts.standalone.production.js:6:30743)
    at <anonymous> (https://unpkg.com/lightweight-charts@4.2.0/dist/lightweight-charts.standalone.production.js:6:27092)
    at qs (https://unpkg.com/lightweight-charts@4.2.0/dist/lightweight-charts.standalone.production.js:6:27079)
    at Fs (https://unpkg.com/lightweight-charts@4.2.0/dist/lightweight-charts.standalone.production.js:6:24555)
    at gt (https://unpkg.com/lightweight-charts@4.2.0/dist/lightweight-charts.standalone.production.js:6:24390)
    at Cs (https://unpkg.com/lightweight-charts@4.2.0/dist/lightweight-charts.standalone.production.js:6:114569)
    at <anonymous> (https://unpkg.com/lightweight-charts@4.2.0/dist/lightweight-charts.standalone.production.js:6:126899)
    at br (https://unpkg.com/lightweight-charts@4.2.0/dist/lightweight-charts.standalone.production.js:6:127066)
    at Qf (https://unpkg.com/lightweight-charts@4.2.0/dist/lightweight-charts.standalone.production.js:6:125276)
    at $f (https://unpkg.com/lightweight-charts@4.2.0/dist/lightweight-charts.standalone.production.js:6:113659)
    at Gf (https://unpkg.com/lightweight-charts@4.2.0/dist/lightweight-charts.standalone.production.js:6:108846)
[   42363ms] Uncaught Error: Value is null
    at f (https://unpkg.com/lightweight-charts@4.2.0/dist/lightweight-charts.standalone.production.js:6:2212)
    at Candlestick (https://unpkg.com/lightweight-charts@4.2.0/dist/lightweight-charts.standalone.production.js:6:46283)
    at Hs (https://unpkg.com/lightweight-charts@4.2.0/dist/lightweight-charts.standalone.production.js:6:47531)
    at ne (https://unpkg.com/lightweight-charts@4.2.0/dist/lightweight-charts.standalone.production.js:6:30743)
    at <anonymous> (https://unpkg.com/lightweight-charts@4.2.0/dist/lightweight-charts.standalone.production.js:6:27092)
    at qs (https://unpkg.com/lightweight-charts@4.2.0/dist/lightweight-charts.standalone.production.js:6:27079)
    at Fs (https://unpkg.com/lightweight-charts@4.2.0/dist/lightweight-charts.standalone.production.js:6:24555)
    at gt (https://unpkg.com/lightweight-charts@4.2.0/dist/lightweight-charts.standalone.production.js:6:24390)
    at Cs (https://unpkg.com/lightweight-charts@4.2.0/dist/lightweight-charts.standalone.production.js:6:114569)
    at <anonymous> (https://unpkg.com/lightweight-charts@4.2.0/dist/lightweight-charts.standalone.production.js:6:126899)
    at br (https://unpkg.com/lightweight-charts@4.2.0/dist/lightweight-charts.standalone.production.js:6:127066)
    at Qf (https://unpkg.com/lightweight-charts@4.2.0/dist/lightweight-charts.standalone.production.js:6:125276)
    at $f (https://unpkg.com/lightweight-charts@4.2.0/dist/lightweight-charts.standalone.production.js:6:113659)
    at Gf (https://unpkg.com/lightweight-charts@4.2.0/dist/lightweight-charts.standalone.production.js:6:108846)
[   42365ms] Uncaught Error: Value is null
    at f (https://unpkg.com/lightweight-charts@4.2.0/dist/lightweight-charts.standalone.production.js:6:2212)
    at Candlestick (https://unpkg.com/lightweight-charts@4.2.0/dist/lightweight-charts.standalone.production.js:6:46283)
    at Hs (https://unpkg.com/lightweight-charts@4.2.0/dist/lightweight-charts.standalone.production.js:6:47531)
    at ne (https://unpkg.com/lightweight-charts@4.2.0/dist/lightweight-charts.standalone.production.js:6:30743)
    at <anonymous> (https://unpkg.com/lightweight-charts@4.2.0/dist/lightweight-charts.standalone.production.js:6:27092)
    at qs (https://unpkg.com/lightweight-charts@4.2.0/dist/lightweight-charts.standalone.production.js:6:27079)
    at Fs (https://unpkg.com/lightweight-charts@4.2.0/dist/lightweight-charts.standalone.production.js:6:24555)
    at gt (https://unpkg.com/lightweight-charts@4.2.0/dist/lightweight-charts.standalone.production.js:6:24390)
    at Cs (https://unpkg.com/lightweight-charts@4.2.0/dist/lightweight-charts.standalone.production.js:6:114569)
    at <anonymous> (https://unpkg.com/lightweight-charts@4.2.0/dist/lightweight-charts.standalone.production.js:6:126899)
    at br (https://unpkg.com/lightweight-charts@4.2.0/dist/lightweight-charts.standalone.production.js:6:127066)
    at Qf (https://unpkg.com/lightweight-charts@4.2.0/dist/lightweight-charts.standalone.production.js:6:125276)
    at $f (https://unpkg.com/lightweight-charts@4.2.0/dist/lightweight-charts.standalone.production.js:6:113659)
    at Gf (https://unpkg.com/lightweight-charts@4.2.0/dist/lightweight-charts.standalone.production.js:6:108846)
[   42365ms] Uncaught Error: Value is null
    at f (https://unpkg.com/lightweight-charts@4.2.0/dist/lightweight-charts.standalone.production.js:6:2212)
    at Candlestick (https://unpkg.com/lightweight-charts@4.2.0/dist/lightweight-charts.standalone.production.js:6:46283)
    at Hs (https://unpkg.com/lightweight-charts@4.2.0/dist/lightweight-charts.standalone.production.js:6:47531)
    at ne (https://unpkg.com/lightweight-charts@4.2.0/dist/lightweight-charts.standalone.production.js:6:30743)
    at <anonymous> (https://unpkg.com/lightweight-charts@4.2.0/dist/lightweight-charts.standalone.production.js:6:27092)
    at qs (https://unpkg.com/lightweight-charts@4.2.0/dist/lightweight-charts.standalone.production.js:6:27079)
    at Fs (https://unpkg.com/lightweight-charts@4.2.0/dist/lightweight-charts.standalone.production.js:6:24555)
    at gt (https://unpkg.com/lightweight-charts@4.2.0/dist/lightweight-charts.standalone.production.js:6:24390)
    at Cs (https://unpkg.com/lightweight-charts@4.2.0/dist/lightweight-charts.standalone.production.js:6:114569)
    at <anonymous> (https://unpkg.com/lightweight-charts@4.2.0/dist/lightweight-charts.standalone.production.js:6:126899)
    at br (https://unpkg.com/lightweight-charts@4.2.0/dist/lightweight-charts.standalone.production.js:6:127066)
    at Qf (https://unpkg.com/lightweight-charts@4.2.0/dist/lightweight-charts.standalone.production.js:6:125276)
    at $f (https://unpkg.com/lightweight-charts@4.2.0/dist/lightweight-charts.standalone.production.js:6:113659)
    at Gf (https://unpkg.com/lightweight-charts@4.2.0/dist/lightweight-charts.standalone.production.js:6:108846)
[   42367ms] Uncaught Error: Value is null
    at f (https://unpkg.com/lightweight-charts@4.2.0/dist/lightweight-charts.standalone.production.js:6:2212)
    at Candlestick (https://unpkg.com/lightweight-charts@4.2.0/dist/lightweight-charts.standalone.production.js:6:46283)
    at Hs (https://unpkg.com/lightweight-charts@4.2.0/dist/lightweight-charts.standalone.production.js:6:47531)
    at ne (https://unpkg.com/lightweight-charts@4.2.0/dist/lightweight-charts.standalone.production.js:6:30743)
    at <anonymous> (https://unpkg.com/lightweight-charts@4.2.0/dist/lightweight-charts.standalone.production.js:6:27092)
    at qs (https://unpkg.com/lightweight-charts@4.2.0/dist/lightweight-charts.standalone.production.js:6:27079)
    at Fs (https://unpkg.com/lightweight-charts@4.2.0/dist/lightweight-charts.standalone.production.js:6:24555)
    at gt (https://unpkg.com/lightweight-charts@4.2.0/dist/lightweight-charts.standalone.production.js:6:24390)
    at Cs (https://unpkg.com/lightweight-charts@4.2.0/dist/lightweight-charts.standalone.production.js:6:114569)
    at <anonymous> (https://unpkg.com/lightweight-charts@4.2.0/dist/lightweight-charts.standalone.production.js:6:126899)
    at br (https://unpkg.com/lightweight-charts@4.2.0/dist/lightweight-charts.standalone.production.js:6:127066)
    at Qf (https://unpkg.com/lightweight-charts@4.2.0/dist/lightweight-charts.standalone.production.js:6:125276)
    at $f (https://unpkg.com/lightweight-charts@4.2.0/dist/lightweight-charts.standalone.production.js:6:113659)
    at Gf (https://unpkg.com/lightweight-charts@4.2.0/dist/lightweight-charts.standalone.production.js:6:108846)
[   42367ms] Uncaught Error: Value is null
    at f (https://unpkg.com/lightweight-charts@4.2.0/dist/lightweight-charts.standalone.production.js:6:2212)
    at Candlestick (https://unpkg.com/lightweight-charts@4.2.0/dist/lightweight-charts.standalone.production.js:6:46283)
    at Hs (https://unpkg.com/lightweight-charts@4.2.0/dist/lightweight-charts.standalone.production.js:6:47531)
    at ne (https://unpkg.com/lightweight-charts@4.2.0/dist/lightweight-charts.standalone.production.js:6:30743)
    at <anonymous> (https://unpkg.com/lightweight-charts@4.2.0/dist/lightweight-charts.standalone.production.js:6:27092)
    at qs (https://unpkg.com/lightweight-charts@4.2.0/dist/lightweight-charts.standalone.production.js:6:27079)
    at Fs (https://unpkg.com/lightweight-charts@4.2.0/dist/lightweight-charts.standalone.production.js:6:24555)
    at gt (https://unpkg.com/lightweight-charts@4.2.0/dist/lightweight-charts.standalone.production.js:6:24390)
    at Cs (https://unpkg.com/lightweight-charts@4.2.0/dist/lightweight-charts.standalone.production.js:6:114569)
    at <anonymous> (https://unpkg.com/lightweight-charts@4.2.0/dist/lightweight-charts.standalone.production.js:6:126899)
    at br (https://unpkg.com/lightweight-charts@4.2.0/dist/lightweight-charts.standalone.production.js:6:127066)
    at Qf (https://unpkg.com/lightweight-charts@4.2.0/dist/lightweight-charts.standalone.production.js:6:125276)
    at $f (https://unpkg.com/lightweight-charts@4.2.0/dist/lightweight-charts.standalone.production.js:6:113659)
    at Gf (https://unpkg.com/lightweight-charts@4.2.0/dist/lightweight-charts.standalone.production.js:6:108846)
[   42367ms] Uncaught Error: Value is null
    at f (https://unpkg.com/lightweight-charts@4.2.0/dist/lightweight-charts.standalone.production.js:6:2212)
    at Candlestick (https://unpkg.com/lightweight-charts@4.2.0/dist/lightweight-charts.standalone.production.js:6:46283)
    at Hs (https://unpkg.com/lightweight-charts@4.2.0/dist/lightweight-charts.standalone.production.js:6:47531)
    at ne (https://unpkg.com/lightweight-charts@4.2.0/dist/lightweight-charts.standalone.production.js:6:30743)
    at <anonymous> (https://unpkg.com/lightweight-charts@4.2.0/dist/lightweight-charts.standalone.production.js:6:27092)
    at qs (https://unpkg.com/lightweight-charts@4.2.0/dist/lightweight-charts.standalone.production.js:6:27079)
    at Fs (https://unpkg.com/lightweight-charts@4.2.0/dist/lightweight-charts.standalone.production.js:6:24555)
    at gt (https://unpkg.com/lightweight-charts@4.2.0/dist/lightweight-charts.standalone.production.js:6:24390)
    at Cs (https://unpkg.com/lightweight-charts@4.2.0/dist/lightweight-charts.standalone.production.js:6:114569)
    at <anonymous> (https://unpkg.com/lightweight-charts@4.2.0/dist/lightweight-charts.standalone.production.js:6:126899)
    at br (https://unpkg.com/lightweight-charts@4.2.0/dist/lightweight-charts.standalone.production.js:6:127066)
    at Qf (https://unpkg.com/lightweight-charts@4.2.0/dist/lightweight-charts.standalone.production.js:6:125276)
    at $f (https://unpkg.com/lightweight-charts@4.2.0/dist/lightweight-charts.standalone.production.js:6:113659)
    at Gf (https://unpkg.com/lightweight-charts@4.2.0/dist/lightweight-charts.standalone.production.js:6:108846)
[   42367ms] Uncaught Error: Value is null
    at f (https://unpkg.com/lightweight-charts@4.2.0/dist/lightweight-charts.standalone.production.js:6:2212)
    at Candlestick (https://unpkg.com/lightweight-charts@4.2.0/dist/lightweight-charts.standalone.production.js:6:46283)
    at Hs (https://unpkg.com/lightweight-charts@4.2.0/dist/lightweight-charts.standalone.production.js:6:47531)
    at ne (https://unpkg.com/lightweight-charts@4.2.0/dist/lightweight-charts.standalone.production.js:6:30743)
    at <anonymous> (https://unpkg.com/lightweight-charts@4.2.0/dist/lightweight-charts.standalone.production.js:6:27092)
    at qs (https://unpkg.com/lightweight-charts@4.2.0/dist/lightweight-charts.standalone.production.js:6:27079)
    at Fs (https://unpkg.com/lightweight-charts@4.2.0/dist/lightweight-charts.standalone.production.js:6:24555)
    at gt (https://unpkg.com/lightweight-charts@4.2.0/dist/lightweight-charts.standalone.production.js:6:24390)
    at Cs (https://unpkg.com/lightweight-charts@4.2.0/dist/lightweight-charts.standalone.production.js:6:114569)
    at <anonymous> (https://unpkg.com/lightweight-charts@4.2.0/dist/lightweight-charts.standalone.production.js:6:126899)
    at br (https://unpkg.com/lightweight-charts@4.2.0/dist/lightweight-charts.standalone.production.js:6:127066)
    at Qf (https://unpkg.com/lightweight-charts@4.2.0/dist/lightweight-charts.standalone.production.js:6:125276)
    at $f (https://unpkg.com/lightweight-charts@4.2.0/dist/lightweight-charts.standalone.production.js:6:113659)
    at Gf (https://unpkg.com/lightweight-charts@4.2.0/dist/lightweight-charts.standalone.production.js:6:108846)
[   42387ms] Uncaught Error: Value is null
    at f (https://unpkg.com/lightweight-charts@4.2.0/dist/lightweight-charts.standalone.production.js:6:2212)
    at Candlestick (https://unpkg.com/lightweight-charts@4.2.0/dist/lightweight-charts.standalone.production.js:6:46283)
    at Hs (https://unpkg.com/lightweight-charts@4.2.0/dist/lightweight-charts.standalone.production.js:6:47531)
    at ne (https://unpkg.com/lightweight-charts@4.2.0/dist/lightweight-charts.standalone.production.js:6:30743)
    at <anonymous> (https://unpkg.com/lightweight-charts@4.2.0/dist/lightweight-charts.standalone.production.js:6:27092)
    at qs (https://unpkg.com/lightweight-charts@4.2.0/dist/lightweight-charts.standalone.production.js:6:27079)
    at Fs (https://unpkg.com/lightweight-charts@4.2.0/dist/lightweight-charts.standalone.production.js:6:24555)
    at gt (https://unpkg.com/lightweight-charts@4.2.0/dist/lightweight-charts.standalone.production.js:6:24390)
    at Cs (https://unpkg.com/lightweight-charts@4.2.0/dist/lightweight-charts.standalone.production.js:6:114569)
    at <anonymous> (https://unpkg.com/lightweight-charts@4.2.0/dist/lightweight-charts.standalone.production.js:6:126899)
    at br (https://unpkg.com/lightweight-charts@4.2.0/dist/lightweight-charts.standalone.production.js:6:127066)
    at Qf (https://unpkg.com/lightweight-charts@4.2.0/dist/lightweight-charts.standalone.production.js:6:125276)
    at $f (https://unpkg.com/lightweight-charts@4.2.0/dist/lightweight-charts.standalone.production.js:6:113659)
    at Gf (https://unpkg.com/lightweight-charts@4.2.0/dist/lightweight-charts.standalone.production.js:6:108846)
[   42410ms] Uncaught Error: Value is null
    at f (https://unpkg.com/lightweight-charts@4.2.0/dist/lightweight-charts.standalone.production.js:6:2212)
    at Candlestick (https://unpkg.com/lightweight-charts@4.2.0/dist/lightweight-charts.standalone.production.js:6:46283)
    at Hs (https://unpkg.com/lightweight-charts@4.2.0/dist/lightweight-charts.standalone.production.js:6:47531)
    at ne (https://unpkg.com/lightweight-charts@4.2.0/dist/lightweight-charts.standalone.production.js:6:30743)
    at <anonymous> (https://unpkg.com/lightweight-charts@4.2.0/dist/lightweight-charts.standalone.production.js:6:27092)
    at qs (https://unpkg.com/lightweight-charts@4.2.0/dist/lightweight-charts.standalone.production.js:6:27079)
    at Fs (https://unpkg.com/lightweight-charts@4.2.0/dist/lightweight-charts.standalone.production.js:6:24555)
    at gt (https://unpkg.com/lightweight-charts@4.2.0/dist/lightweight-charts.standalone.production.js:6:24390)
    at Cs (https://unpkg.com/lightweight-charts@4.2.0/dist/lightweight-charts.standalone.production.js:6:114569)
    at <anonymous> (https://unpkg.com/lightweight-charts@4.2.0/dist/lightweight-charts.standalone.production.js:6:126899)
    at br (https://unpkg.com/lightweight-charts@4.2.0/dist/lightweight-charts.standalone.production.js:6:127066)
    at Qf (https://unpkg.com/lightweight-charts@4.2.0/dist/lightweight-charts.standalone.production.js:6:125276)
    at $f (https://unpkg.com/lightweight-charts@4.2.0/dist/lightweight-charts.standalone.production.js:6:113659)
    at Gf (https://unpkg.com/lightweight-charts@4.2.0/dist/lightweight-charts.standalone.production.js:6:108846)
[   42415ms] Uncaught Error: Value is null
    at f (https://unpkg.com/lightweight-charts@4.2.0/dist/lightweight-charts.standalone.production.js:6:2212)
    at Candlestick (https://unpkg.com/lightweight-charts@4.2.0/dist/lightweight-charts.standalone.production.js:6:46283)
    at Hs (https://unpkg.com/lightweight-charts@4.2.0/dist/lightweight-charts.standalone.production.js:6:47531)
    at ne (https://unpkg.com/lightweight-charts@4.2.0/dist/lightweight-charts.standalone.production.js:6:30743)
    at <anonymous> (https://unpkg.com/lightweight-charts@4.2.0/dist/lightweight-charts.standalone.production.js:6:27092)
    at qs (https://unpkg.com/lightweight-charts@4.2.0/dist/lightweight-charts.standalone.production.js:6:27079)
    at Fs (https://unpkg.com/lightweight-charts@4.2.0/dist/lightweight-charts.standalone.production.js:6:24555)
    at gt (https://unpkg.com/lightweight-charts@4.2.0/dist/lightweight-charts.standalone.production.js:6:24390)
    at Cs (https://unpkg.com/lightweight-charts@4.2.0/dist/lightweight-charts.standalone.production.js:6:114569)
    at <anonymous> (https://unpkg.com/lightweight-charts@4.2.0/dist/lightweight-charts.standalone.production.js:6:126899)
    at br (https://unpkg.com/lightweight-charts@4.2.0/dist/lightweight-charts.standalone.production.js:6:127066)
    at Qf (https://unpkg.com/lightweight-charts@4.2.0/dist/lightweight-charts.standalone.production.js:6:125276)
    at $f (https://unpkg.com/lightweight-charts@4.2.0/dist/lightweight-charts.standalone.production.js:6:113659)
    at Gf (https://unpkg.com/lightweight-charts@4.2.0/dist/lightweight-charts.standalone.production.js:6:108846)
[   42416ms] Uncaught Error: Value is null
    at f (https://unpkg.com/lightweight-charts@4.2.0/dist/lightweight-charts.standalone.production.js:6:2212)
    at Candlestick (https://unpkg.com/lightweight-charts@4.2.0/dist/lightweight-charts.standalone.production.js:6:46283)
    at Hs (https://unpkg.com/lightweight-charts@4.2.0/dist/lightweight-charts.standalone.production.js:6:47531)
    at ne (https://unpkg.com/lightweight-charts@4.2.0/dist/lightweight-charts.standalone.production.js:6:30743)
    at <anonymous> (https://unpkg.com/lightweight-charts@4.2.0/dist/lightweight-charts.standalone.production.js:6:27092)
    at qs (https://unpkg.com/lightweight-charts@4.2.0/dist/lightweight-charts.standalone.production.js:6:27079)
    at Fs (https://unpkg.com/lightweight-charts@4.2.0/dist/lightweight-charts.standalone.production.js:6:24555)
    at gt (https://unpkg.com/lightweight-charts@4.2.0/dist/lightweight-charts.standalone.production.js:6:24390)
    at Cs (https://unpkg.com/lightweight-charts@4.2.0/dist/lightweight-charts.standalone.production.js:6:114569)
    at <anonymous> (https://unpkg.com/lightweight-charts@4.2.0/dist/lightweight-charts.standalone.production.js:6:126899)
    at br (https://unpkg.com/lightweight-charts@4.2.0/dist/lightweight-charts.standalone.production.js:6:127066)
    at Qf (https://unpkg.com/lightweight-charts@4.2.0/dist/lightweight-charts.standalone.production.js:6:125276)
    at $f (https://unpkg.com/lightweight-charts@4.2.0/dist/lightweight-charts.standalone.production.js:6:113659)
    at Gf (https://unpkg.com/lightweight-charts@4.2.0/dist/lightweight-charts.standalone.production.js:6:108846)
[   42473ms] Uncaught Error: Value is null
    at f (https://unpkg.com/lightweight-charts@4.2.0/dist/lightweight-charts.standalone.production.js:6:2212)
    at Candlestick (https://unpkg.com/lightweight-charts@4.2.0/dist/lightweight-charts.standalone.production.js:6:46283)
    at Hs (https://unpkg.com/lightweight-charts@4.2.0/dist/lightweight-charts.standalone.production.js:6:47531)
    at ne (https://unpkg.com/lightweight-charts@4.2.0/dist/lightweight-charts.standalone.production.js:6:30743)
    at <anonymous> (https://unpkg.com/lightweight-charts@4.2.0/dist/lightweight-charts.standalone.production.js:6:27092)
    at qs (https://unpkg.com/lightweight-charts@4.2.0/dist/lightweight-charts.standalone.production.js:6:27079)
    at Fs (https://unpkg.com/lightweight-charts@4.2.0/dist/lightweight-charts.standalone.production.js:6:24555)
    at gt (https://unpkg.com/lightweight-charts@4.2.0/dist/lightweight-charts.standalone.production.js:6:24390)
    at Cs (https://unpkg.com/lightweight-charts@4.2.0/dist/lightweight-charts.standalone.production.js:6:114569)
    at <anonymous> (https://unpkg.com/lightweight-charts@4.2.0/dist/lightweight-charts.standalone.production.js:6:126899)
    at br (https://unpkg.com/lightweight-charts@4.2.0/dist/lightweight-charts.standalone.production.js:6:127066)
    at Qf (https://unpkg.com/lightweight-charts@4.2.0/dist/lightweight-charts.standalone.production.js:6:125276)
    at $f (https://unpkg.com/lightweight-charts@4.2.0/dist/lightweight-charts.standalone.production.js:6:113659)
    at Gf (https://unpkg.com/lightweight-charts@4.2.0/dist/lightweight-charts.standalone.production.js:6:108846)
[   42511ms] Uncaught Error: Value is null
    at f (https://unpkg.com/lightweight-charts@4.2.0/dist/lightweight-charts.standalone.production.js:6:2212)
    at Candlestick (https://unpkg.com/lightweight-charts@4.2.0/dist/lightweight-charts.standalone.production.js:6:46283)
    at Hs (https://unpkg.com/lightweight-charts@4.2.0/dist/lightweight-charts.standalone.production.js:6:47531)
    at ne (https://unpkg.com/lightweight-charts@4.2.0/dist/lightweight-charts.standalone.production.js:6:30743)
    at <anonymous> (https://unpkg.com/lightweight-charts@4.2.0/dist/lightweight-charts.standalone.production.js:6:27092)
    at qs (https://unpkg.com/lightweight-charts@4.2.0/dist/lightweight-charts.standalone.production.js:6:27079)
    at Fs (https://unpkg.com/lightweight-charts@4.2.0/dist/lightweight-charts.standalone.production.js:6:24555)
    at gt (https://unpkg.com/lightweight-charts@4.2.0/dist/lightweight-charts.standalone.production.js:6:24390)
    at Cs (https://unpkg.com/lightweight-charts@4.2.0/dist/lightweight-charts.standalone.production.js:6:114569)
    at <anonymous> (https://unpkg.com/lightweight-charts@4.2.0/dist/lightweight-charts.standalone.production.js:6:126899)
    at br (https://unpkg.com/lightweight-charts@4.2.0/dist/lightweight-charts.standalone.production.js:6:127066)
    at Qf (https://unpkg.com/lightweight-charts@4.2.0/dist/lightweight-charts.standalone.production.js:6:125276)
    at $f (https://unpkg.com/lightweight-charts@4.2.0/dist/lightweight-charts.standalone.production.js:6:113659)
    at Gf (https://unpkg.com/lightweight-charts@4.2.0/dist/lightweight-charts.standalone.production.js:6:108846)
[   42523ms] Uncaught Error: Value is null
    at f (https://unpkg.com/lightweight-charts@4.2.0/dist/lightweight-charts.standalone.production.js:6:2212)
    at Candlestick (https://unpkg.com/lightweight-charts@4.2.0/dist/lightweight-charts.standalone.production.js:6:46283)
    at Hs (https://unpkg.com/lightweight-charts@4.2.0/dist/lightweight-charts.standalone.production.js:6:47531)
    at ne (https://unpkg.com/lightweight-charts@4.2.0/dist/lightweight-charts.standalone.production.js:6:30743)
    at <anonymous> (https://unpkg.com/lightweight-charts@4.2.0/dist/lightweight-charts.standalone.production.js:6:27092)
    at qs (https://unpkg.com/lightweight-charts@4.2.0/dist/lightweight-charts.standalone.production.js:6:27079)
    at Fs (https://unpkg.com/lightweight-charts@4.2.0/dist/lightweight-charts.standalone.production.js:6:24555)
    at gt (https://unpkg.com/lightweight-charts@4.2.0/dist/lightweight-charts.standalone.production.js:6:24390)
    at Cs (https://unpkg.com/lightweight-charts@4.2.0/dist/lightweight-charts.standalone.production.js:6:114569)
    at <anonymous> (https://unpkg.com/lightweight-charts@4.2.0/dist/lightweight-charts.standalone.production.js:6:126899)
    at br (https://unpkg.com/lightweight-charts@4.2.0/dist/lightweight-charts.standalone.production.js:6:127066)
    at Qf (https://unpkg.com/lightweight-charts@4.2.0/dist/lightweight-charts.standalone.production.js:6:125276)
    at $f (https://unpkg.com/lightweight-charts@4.2.0/dist/lightweight-charts.standalone.production.js:6:113659)
    at Gf (https://unpkg.com/lightweight-charts@4.2.0/dist/lightweight-charts.standalone.production.js:6:108846)
[   42524ms] Uncaught Error: Value is null
    at f (https://unpkg.com/lightweight-charts@4.2.0/dist/lightweight-charts.standalone.production.js:6:2212)
    at Candlestick (https://unpkg.com/lightweight-charts@4.2.0/dist/lightweight-charts.standalone.production.js:6:46283)
    at Hs (https://unpkg.com/lightweight-charts@4.2.0/dist/lightweight-charts.standalone.production.js:6:47531)
    at ne (https://unpkg.com/lightweight-charts@4.2.0/dist/lightweight-charts.standalone.production.js:6:30743)
    at <anonymous> (https://unpkg.com/lightweight-charts@4.2.0/dist/lightweight-charts.standalone.production.js:6:27092)
    at qs (https://unpkg.com/lightweight-charts@4.2.0/dist/lightweight-charts.standalone.production.js:6:27079)
    at Fs (https://unpkg.com/lightweight-charts@4.2.0/dist/lightweight-charts.standalone.production.js:6:24555)
    at gt (https://unpkg.com/lightweight-charts@4.2.0/dist/lightweight-charts.standalone.production.js:6:24390)
    at Cs (https://unpkg.com/lightweight-charts@4.2.0/dist/lightweight-charts.standalone.production.js:6:114569)
    at <anonymous> (https://unpkg.com/lightweight-charts@4.2.0/dist/lightweight-charts.standalone.production.js:6:126899)
    at br (https://unpkg.com/lightweight-charts@4.2.0/dist/lightweight-charts.standalone.production.js:6:127066)
    at Qf (https://unpkg.com/lightweight-charts@4.2.0/dist/lightweight-charts.standalone.production.js:6:125276)
    at $f (https://unpkg.com/lightweight-charts@4.2.0/dist/lightweight-charts.standalone.production.js:6:113659)
    at Gf (https://unpkg.com/lightweight-charts@4.2.0/dist/lightweight-charts.standalone.production.js:6:108846)
[   42524ms] Uncaught Error: Value is null
    at f (https://unpkg.com/lightweight-charts@4.2.0/dist/lightweight-charts.standalone.production.js:6:2212)
    at Candlestick (https://unpkg.com/lightweight-charts@4.2.0/dist/lightweight-charts.standalone.production.js:6:46283)
    at Hs (https://unpkg.com/lightweight-charts@4.2.0/dist/lightweight-charts.standalone.production.js:6:47531)
    at ne (https://unpkg.com/lightweight-charts@4.2.0/dist/lightweight-charts.standalone.production.js:6:30743)
    at <anonymous> (https://unpkg.com/lightweight-charts@4.2.0/dist/lightweight-charts.standalone.production.js:6:27092)
    at qs (https://unpkg.com/lightweight-charts@4.2.0/dist/lightweight-charts.standalone.production.js:6:27079)
    at Fs (https://unpkg.com/lightweight-charts@4.2.0/dist/lightweight-charts.standalone.production.js:6:24555)
    at gt (https://unpkg.com/lightweight-charts@4.2.0/dist/lightweight-charts.standalone.production.js:6:24390)
    at Cs (https://unpkg.com/lightweight-charts@4.2.0/dist/lightweight-charts.standalone.production.js:6:114569)
    at <anonymous> (https://unpkg.com/lightweight-charts@4.2.0/dist/lightweight-charts.standalone.production.js:6:126899)
    at br (https://unpkg.com/lightweight-charts@4.2.0/dist/lightweight-charts.standalone.production.js:6:127066)
    at Qf (https://unpkg.com/lightweight-charts@4.2.0/dist/lightweight-charts.standalone.production.js:6:125276)
    at $f (https://unpkg.com/lightweight-charts@4.2.0/dist/lightweight-charts.standalone.production.js:6:113659)
    at Gf (https://unpkg.com/lightweight-charts@4.2.0/dist/lightweight-charts.standalone.production.js:6:108846)
[   42524ms] Uncaught Error: Value is null
    at f (https://unpkg.com/lightweight-charts@4.2.0/dist/lightweight-charts.standalone.production.js:6:2212)
    at Candlestick (https://unpkg.com/lightweight-charts@4.2.0/dist/lightweight-charts.standalone.production.js:6:46283)
    at Hs (https://unpkg.com/lightweight-charts@4.2.0/dist/lightweight-charts.standalone.production.js:6:47531)
    at ne (https://unpkg.com/lightweight-charts@4.2.0/dist/lightweight-charts.standalone.production.js:6:30743)
    at <anonymous> (https://unpkg.com/lightweight-charts@4.2.0/dist/lightweight-charts.standalone.production.js:6:27092)
    at qs (https://unpkg.com/lightweight-charts@4.2.0/dist/lightweight-charts.standalone.production.js:6:27079)
    at Fs (https://unpkg.com/lightweight-charts@4.2.0/dist/lightweight-charts.standalone.production.js:6:24555)
    at gt (https://unpkg.com/lightweight-charts@4.2.0/dist/lightweight-charts.standalone.production.js:6:24390)
    at Cs (https://unpkg.com/lightweight-charts@4.2.0/dist/lightweight-charts.standalone.production.js:6:114569)
    at <anonymous> (https://unpkg.com/lightweight-charts@4.2.0/dist/lightweight-charts.standalone.production.js:6:126899)
    at br (https://unpkg.com/lightweight-charts@4.2.0/dist/lightweight-charts.standalone.production.js:6:127066)
    at Qf (https://unpkg.com/lightweight-charts@4.2.0/dist/lightweight-charts.standalone.production.js:6:125276)
    at $f (https://unpkg.com/lightweight-charts@4.2.0/dist/lightweight-charts.standalone.production.js:6:113659)
    at Gf (https://unpkg.com/lightweight-charts@4.2.0/dist/lightweight-charts.standalone.production.js:6:108846)
[   42582ms] Uncaught Error: Value is null
    at f (https://unpkg.com/lightweight-charts@4.2.0/dist/lightweight-charts.standalone.production.js:6:2212)
    at Candlestick (https://unpkg.com/lightweight-charts@4.2.0/dist/lightweight-charts.standalone.production.js:6:46283)
    at Hs (https://unpkg.com/lightweight-charts@4.2.0/dist/lightweight-charts.standalone.production.js:6:47531)
    at ne (https://unpkg.com/lightweight-charts@4.2.0/dist/lightweight-charts.standalone.production.js:6:30743)
    at <anonymous> (https://unpkg.com/lightweight-charts@4.2.0/dist/lightweight-charts.standalone.production.js:6:27092)
    at qs (https://unpkg.com/lightweight-charts@4.2.0/dist/lightweight-charts.standalone.production.js:6:27079)
    at Fs (https://unpkg.com/lightweight-charts@4.2.0/dist/lightweight-charts.standalone.production.js:6:24555)
    at gt (https://unpkg.com/lightweight-charts@4.2.0/dist/lightweight-charts.standalone.production.js:6:24390)
    at Cs (https://unpkg.com/lightweight-charts@4.2.0/dist/lightweight-charts.standalone.production.js:6:114569)
    at <anonymous> (https://unpkg.com/lightweight-charts@4.2.0/dist/lightweight-charts.standalone.production.js:6:126899)
    at br (https://unpkg.com/lightweight-charts@4.2.0/dist/lightweight-charts.standalone.production.js:6:127066)
    at Qf (https://unpkg.com/lightweight-charts@4.2.0/dist/lightweight-charts.standalone.production.js:6:125276)
    at $f (https://unpkg.com/lightweight-charts@4.2.0/dist/lightweight-charts.standalone.production.js:6:113659)
    at Gf (https://unpkg.com/lightweight-charts@4.2.0/dist/lightweight-charts.standalone.production.js:6:108846)
[   42596ms] Uncaught Error: Value is null
    at f (https://unpkg.com/lightweight-charts@4.2.0/dist/lightweight-charts.standalone.production.js:6:2212)
    at Candlestick (https://unpkg.com/lightweight-charts@4.2.0/dist/lightweight-charts.standalone.production.js:6:46283)
    at Hs (https://unpkg.com/lightweight-charts@4.2.0/dist/lightweight-charts.standalone.production.js:6:47531)
    at ne (https://unpkg.com/lightweight-charts@4.2.0/dist/lightweight-charts.standalone.production.js:6:30743)
    at <anonymous> (https://unpkg.com/lightweight-charts@4.2.0/dist/lightweight-charts.standalone.production.js:6:27092)
    at qs (https://unpkg.com/lightweight-charts@4.2.0/dist/lightweight-charts.standalone.production.js:6:27079)
    at Fs (https://unpkg.com/lightweight-charts@4.2.0/dist/lightweight-charts.standalone.production.js:6:24555)
    at gt (https://unpkg.com/lightweight-charts@4.2.0/dist/lightweight-charts.standalone.production.js:6:24390)
    at Cs (https://unpkg.com/lightweight-charts@4.2.0/dist/lightweight-charts.standalone.production.js:6:114569)
    at <anonymous> (https://unpkg.com/lightweight-charts@4.2.0/dist/lightweight-charts.standalone.production.js:6:126899)
    at br (https://unpkg.com/lightweight-charts@4.2.0/dist/lightweight-charts.standalone.production.js:6:127066)
    at Qf (https://unpkg.com/lightweight-charts@4.2.0/dist/lightweight-charts.standalone.production.js:6:125276)
    at $f (https://unpkg.com/lightweight-charts@4.2.0/dist/lightweight-charts.standalone.production.js:6:113659)
    at Gf (https://unpkg.com/lightweight-charts@4.2.0/dist/lightweight-charts.standalone.production.js:6:108846)
[   42609ms] Uncaught Error: Value is null
    at f (https://unpkg.com/lightweight-charts@4.2.0/dist/lightweight-charts.standalone.production.js:6:2212)
    at Candlestick (https://unpkg.com/lightweight-charts@4.2.0/dist/lightweight-charts.standalone.production.js:6:46283)
    at Hs (https://unpkg.com/lightweight-charts@4.2.0/dist/lightweight-charts.standalone.production.js:6:47531)
    at ne (https://unpkg.com/lightweight-charts@4.2.0/dist/lightweight-charts.standalone.production.js:6:30743)
    at <anonymous> (https://unpkg.com/lightweight-charts@4.2.0/dist/lightweight-charts.standalone.production.js:6:27092)
    at qs (https://unpkg.com/lightweight-charts@4.2.0/dist/lightweight-charts.standalone.production.js:6:27079)
    at Fs (https://unpkg.com/lightweight-charts@4.2.0/dist/lightweight-charts.standalone.production.js:6:24555)
    at gt (https://unpkg.com/lightweight-charts@4.2.0/dist/lightweight-charts.standalone.production.js:6:24390)
    at Cs (https://unpkg.com/lightweight-charts@4.2.0/dist/lightweight-charts.standalone.production.js:6:114569)
    at <anonymous> (https://unpkg.com/lightweight-charts@4.2.0/dist/lightweight-charts.standalone.production.js:6:126899)
    at br (https://unpkg.com/lightweight-charts@4.2.0/dist/lightweight-charts.standalone.production.js:6:127066)
    at Qf (https://unpkg.com/lightweight-charts@4.2.0/dist/lightweight-charts.standalone.production.js:6:125276)
    at $f (https://unpkg.com/lightweight-charts@4.2.0/dist/lightweight-charts.standalone.production.js:6:113659)
    at Gf (https://unpkg.com/lightweight-charts@4.2.0/dist/lightweight-charts.standalone.production.js:6:108846)
[   42647ms] Uncaught Error: Value is null
    at f (https://unpkg.com/lightweight-charts@4.2.0/dist/lightweight-charts.standalone.production.js:6:2212)
    at Candlestick (https://unpkg.com/lightweight-charts@4.2.0/dist/lightweight-charts.standalone.production.js:6:46283)
    at Hs (https://unpkg.com/lightweight-charts@4.2.0/dist/lightweight-charts.standalone.production.js:6:47531)
    at ne (https://unpkg.com/lightweight-charts@4.2.0/dist/lightweight-charts.standalone.production.js:6:30743)
    at <anonymous> (https://unpkg.com/lightweight-charts@4.2.0/dist/lightweight-charts.standalone.production.js:6:27092)
    at qs (https://unpkg.com/lightweight-charts@4.2.0/dist/lightweight-charts.standalone.production.js:6:27079)
    at Fs (https://unpkg.com/lightweight-charts@4.2.0/dist/lightweight-charts.standalone.production.js:6:24555)
    at gt (https://unpkg.com/lightweight-charts@4.2.0/dist/lightweight-charts.standalone.production.js:6:24390)
    at Cs (https://unpkg.com/lightweight-charts@4.2.0/dist/lightweight-charts.standalone.production.js:6:114569)
    at <anonymous> (https://unpkg.com/lightweight-charts@4.2.0/dist/lightweight-charts.standalone.production.js:6:126899)
    at br (https://unpkg.com/lightweight-charts@4.2.0/dist/lightweight-charts.standalone.production.js:6:127066)
    at Qf (https://unpkg.com/lightweight-charts@4.2.0/dist/lightweight-charts.standalone.production.js:6:125276)
    at $f (https://unpkg.com/lightweight-charts@4.2.0/dist/lightweight-charts.standalone.production.js:6:113659)
    at Gf (https://unpkg.com/lightweight-charts@4.2.0/dist/lightweight-charts.standalone.production.js:6:108846)
[   42648ms] Uncaught Error: Value is null
    at f (https://unpkg.com/lightweight-charts@4.2.0/dist/lightweight-charts.standalone.production.js:6:2212)
    at Candlestick (https://unpkg.com/lightweight-charts@4.2.0/dist/lightweight-charts.standalone.production.js:6:46283)
    at Hs (https://unpkg.com/lightweight-charts@4.2.0/dist/lightweight-charts.standalone.production.js:6:47531)
    at ne (https://unpkg.com/lightweight-charts@4.2.0/dist/lightweight-charts.standalone.production.js:6:30743)
    at <anonymous> (https://unpkg.com/lightweight-charts@4.2.0/dist/lightweight-charts.standalone.production.js:6:27092)
    at qs (https://unpkg.com/lightweight-charts@4.2.0/dist/lightweight-charts.standalone.production.js:6:27079)
    at Fs (https://unpkg.com/lightweight-charts@4.2.0/dist/lightweight-charts.standalone.production.js:6:24555)
    at gt (https://unpkg.com/lightweight-charts@4.2.0/dist/lightweight-charts.standalone.production.js:6:24390)
    at Cs (https://unpkg.com/lightweight-charts@4.2.0/dist/lightweight-charts.standalone.production.js:6:114569)
    at <anonymous> (https://unpkg.com/lightweight-charts@4.2.0/dist/lightweight-charts.standalone.production.js:6:126899)
    at br (https://unpkg.com/lightweight-charts@4.2.0/dist/lightweight-charts.standalone.production.js:6:127066)
    at Qf (https://unpkg.com/lightweight-charts@4.2.0/dist/lightweight-charts.standalone.production.js:6:125276)
    at $f (https://unpkg.com/lightweight-charts@4.2.0/dist/lightweight-charts.standalone.production.js:6:113659)
    at Gf (https://unpkg.com/lightweight-charts@4.2.0/dist/lightweight-charts.standalone.production.js:6:108846)
[   42664ms] Uncaught Error: Value is null
    at f (https://unpkg.com/lightweight-charts@4.2.0/dist/lightweight-charts.standalone.production.js:6:2212)
    at Candlestick (https://unpkg.com/lightweight-charts@4.2.0/dist/lightweight-charts.standalone.production.js:6:46283)
    at Hs (https://unpkg.com/lightweight-charts@4.2.0/dist/lightweight-charts.standalone.production.js:6:47531)
    at ne (https://unpkg.com/lightweight-charts@4.2.0/dist/lightweight-charts.standalone.production.js:6:30743)
    at <anonymous> (https://unpkg.com/lightweight-charts@4.2.0/dist/lightweight-charts.standalone.production.js:6:27092)
    at qs (https://unpkg.com/lightweight-charts@4.2.0/dist/lightweight-charts.standalone.production.js:6:27079)
    at Fs (https://unpkg.com/lightweight-charts@4.2.0/dist/lightweight-charts.standalone.production.js:6:24555)
    at gt (https://unpkg.com/lightweight-charts@4.2.0/dist/lightweight-charts.standalone.production.js:6:24390)
    at Cs (https://unpkg.com/lightweight-charts@4.2.0/dist/lightweight-charts.standalone.production.js:6:114569)
    at <anonymous> (https://unpkg.com/lightweight-charts@4.2.0/dist/lightweight-charts.standalone.production.js:6:126899)
    at br (https://unpkg.com/lightweight-charts@4.2.0/dist/lightweight-charts.standalone.production.js:6:127066)
    at Qf (https://unpkg.com/lightweight-charts@4.2.0/dist/lightweight-charts.standalone.production.js:6:125276)
    at $f (https://unpkg.com/lightweight-charts@4.2.0/dist/lightweight-charts.standalone.production.js:6:113659)
    at Gf (https://unpkg.com/lightweight-charts@4.2.0/dist/lightweight-charts.standalone.production.js:6:108846)
[   42674ms] Uncaught Error: Value is null
    at f (https://unpkg.com/lightweight-charts@4.2.0/dist/lightweight-charts.standalone.production.js:6:2212)
    at Candlestick (https://unpkg.com/lightweight-charts@4.2.0/dist/lightweight-charts.standalone.production.js:6:46283)
    at Hs (https://unpkg.com/lightweight-charts@4.2.0/dist/lightweight-charts.standalone.production.js:6:47531)
    at ne (https://unpkg.com/lightweight-charts@4.2.0/dist/lightweight-charts.standalone.production.js:6:30743)
    at <anonymous> (https://unpkg.com/lightweight-charts@4.2.0/dist/lightweight-charts.standalone.production.js:6:27092)
    at qs (https://unpkg.com/lightweight-charts@4.2.0/dist/lightweight-charts.standalone.production.js:6:27079)
    at Fs (https://unpkg.com/lightweight-charts@4.2.0/dist/lightweight-charts.standalone.production.js:6:24555)
    at gt (https://unpkg.com/lightweight-charts@4.2.0/dist/lightweight-charts.standalone.production.js:6:24390)
    at Cs (https://unpkg.com/lightweight-charts@4.2.0/dist/lightweight-charts.standalone.production.js:6:114569)
    at <anonymous> (https://unpkg.com/lightweight-charts@4.2.0/dist/lightweight-charts.standalone.production.js:6:126899)
    at br (https://unpkg.com/lightweight-charts@4.2.0/dist/lightweight-charts.standalone.production.js:6:127066)
    at Qf (https://unpkg.com/lightweight-charts@4.2.0/dist/lightweight-charts.standalone.production.js:6:125276)
    at $f (https://unpkg.com/lightweight-charts@4.2.0/dist/lightweight-charts.standalone.production.js:6:113659)
    at Gf (https://unpkg.com/lightweight-charts@4.2.0/dist/lightweight-charts.standalone.production.js:6:108846)
[   42699ms] Uncaught Error: Value is null
    at f (https://unpkg.com/lightweight-charts@4.2.0/dist/lightweight-charts.standalone.production.js:6:2212)
    at Candlestick (https://unpkg.com/lightweight-charts@4.2.0/dist/lightweight-charts.standalone.production.js:6:46283)
    at Hs (https://unpkg.com/lightweight-charts@4.2.0/dist/lightweight-charts.standalone.production.js:6:47531)
    at ne (https://unpkg.com/lightweight-charts@4.2.0/dist/lightweight-charts.standalone.production.js:6:30743)
    at <anonymous> (https://unpkg.com/lightweight-charts@4.2.0/dist/lightweight-charts.standalone.production.js:6:27092)
    at qs (https://unpkg.com/lightweight-charts@4.2.0/dist/lightweight-charts.standalone.production.js:6:27079)
    at Fs (https://unpkg.com/lightweight-charts@4.2.0/dist/lightweight-charts.standalone.production.js:6:24555)
    at gt (https://unpkg.com/lightweight-charts@4.2.0/dist/lightweight-charts.standalone.production.js:6:24390)
    at Cs (https://unpkg.com/lightweight-charts@4.2.0/dist/lightweight-charts.standalone.production.js:6:114569)
    at <anonymous> (https://unpkg.com/lightweight-charts@4.2.0/dist/lightweight-charts.standalone.production.js:6:126899)
    at br (https://unpkg.com/lightweight-charts@4.2.0/dist/lightweight-charts.standalone.production.js:6:127066)
    at Qf (https://unpkg.com/lightweight-charts@4.2.0/dist/lightweight-charts.standalone.production.js:6:125276)
    at $f (https://unpkg.com/lightweight-charts@4.2.0/dist/lightweight-charts.standalone.production.js:6:113659)
    at Gf (https://unpkg.com/lightweight-charts@4.2.0/dist/lightweight-charts.standalone.production.js:6:108846)
[   42807ms] Uncaught Error: Value is null
    at f (https://unpkg.com/lightweight-charts@4.2.0/dist/lightweight-charts.standalone.production.js:6:2212)
    at Candlestick (https://unpkg.com/lightweight-charts@4.2.0/dist/lightweight-charts.standalone.production.js:6:46283)
    at Hs (https://unpkg.com/lightweight-charts@4.2.0/dist/lightweight-charts.standalone.production.js:6:47531)
    at ne (https://unpkg.com/lightweight-charts@4.2.0/dist/lightweight-charts.standalone.production.js:6:30743)
    at <anonymous> (https://unpkg.com/lightweight-charts@4.2.0/dist/lightweight-charts.standalone.production.js:6:27092)
    at qs (https://unpkg.com/lightweight-charts@4.2.0/dist/lightweight-charts.standalone.production.js:6:27079)
    at Fs (https://unpkg.com/lightweight-charts@4.2.0/dist/lightweight-charts.standalone.production.js:6:24555)
    at gt (https://unpkg.com/lightweight-charts@4.2.0/dist/lightweight-charts.standalone.production.js:6:24390)
    at Cs (https://unpkg.com/lightweight-charts@4.2.0/dist/lightweight-charts.standalone.production.js:6:114569)
    at <anonymous> (https://unpkg.com/lightweight-charts@4.2.0/dist/lightweight-charts.standalone.production.js:6:126899)
    at br (https://unpkg.com/lightweight-charts@4.2.0/dist/lightweight-charts.standalone.production.js:6:127066)
    at Qf (https://unpkg.com/lightweight-charts@4.2.0/dist/lightweight-charts.standalone.production.js:6:125276)
    at $f (https://unpkg.com/lightweight-charts@4.2.0/dist/lightweight-charts.standalone.production.js:6:113659)
    at Gf (https://unpkg.com/lightweight-charts@4.2.0/dist/lightweight-charts.standalone.production.js:6:108846)
[   42808ms] Uncaught Error: Value is null
    at f (https://unpkg.com/lightweight-charts@4.2.0/dist/lightweight-charts.standalone.production.js:6:2212)
    at Candlestick (https://unpkg.com/lightweight-charts@4.2.0/dist/lightweight-charts.standalone.production.js:6:46283)
    at Hs (https://unpkg.com/lightweight-charts@4.2.0/dist/lightweight-charts.standalone.production.js:6:47531)
    at ne (https://unpkg.com/lightweight-charts@4.2.0/dist/lightweight-charts.standalone.production.js:6:30743)
    at <anonymous> (https://unpkg.com/lightweight-charts@4.2.0/dist/lightweight-charts.standalone.production.js:6:27092)
    at qs (https://unpkg.com/lightweight-charts@4.2.0/dist/lightweight-charts.standalone.production.js:6:27079)
    at Fs (https://unpkg.com/lightweight-charts@4.2.0/dist/lightweight-charts.standalone.production.js:6:24555)
    at gt (https://unpkg.com/lightweight-charts@4.2.0/dist/lightweight-charts.standalone.production.js:6:24390)
    at Cs (https://unpkg.com/lightweight-charts@4.2.0/dist/lightweight-charts.standalone.production.js:6:114569)
    at <anonymous> (https://unpkg.com/lightweight-charts@4.2.0/dist/lightweight-charts.standalone.production.js:6:126899)
    at br (https://unpkg.com/lightweight-charts@4.2.0/dist/lightweight-charts.standalone.production.js:6:127066)
    at Qf (https://unpkg.com/lightweight-charts@4.2.0/dist/lightweight-charts.standalone.production.js:6:125276)
    at $f (https://unpkg.com/lightweight-charts@4.2.0/dist/lightweight-charts.standalone.production.js:6:113659)
    at Gf (https://unpkg.com/lightweight-charts@4.2.0/dist/lightweight-charts.standalone.production.js:6:108846)
[   42808ms] Uncaught Error: Value is null
    at f (https://unpkg.com/lightweight-charts@4.2.0/dist/lightweight-charts.standalone.production.js:6:2212)
    at Candlestick (https://unpkg.com/lightweight-charts@4.2.0/dist/lightweight-charts.standalone.production.js:6:46283)
    at Hs (https://unpkg.com/lightweight-charts@4.2.0/dist/lightweight-charts.standalone.production.js:6:47531)
    at ne (https://unpkg.com/lightweight-charts@4.2.0/dist/lightweight-charts.standalone.production.js:6:30743)
    at <anonymous> (https://unpkg.com/lightweight-charts@4.2.0/dist/lightweight-charts.standalone.production.js:6:27092)
    at qs (https://unpkg.com/lightweight-charts@4.2.0/dist/lightweight-charts.standalone.production.js:6:27079)
    at Fs (https://unpkg.com/lightweight-charts@4.2.0/dist/lightweight-charts.standalone.production.js:6:24555)
    at gt (https://unpkg.com/lightweight-charts@4.2.0/dist/lightweight-charts.standalone.production.js:6:24390)
    at Cs (https://unpkg.com/lightweight-charts@4.2.0/dist/lightweight-charts.standalone.production.js:6:114569)
    at <anonymous> (https://unpkg.com/lightweight-charts@4.2.0/dist/lightweight-charts.standalone.production.js:6:126899)
    at br (https://unpkg.com/lightweight-charts@4.2.0/dist/lightweight-charts.standalone.production.js:6:127066)
    at Qf (https://unpkg.com/lightweight-charts@4.2.0/dist/lightweight-charts.standalone.production.js:6:125276)
    at $f (https://unpkg.com/lightweight-charts@4.2.0/dist/lightweight-charts.standalone.production.js:6:113659)
    at Gf (https://unpkg.com/lightweight-charts@4.2.0/dist/lightweight-charts.standalone.production.js:6:108846)
[   42808ms] Uncaught Error: Value is null
    at f (https://unpkg.com/lightweight-charts@4.2.0/dist/lightweight-charts.standalone.production.js:6:2212)
    at Candlestick (https://unpkg.com/lightweight-charts@4.2.0/dist/lightweight-charts.standalone.production.js:6:46283)
    at Hs (https://unpkg.com/lightweight-charts@4.2.0/dist/lightweight-charts.standalone.production.js:6:47531)
    at ne (https://unpkg.com/lightweight-charts@4.2.0/dist/lightweight-charts.standalone.production.js:6:30743)
    at <anonymous> (https://unpkg.com/lightweight-charts@4.2.0/dist/lightweight-charts.standalone.production.js:6:27092)
    at qs (https://unpkg.com/lightweight-charts@4.2.0/dist/lightweight-charts.standalone.production.js:6:27079)
    at Fs (https://unpkg.com/lightweight-charts@4.2.0/dist/lightweight-charts.standalone.production.js:6:24555)
    at gt (https://unpkg.com/lightweight-charts@4.2.0/dist/lightweight-charts.standalone.production.js:6:24390)
    at Cs (https://unpkg.com/lightweight-charts@4.2.0/dist/lightweight-charts.standalone.production.js:6:114569)
    at <anonymous> (https://unpkg.com/lightweight-charts@4.2.0/dist/lightweight-charts.standalone.production.js:6:126899)
    at br (https://unpkg.com/lightweight-charts@4.2.0/dist/lightweight-charts.standalone.production.js:6:127066)
    at Qf (https://unpkg.com/lightweight-charts@4.2.0/dist/lightweight-charts.standalone.production.js:6:125276)
    at $f (https://unpkg.com/lightweight-charts@4.2.0/dist/lightweight-charts.standalone.production.js:6:113659)
    at Gf (https://unpkg.com/lightweight-charts@4.2.0/dist/lightweight-charts.standalone.production.js:6:108846)
[   42808ms] Uncaught Error: Value is null
    at f (https://unpkg.com/lightweight-charts@4.2.0/dist/lightweight-charts.standalone.production.js:6:2212)
    at Candlestick (https://unpkg.com/lightweight-charts@4.2.0/dist/lightweight-charts.standalone.production.js:6:46283)
    at Hs (https://unpkg.com/lightweight-charts@4.2.0/dist/lightweight-charts.standalone.production.js:6:47531)
    at ne (https://unpkg.com/lightweight-charts@4.2.0/dist/lightweight-charts.standalone.production.js:6:30743)
    at <anonymous> (https://unpkg.com/lightweight-charts@4.2.0/dist/lightweight-charts.standalone.production.js:6:27092)
    at qs (https://unpkg.com/lightweight-charts@4.2.0/dist/lightweight-charts.standalone.production.js:6:27079)
    at Fs (https://unpkg.com/lightweight-charts@4.2.0/dist/lightweight-charts.standalone.production.js:6:24555)
    at gt (https://unpkg.com/lightweight-charts@4.2.0/dist/lightweight-charts.standalone.production.js:6:24390)
    at Cs (https://unpkg.com/lightweight-charts@4.2.0/dist/lightweight-charts.standalone.production.js:6:114569)
    at <anonymous> (https://unpkg.com/lightweight-charts@4.2.0/dist/lightweight-charts.standalone.production.js:6:126899)
    at br (https://unpkg.com/lightweight-charts@4.2.0/dist/lightweight-charts.standalone.production.js:6:127066)
    at Qf (https://unpkg.com/lightweight-charts@4.2.0/dist/lightweight-charts.standalone.production.js:6:125276)
    at $f (https://unpkg.com/lightweight-charts@4.2.0/dist/lightweight-charts.standalone.production.js:6:113659)
    at Gf (https://unpkg.com/lightweight-charts@4.2.0/dist/lightweight-charts.standalone.production.js:6:108846)
[   42808ms] Uncaught Error: Value is null
    at f (https://unpkg.com/lightweight-charts@4.2.0/dist/lightweight-charts.standalone.production.js:6:2212)
    at Candlestick (https://unpkg.com/lightweight-charts@4.2.0/dist/lightweight-charts.standalone.production.js:6:46283)
    at Hs (https://unpkg.com/lightweight-charts@4.2.0/dist/lightweight-charts.standalone.production.js:6:47531)
    at ne (https://unpkg.com/lightweight-charts@4.2.0/dist/lightweight-charts.standalone.production.js:6:30743)
    at <anonymous> (https://unpkg.com/lightweight-charts@4.2.0/dist/lightweight-charts.standalone.production.js:6:27092)
    at qs (https://unpkg.com/lightweight-charts@4.2.0/dist/lightweight-charts.standalone.production.js:6:27079)
    at Fs (https://unpkg.com/lightweight-charts@4.2.0/dist/lightweight-charts.standalone.production.js:6:24555)
    at gt (https://unpkg.com/lightweight-charts@4.2.0/dist/lightweight-charts.standalone.production.js:6:24390)
    at Cs (https://unpkg.com/lightweight-charts@4.2.0/dist/lightweight-charts.standalone.production.js:6:114569)
    at <anonymous> (https://unpkg.com/lightweight-charts@4.2.0/dist/lightweight-charts.standalone.production.js:6:126899)
    at br (https://unpkg.com/lightweight-charts@4.2.0/dist/lightweight-charts.standalone.production.js:6:127066)
    at Qf (https://unpkg.com/lightweight-charts@4.2.0/dist/lightweight-charts.standalone.production.js:6:125276)
    at $f (https://unpkg.com/lightweight-charts@4.2.0/dist/lightweight-charts.standalone.production.js:6:113659)
    at Gf (https://unpkg.com/lightweight-charts@4.2.0/dist/lightweight-charts.standalone.production.js:6:108846)
[   42894ms] Uncaught Error: Value is null
    at f (https://unpkg.com/lightweight-charts@4.2.0/dist/lightweight-charts.standalone.production.js:6:2212)
    at Candlestick (https://unpkg.com/lightweight-charts@4.2.0/dist/lightweight-charts.standalone.production.js:6:46283)
    at Hs (https://unpkg.com/lightweight-charts@4.2.0/dist/lightweight-charts.standalone.production.js:6:47531)
    at ne (https://unpkg.com/lightweight-charts@4.2.0/dist/lightweight-charts.standalone.production.js:6:30743)
    at <anonymous> (https://unpkg.com/lightweight-charts@4.2.0/dist/lightweight-charts.standalone.production.js:6:27092)
    at qs (https://unpkg.com/lightweight-charts@4.2.0/dist/lightweight-charts.standalone.production.js:6:27079)
    at Fs (https://unpkg.com/lightweight-charts@4.2.0/dist/lightweight-charts.standalone.production.js:6:24555)
    at gt (https://unpkg.com/lightweight-charts@4.2.0/dist/lightweight-charts.standalone.production.js:6:24390)
    at Cs (https://unpkg.com/lightweight-charts@4.2.0/dist/lightweight-charts.standalone.production.js:6:114569)
    at <anonymous> (https://unpkg.com/lightweight-charts@4.2.0/dist/lightweight-charts.standalone.production.js:6:126899)
    at br (https://unpkg.com/lightweight-charts@4.2.0/dist/lightweight-charts.standalone.production.js:6:127066)
    at Qf (https://unpkg.com/lightweight-charts@4.2.0/dist/lightweight-charts.standalone.production.js:6:125276)
    at $f (https://unpkg.com/lightweight-charts@4.2.0/dist/lightweight-charts.standalone.production.js:6:113659)
    at Gf (https://unpkg.com/lightweight-charts@4.2.0/dist/lightweight-charts.standalone.production.js:6:108846)
[   42904ms] Uncaught Error: Value is null
    at f (https://unpkg.com/lightweight-charts@4.2.0/dist/lightweight-charts.standalone.production.js:6:2212)
    at Candlestick (https://unpkg.com/lightweight-charts@4.2.0/dist/lightweight-charts.standalone.production.js:6:46283)
    at Hs (https://unpkg.com/lightweight-charts@4.2.0/dist/lightweight-charts.standalone.production.js:6:47531)
    at ne (https://unpkg.com/lightweight-charts@4.2.0/dist/lightweight-charts.standalone.production.js:6:30743)
    at <anonymous> (https://unpkg.com/lightweight-charts@4.2.0/dist/lightweight-charts.standalone.production.js:6:27092)
    at qs (https://unpkg.com/lightweight-charts@4.2.0/dist/lightweight-charts.standalone.production.js:6:27079)
    at Fs (https://unpkg.com/lightweight-charts@4.2.0/dist/lightweight-charts.standalone.production.js:6:24555)
    at gt (https://unpkg.com/lightweight-charts@4.2.0/dist/lightweight-charts.standalone.production.js:6:24390)
    at Cs (https://unpkg.com/lightweight-charts@4.2.0/dist/lightweight-charts.standalone.production.js:6:114569)
    at <anonymous> (https://unpkg.com/lightweight-charts@4.2.0/dist/lightweight-charts.standalone.production.js:6:126899)
    at br (https://unpkg.com/lightweight-charts@4.2.0/dist/lightweight-charts.standalone.production.js:6:127066)
    at Qf (https://unpkg.com/lightweight-charts@4.2.0/dist/lightweight-charts.standalone.production.js:6:125276)
    at $f (https://unpkg.com/lightweight-charts@4.2.0/dist/lightweight-charts.standalone.production.js:6:113659)
    at Gf (https://unpkg.com/lightweight-charts@4.2.0/dist/lightweight-charts.standalone.production.js:6:108846)
[   42915ms] Uncaught Error: Value is null
    at f (https://unpkg.com/lightweight-charts@4.2.0/dist/lightweight-charts.standalone.production.js:6:2212)
    at Candlestick (https://unpkg.com/lightweight-charts@4.2.0/dist/lightweight-charts.standalone.production.js:6:46283)
    at Hs (https://unpkg.com/lightweight-charts@4.2.0/dist/lightweight-charts.standalone.production.js:6:47531)
    at ne (https://unpkg.com/lightweight-charts@4.2.0/dist/lightweight-charts.standalone.production.js:6:30743)
    at <anonymous> (https://unpkg.com/lightweight-charts@4.2.0/dist/lightweight-charts.standalone.production.js:6:27092)
    at qs (https://unpkg.com/lightweight-charts@4.2.0/dist/lightweight-charts.standalone.production.js:6:27079)
    at Fs (https://unpkg.com/lightweight-charts@4.2.0/dist/lightweight-charts.standalone.production.js:6:24555)
    at gt (https://unpkg.com/lightweight-charts@4.2.0/dist/lightweight-charts.standalone.production.js:6:24390)
    at Cs (https://unpkg.com/lightweight-charts@4.2.0/dist/lightweight-charts.standalone.production.js:6:114569)
    at <anonymous> (https://unpkg.com/lightweight-charts@4.2.0/dist/lightweight-charts.standalone.production.js:6:126899)
    at br (https://unpkg.com/lightweight-charts@4.2.0/dist/lightweight-charts.standalone.production.js:6:127066)
    at Qf (https://unpkg.com/lightweight-charts@4.2.0/dist/lightweight-charts.standalone.production.js:6:125276)
    at $f (https://unpkg.com/lightweight-charts@4.2.0/dist/lightweight-charts.standalone.production.js:6:113659)
    at Gf (https://unpkg.com/lightweight-charts@4.2.0/dist/lightweight-charts.standalone.production.js:6:108846)
[   42916ms] Uncaught Error: Value is null
    at f (https://unpkg.com/lightweight-charts@4.2.0/dist/lightweight-charts.standalone.production.js:6:2212)
    at Candlestick (https://unpkg.com/lightweight-charts@4.2.0/dist/lightweight-charts.standalone.production.js:6:46283)
    at Hs (https://unpkg.com/lightweight-charts@4.2.0/dist/lightweight-charts.standalone.production.js:6:47531)
    at ne (https://unpkg.com/lightweight-charts@4.2.0/dist/lightweight-charts.standalone.production.js:6:30743)
    at <anonymous> (https://unpkg.com/lightweight-charts@4.2.0/dist/lightweight-charts.standalone.production.js:6:27092)
    at qs (https://unpkg.com/lightweight-charts@4.2.0/dist/lightweight-charts.standalone.production.js:6:27079)
    at Fs (https://unpkg.com/lightweight-charts@4.2.0/dist/lightweight-charts.standalone.production.js:6:24555)
    at gt (https://unpkg.com/lightweight-charts@4.2.0/dist/lightweight-charts.standalone.production.js:6:24390)
    at Cs (https://unpkg.com/lightweight-charts@4.2.0/dist/lightweight-charts.standalone.production.js:6:114569)
    at <anonymous> (https://unpkg.com/lightweight-charts@4.2.0/dist/lightweight-charts.standalone.production.js:6:126899)
    at br (https://unpkg.com/lightweight-charts@4.2.0/dist/lightweight-charts.standalone.production.js:6:127066)
    at Qf (https://unpkg.com/lightweight-charts@4.2.0/dist/lightweight-charts.standalone.production.js:6:125276)
    at $f (https://unpkg.com/lightweight-charts@4.2.0/dist/lightweight-charts.standalone.production.js:6:113659)
    at Gf (https://unpkg.com/lightweight-charts@4.2.0/dist/lightweight-charts.standalone.production.js:6:108846)
[   42916ms] Uncaught Error: Value is null
    at f (https://unpkg.com/lightweight-charts@4.2.0/dist/lightweight-charts.standalone.production.js:6:2212)
    at Candlestick (https://unpkg.com/lightweight-charts@4.2.0/dist/lightweight-charts.standalone.production.js:6:46283)
    at Hs (https://unpkg.com/lightweight-charts@4.2.0/dist/lightweight-charts.standalone.production.js:6:47531)
    at ne (https://unpkg.com/lightweight-charts@4.2.0/dist/lightweight-charts.standalone.production.js:6:30743)
    at <anonymous> (https://unpkg.com/lightweight-charts@4.2.0/dist/lightweight-charts.standalone.production.js:6:27092)
    at qs (https://unpkg.com/lightweight-charts@4.2.0/dist/lightweight-charts.standalone.production.js:6:27079)
    at Fs (https://unpkg.com/lightweight-charts@4.2.0/dist/lightweight-charts.standalone.production.js:6:24555)
    at gt (https://unpkg.com/lightweight-charts@4.2.0/dist/lightweight-charts.standalone.production.js:6:24390)
    at Cs (https://unpkg.com/lightweight-charts@4.2.0/dist/lightweight-charts.standalone.production.js:6:114569)
    at <anonymous> (https://unpkg.com/lightweight-charts@4.2.0/dist/lightweight-charts.standalone.production.js:6:126899)
    at br (https://unpkg.com/lightweight-charts@4.2.0/dist/lightweight-charts.standalone.production.js:6:127066)
    at Qf (https://unpkg.com/lightweight-charts@4.2.0/dist/lightweight-charts.standalone.production.js:6:125276)
    at $f (https://unpkg.com/lightweight-charts@4.2.0/dist/lightweight-charts.standalone.production.js:6:113659)
    at Gf (https://unpkg.com/lightweight-charts@4.2.0/dist/lightweight-charts.standalone.production.js:6:108846)
[   42916ms] Uncaught Error: Value is null
    at f (https://unpkg.com/lightweight-charts@4.2.0/dist/lightweight-charts.standalone.production.js:6:2212)
    at Candlestick (https://unpkg.com/lightweight-charts@4.2.0/dist/lightweight-charts.standalone.production.js:6:46283)
    at Hs (https://unpkg.com/lightweight-charts@4.2.0/dist/lightweight-charts.standalone.production.js:6:47531)
    at ne (https://unpkg.com/lightweight-charts@4.2.0/dist/lightweight-charts.standalone.production.js:6:30743)
    at <anonymous> (https://unpkg.com/lightweight-charts@4.2.0/dist/lightweight-charts.standalone.production.js:6:27092)
    at qs (https://unpkg.com/lightweight-charts@4.2.0/dist/lightweight-charts.standalone.production.js:6:27079)
    at Fs (https://unpkg.com/lightweight-charts@4.2.0/dist/lightweight-charts.standalone.production.js:6:24555)
    at gt (https://unpkg.com/lightweight-charts@4.2.0/dist/lightweight-charts.standalone.production.js:6:24390)
    at Cs (https://unpkg.com/lightweight-charts@4.2.0/dist/lightweight-charts.standalone.production.js:6:114569)
    at <anonymous> (https://unpkg.com/lightweight-charts@4.2.0/dist/lightweight-charts.standalone.production.js:6:126899)
    at br (https://unpkg.com/lightweight-charts@4.2.0/dist/lightweight-charts.standalone.production.js:6:127066)
    at Qf (https://unpkg.com/lightweight-charts@4.2.0/dist/lightweight-charts.standalone.production.js:6:125276)
    at $f (https://unpkg.com/lightweight-charts@4.2.0/dist/lightweight-charts.standalone.production.js:6:113659)
    at Gf (https://unpkg.com/lightweight-charts@4.2.0/dist/lightweight-charts.standalone.production.js:6:108846)
[   42929ms] Uncaught Error: Value is null
    at f (https://unpkg.com/lightweight-charts@4.2.0/dist/lightweight-charts.standalone.production.js:6:2212)
    at Candlestick (https://unpkg.com/lightweight-charts@4.2.0/dist/lightweight-charts.standalone.production.js:6:46283)
    at Hs (https://unpkg.com/lightweight-charts@4.2.0/dist/lightweight-charts.standalone.production.js:6:47531)
    at ne (https://unpkg.com/lightweight-charts@4.2.0/dist/lightweight-charts.standalone.production.js:6:30743)
    at <anonymous> (https://unpkg.com/lightweight-charts@4.2.0/dist/lightweight-charts.standalone.production.js:6:27092)
    at qs (https://unpkg.com/lightweight-charts@4.2.0/dist/lightweight-charts.standalone.production.js:6:27079)
    at Fs (https://unpkg.com/lightweight-charts@4.2.0/dist/lightweight-charts.standalone.production.js:6:24555)
    at gt (https://unpkg.com/lightweight-charts@4.2.0/dist/lightweight-charts.standalone.production.js:6:24390)
    at Cs (https://unpkg.com/lightweight-charts@4.2.0/dist/lightweight-charts.standalone.production.js:6:114569)
    at <anonymous> (https://unpkg.com/lightweight-charts@4.2.0/dist/lightweight-charts.standalone.production.js:6:126899)
    at br (https://unpkg.com/lightweight-charts@4.2.0/dist/lightweight-charts.standalone.production.js:6:127066)
    at Qf (https://unpkg.com/lightweight-charts@4.2.0/dist/lightweight-charts.standalone.production.js:6:125276)
    at $f (https://unpkg.com/lightweight-charts@4.2.0/dist/lightweight-charts.standalone.production.js:6:113659)
    at Gf (https://unpkg.com/lightweight-charts@4.2.0/dist/lightweight-charts.standalone.production.js:6:108846)
[   42937ms] Uncaught Error: Value is null
    at f (https://unpkg.com/lightweight-charts@4.2.0/dist/lightweight-charts.standalone.production.js:6:2212)
    at Candlestick (https://unpkg.com/lightweight-charts@4.2.0/dist/lightweight-charts.standalone.production.js:6:46283)
    at Hs (https://unpkg.com/lightweight-charts@4.2.0/dist/lightweight-charts.standalone.production.js:6:47531)
    at ne (https://unpkg.com/lightweight-charts@4.2.0/dist/lightweight-charts.standalone.production.js:6:30743)
    at <anonymous> (https://unpkg.com/lightweight-charts@4.2.0/dist/lightweight-charts.standalone.production.js:6:27092)
    at qs (https://unpkg.com/lightweight-charts@4.2.0/dist/lightweight-charts.standalone.production.js:6:27079)
    at Fs (https://unpkg.com/lightweight-charts@4.2.0/dist/lightweight-charts.standalone.production.js:6:24555)
    at gt (https://unpkg.com/lightweight-charts@4.2.0/dist/lightweight-charts.standalone.production.js:6:24390)
    at Cs (https://unpkg.com/lightweight-charts@4.2.0/dist/lightweight-charts.standalone.production.js:6:114569)
    at <anonymous> (https://unpkg.com/lightweight-charts@4.2.0/dist/lightweight-charts.standalone.production.js:6:126899)
    at br (https://unpkg.com/lightweight-charts@4.2.0/dist/lightweight-charts.standalone.production.js:6:127066)
    at Qf (https://unpkg.com/lightweight-charts@4.2.0/dist/lightweight-charts.standalone.production.js:6:125276)
    at $f (https://unpkg.com/lightweight-charts@4.2.0/dist/lightweight-charts.standalone.production.js:6:113659)
    at Gf (https://unpkg.com/lightweight-charts@4.2.0/dist/lightweight-charts.standalone.production.js:6:108846)
[   42970ms] Uncaught Error: Value is null
    at f (https://unpkg.com/lightweight-charts@4.2.0/dist/lightweight-charts.standalone.production.js:6:2212)
    at Candlestick (https://unpkg.com/lightweight-charts@4.2.0/dist/lightweight-charts.standalone.production.js:6:46283)
    at Hs (https://unpkg.com/lightweight-charts@4.2.0/dist/lightweight-charts.standalone.production.js:6:47531)
    at ne (https://unpkg.com/lightweight-charts@4.2.0/dist/lightweight-charts.standalone.production.js:6:30743)
    at <anonymous> (https://unpkg.com/lightweight-charts@4.2.0/dist/lightweight-charts.standalone.production.js:6:27092)
    at qs (https://unpkg.com/lightweight-charts@4.2.0/dist/lightweight-charts.standalone.production.js:6:27079)
    at Fs (https://unpkg.com/lightweight-charts@4.2.0/dist/lightweight-charts.standalone.production.js:6:24555)
    at gt (https://unpkg.com/lightweight-charts@4.2.0/dist/lightweight-charts.standalone.production.js:6:24390)
    at Cs (https://unpkg.com/lightweight-charts@4.2.0/dist/lightweight-charts.standalone.production.js:6:114569)
    at <anonymous> (https://unpkg.com/lightweight-charts@4.2.0/dist/lightweight-charts.standalone.production.js:6:126899)
    at br (https://unpkg.com/lightweight-charts@4.2.0/dist/lightweight-charts.standalone.production.js:6:127066)
    at Qf (https://unpkg.com/lightweight-charts@4.2.0/dist/lightweight-charts.standalone.production.js:6:125276)
    at $f (https://unpkg.com/lightweight-charts@4.2.0/dist/lightweight-charts.standalone.production.js:6:113659)
    at Gf (https://unpkg.com/lightweight-charts@4.2.0/dist/lightweight-charts.standalone.production.js:6:108846)
[   42977ms] Uncaught Error: Value is null
    at f (https://unpkg.com/lightweight-charts@4.2.0/dist/lightweight-charts.standalone.production.js:6:2212)
    at Candlestick (https://unpkg.com/lightweight-charts@4.2.0/dist/lightweight-charts.standalone.production.js:6:46283)
    at Hs (https://unpkg.com/lightweight-charts@4.2.0/dist/lightweight-charts.standalone.production.js:6:47531)
    at ne (https://unpkg.com/lightweight-charts@4.2.0/dist/lightweight-charts.standalone.production.js:6:30743)
    at <anonymous> (https://unpkg.com/lightweight-charts@4.2.0/dist/lightweight-charts.standalone.production.js:6:27092)
    at qs (https://unpkg.com/lightweight-charts@4.2.0/dist/lightweight-charts.standalone.production.js:6:27079)
    at Fs (https://unpkg.com/lightweight-charts@4.2.0/dist/lightweight-charts.standalone.production.js:6:24555)
    at gt (https://unpkg.com/lightweight-charts@4.2.0/dist/lightweight-charts.standalone.production.js:6:24390)
    at Cs (https://unpkg.com/lightweight-charts@4.2.0/dist/lightweight-charts.standalone.production.js:6:114569)
    at <anonymous> (https://unpkg.com/lightweight-charts@4.2.0/dist/lightweight-charts.standalone.production.js:6:126899)
    at br (https://unpkg.com/lightweight-charts@4.2.0/dist/lightweight-charts.standalone.production.js:6:127066)
    at Qf (https://unpkg.com/lightweight-charts@4.2.0/dist/lightweight-charts.standalone.production.js:6:125276)
    at $f (https://unpkg.com/lightweight-charts@4.2.0/dist/lightweight-charts.standalone.production.js:6:113659)
    at Gf (https://unpkg.com/lightweight-charts@4.2.0/dist/lightweight-charts.standalone.production.js:6:108846)
[   43076ms] Uncaught Error: Value is null
    at f (https://unpkg.com/lightweight-charts@4.2.0/dist/lightweight-charts.standalone.production.js:6:2212)
    at Candlestick (https://unpkg.com/lightweight-charts@4.2.0/dist/lightweight-charts.standalone.production.js:6:46283)
    at Hs (https://unpkg.com/lightweight-charts@4.2.0/dist/lightweight-charts.standalone.production.js:6:47531)
    at ne (https://unpkg.com/lightweight-charts@4.2.0/dist/lightweight-charts.standalone.production.js:6:30743)
    at <anonymous> (https://unpkg.com/lightweight-charts@4.2.0/dist/lightweight-charts.standalone.production.js:6:27092)
    at qs (https://unpkg.com/lightweight-charts@4.2.0/dist/lightweight-charts.standalone.production.js:6:27079)
    at Fs (https://unpkg.com/lightweight-charts@4.2.0/dist/lightweight-charts.standalone.production.js:6:24555)
    at gt (https://unpkg.com/lightweight-charts@4.2.0/dist/lightweight-charts.standalone.production.js:6:24390)
    at Cs (https://unpkg.com/lightweight-charts@4.2.0/dist/lightweight-charts.standalone.production.js:6:114569)
    at <anonymous> (https://unpkg.com/lightweight-charts@4.2.0/dist/lightweight-charts.standalone.production.js:6:126899)
    at br (https://unpkg.com/lightweight-charts@4.2.0/dist/lightweight-charts.standalone.production.js:6:127066)
    at Qf (https://unpkg.com/lightweight-charts@4.2.0/dist/lightweight-charts.standalone.production.js:6:125276)
    at $f (https://unpkg.com/lightweight-charts@4.2.0/dist/lightweight-charts.standalone.production.js:6:113659)
    at Gf (https://unpkg.com/lightweight-charts@4.2.0/dist/lightweight-charts.standalone.production.js:6:108846)
[   43108ms] Uncaught Error: Value is null
    at f (https://unpkg.com/lightweight-charts@4.2.0/dist/lightweight-charts.standalone.production.js:6:2212)
    at Candlestick (https://unpkg.com/lightweight-charts@4.2.0/dist/lightweight-charts.standalone.production.js:6:46283)
    at Hs (https://unpkg.com/lightweight-charts@4.2.0/dist/lightweight-charts.standalone.production.js:6:47531)
    at ne (https://unpkg.com/lightweight-charts@4.2.0/dist/lightweight-charts.standalone.production.js:6:30743)
    at <anonymous> (https://unpkg.com/lightweight-charts@4.2.0/dist/lightweight-charts.standalone.production.js:6:27092)
    at qs (https://unpkg.com/lightweight-charts@4.2.0/dist/lightweight-charts.standalone.production.js:6:27079)
    at Fs (https://unpkg.com/lightweight-charts@4.2.0/dist/lightweight-charts.standalone.production.js:6:24555)
    at gt (https://unpkg.com/lightweight-charts@4.2.0/dist/lightweight-charts.standalone.production.js:6:24390)
    at Cs (https://unpkg.com/lightweight-charts@4.2.0/dist/lightweight-charts.standalone.production.js:6:114569)
    at <anonymous> (https://unpkg.com/lightweight-charts@4.2.0/dist/lightweight-charts.standalone.production.js:6:126899)
    at br (https://unpkg.com/lightweight-charts@4.2.0/dist/lightweight-charts.standalone.production.js:6:127066)
    at Qf (https://unpkg.com/lightweight-charts@4.2.0/dist/lightweight-charts.standalone.production.js:6:125276)
    at $f (https://unpkg.com/lightweight-charts@4.2.0/dist/lightweight-charts.standalone.production.js:6:113659)
    at Gf (https://unpkg.com/lightweight-charts@4.2.0/dist/lightweight-charts.standalone.production.js:6:108846)
[   43114ms] Uncaught Error: Value is null
    at f (https://unpkg.com/lightweight-charts@4.2.0/dist/lightweight-charts.standalone.production.js:6:2212)
    at Candlestick (https://unpkg.com/lightweight-charts@4.2.0/dist/lightweight-charts.standalone.production.js:6:46283)
    at Hs (https://unpkg.com/lightweight-charts@4.2.0/dist/lightweight-charts.standalone.production.js:6:47531)
    at ne (https://unpkg.com/lightweight-charts@4.2.0/dist/lightweight-charts.standalone.production.js:6:30743)
    at <anonymous> (https://unpkg.com/lightweight-charts@4.2.0/dist/lightweight-charts.standalone.production.js:6:27092)
    at qs (https://unpkg.com/lightweight-charts@4.2.0/dist/lightweight-charts.standalone.production.js:6:27079)
    at Fs (https://unpkg.com/lightweight-charts@4.2.0/dist/lightweight-charts.standalone.production.js:6:24555)
    at gt (https://unpkg.com/lightweight-charts@4.2.0/dist/lightweight-charts.standalone.production.js:6:24390)
    at Cs (https://unpkg.com/lightweight-charts@4.2.0/dist/lightweight-charts.standalone.production.js:6:114569)
    at <anonymous> (https://unpkg.com/lightweight-charts@4.2.0/dist/lightweight-charts.standalone.production.js:6:126899)
    at br (https://unpkg.com/lightweight-charts@4.2.0/dist/lightweight-charts.standalone.production.js:6:127066)
    at Qf (https://unpkg.com/lightweight-charts@4.2.0/dist/lightweight-charts.standalone.production.js:6:125276)
    at $f (https://unpkg.com/lightweight-charts@4.2.0/dist/lightweight-charts.standalone.production.js:6:113659)
    at Gf (https://unpkg.com/lightweight-charts@4.2.0/dist/lightweight-charts.standalone.production.js:6:108846)
[   43130ms] Uncaught Error: Value is null
    at f (https://unpkg.com/lightweight-charts@4.2.0/dist/lightweight-charts.standalone.production.js:6:2212)
    at Candlestick (https://unpkg.com/lightweight-charts@4.2.0/dist/lightweight-charts.standalone.production.js:6:46283)
    at Hs (https://unpkg.com/lightweight-charts@4.2.0/dist/lightweight-charts.standalone.production.js:6:47531)
    at ne (https://unpkg.com/lightweight-charts@4.2.0/dist/lightweight-charts.standalone.production.js:6:30743)
    at <anonymous> (https://unpkg.com/lightweight-charts@4.2.0/dist/lightweight-charts.standalone.production.js:6:27092)
    at qs (https://unpkg.com/lightweight-charts@4.2.0/dist/lightweight-charts.standalone.production.js:6:27079)
    at Fs (https://unpkg.com/lightweight-charts@4.2.0/dist/lightweight-charts.standalone.production.js:6:24555)
    at gt (https://unpkg.com/lightweight-charts@4.2.0/dist/lightweight-charts.standalone.production.js:6:24390)
    at Cs (https://unpkg.com/lightweight-charts@4.2.0/dist/lightweight-charts.standalone.production.js:6:114569)
    at <anonymous> (https://unpkg.com/lightweight-charts@4.2.0/dist/lightweight-charts.standalone.production.js:6:126899)
    at br (https://unpkg.com/lightweight-charts@4.2.0/dist/lightweight-charts.standalone.production.js:6:127066)
    at Qf (https://unpkg.com/lightweight-charts@4.2.0/dist/lightweight-charts.standalone.production.js:6:125276)
    at $f (https://unpkg.com/lightweight-charts@4.2.0/dist/lightweight-charts.standalone.production.js:6:113659)
    at Gf (https://unpkg.com/lightweight-charts@4.2.0/dist/lightweight-charts.standalone.production.js:6:108846)
[   43151ms] Uncaught Error: Value is null
    at f (https://unpkg.com/lightweight-charts@4.2.0/dist/lightweight-charts.standalone.production.js:6:2212)
    at Candlestick (https://unpkg.com/lightweight-charts@4.2.0/dist/lightweight-charts.standalone.production.js:6:46283)
    at Hs (https://unpkg.com/lightweight-charts@4.2.0/dist/lightweight-charts.standalone.production.js:6:47531)
    at ne (https://unpkg.com/lightweight-charts@4.2.0/dist/lightweight-charts.standalone.production.js:6:30743)
    at <anonymous> (https://unpkg.com/lightweight-charts@4.2.0/dist/lightweight-charts.standalone.production.js:6:27092)
    at qs (https://unpkg.com/lightweight-charts@4.2.0/dist/lightweight-charts.standalone.production.js:6:27079)
    at Fs (https://unpkg.com/lightweight-charts@4.2.0/dist/lightweight-charts.standalone.production.js:6:24555)
    at gt (https://unpkg.com/lightweight-charts@4.2.0/dist/lightweight-charts.standalone.production.js:6:24390)
    at Cs (https://unpkg.com/lightweight-charts@4.2.0/dist/lightweight-charts.standalone.production.js:6:114569)
    at <anonymous> (https://unpkg.com/lightweight-charts@4.2.0/dist/lightweight-charts.standalone.production.js:6:126899)
    at br (https://unpkg.com/lightweight-charts@4.2.0/dist/lightweight-charts.standalone.production.js:6:127066)
    at Qf (https://unpkg.com/lightweight-charts@4.2.0/dist/lightweight-charts.standalone.production.js:6:125276)
    at $f (https://unpkg.com/lightweight-charts@4.2.0/dist/lightweight-charts.standalone.production.js:6:113659)
    at Gf (https://unpkg.com/lightweight-charts@4.2.0/dist/lightweight-charts.standalone.production.js:6:108846)
[   43172ms] Uncaught Error: Value is null
    at f (https://unpkg.com/lightweight-charts@4.2.0/dist/lightweight-charts.standalone.production.js:6:2212)
    at Candlestick (https://unpkg.com/lightweight-charts@4.2.0/dist/lightweight-charts.standalone.production.js:6:46283)
    at Hs (https://unpkg.com/lightweight-charts@4.2.0/dist/lightweight-charts.standalone.production.js:6:47531)
    at ne (https://unpkg.com/lightweight-charts@4.2.0/dist/lightweight-charts.standalone.production.js:6:30743)
    at <anonymous> (https://unpkg.com/lightweight-charts@4.2.0/dist/lightweight-charts.standalone.production.js:6:27092)
    at qs (https://unpkg.com/lightweight-charts@4.2.0/dist/lightweight-charts.standalone.production.js:6:27079)
    at Fs (https://unpkg.com/lightweight-charts@4.2.0/dist/lightweight-charts.standalone.production.js:6:24555)
    at gt (https://unpkg.com/lightweight-charts@4.2.0/dist/lightweight-charts.standalone.production.js:6:24390)
    at Cs (https://unpkg.com/lightweight-charts@4.2.0/dist/lightweight-charts.standalone.production.js:6:114569)
    at <anonymous> (https://unpkg.com/lightweight-charts@4.2.0/dist/lightweight-charts.standalone.production.js:6:126899)
    at br (https://unpkg.com/lightweight-charts@4.2.0/dist/lightweight-charts.standalone.production.js:6:127066)
    at Qf (https://unpkg.com/lightweight-charts@4.2.0/dist/lightweight-charts.standalone.production.js:6:125276)
    at $f (https://unpkg.com/lightweight-charts@4.2.0/dist/lightweight-charts.standalone.production.js:6:113659)
    at Gf (https://unpkg.com/lightweight-charts@4.2.0/dist/lightweight-charts.standalone.production.js:6:108846)
[   43178ms] Uncaught Error: Value is null
    at f (https://unpkg.com/lightweight-charts@4.2.0/dist/lightweight-charts.standalone.production.js:6:2212)
    at Candlestick (https://unpkg.com/lightweight-charts@4.2.0/dist/lightweight-charts.standalone.production.js:6:46283)
    at Hs (https://unpkg.com/lightweight-charts@4.2.0/dist/lightweight-charts.standalone.production.js:6:47531)
    at ne (https://unpkg.com/lightweight-charts@4.2.0/dist/lightweight-charts.standalone.production.js:6:30743)
    at <anonymous> (https://unpkg.com/lightweight-charts@4.2.0/dist/lightweight-charts.standalone.production.js:6:27092)
    at qs (https://unpkg.com/lightweight-charts@4.2.0/dist/lightweight-charts.standalone.production.js:6:27079)
    at Fs (https://unpkg.com/lightweight-charts@4.2.0/dist/lightweight-charts.standalone.production.js:6:24555)
    at gt (https://unpkg.com/lightweight-charts@4.2.0/dist/lightweight-charts.standalone.production.js:6:24390)
    at Cs (https://unpkg.com/lightweight-charts@4.2.0/dist/lightweight-charts.standalone.production.js:6:114569)
    at <anonymous> (https://unpkg.com/lightweight-charts@4.2.0/dist/lightweight-charts.standalone.production.js:6:126899)
    at br (https://unpkg.com/lightweight-charts@4.2.0/dist/lightweight-charts.standalone.production.js:6:127066)
    at Qf (https://unpkg.com/lightweight-charts@4.2.0/dist/lightweight-charts.standalone.production.js:6:125276)
    at $f (https://unpkg.com/lightweight-charts@4.2.0/dist/lightweight-charts.standalone.production.js:6:113659)
    at Gf (https://unpkg.com/lightweight-charts@4.2.0/dist/lightweight-charts.standalone.production.js:6:108846)
[   43194ms] Uncaught Error: Value is null
    at f (https://unpkg.com/lightweight-charts@4.2.0/dist/lightweight-charts.standalone.production.js:6:2212)
    at Candlestick (https://unpkg.com/lightweight-charts@4.2.0/dist/lightweight-charts.standalone.production.js:6:46283)
    at Hs (https://unpkg.com/lightweight-charts@4.2.0/dist/lightweight-charts.standalone.production.js:6:47531)
    at ne (https://unpkg.com/lightweight-charts@4.2.0/dist/lightweight-charts.standalone.production.js:6:30743)
    at <anonymous> (https://unpkg.com/lightweight-charts@4.2.0/dist/lightweight-charts.standalone.production.js:6:27092)
    at qs (https://unpkg.com/lightweight-charts@4.2.0/dist/lightweight-charts.standalone.production.js:6:27079)
    at Fs (https://unpkg.com/lightweight-charts@4.2.0/dist/lightweight-charts.standalone.production.js:6:24555)
    at gt (https://unpkg.com/lightweight-charts@4.2.0/dist/lightweight-charts.standalone.production.js:6:24390)
    at Cs (https://unpkg.com/lightweight-charts@4.2.0/dist/lightweight-charts.standalone.production.js:6:114569)
    at <anonymous> (https://unpkg.com/lightweight-charts@4.2.0/dist/lightweight-charts.standalone.production.js:6:126899)
    at br (https://unpkg.com/lightweight-charts@4.2.0/dist/lightweight-charts.standalone.production.js:6:127066)
    at Qf (https://unpkg.com/lightweight-charts@4.2.0/dist/lightweight-charts.standalone.production.js:6:125276)
    at $f (https://unpkg.com/lightweight-charts@4.2.0/dist/lightweight-charts.standalone.production.js:6:113659)
    at Gf (https://unpkg.com/lightweight-charts@4.2.0/dist/lightweight-charts.standalone.production.js:6:108846)
[   43208ms] Uncaught Error: Value is null
    at f (https://unpkg.com/lightweight-charts@4.2.0/dist/lightweight-charts.standalone.production.js:6:2212)
    at Candlestick (https://unpkg.com/lightweight-charts@4.2.0/dist/lightweight-charts.standalone.production.js:6:46283)
    at Hs (https://unpkg.com/lightweight-charts@4.2.0/dist/lightweight-charts.standalone.production.js:6:47531)
    at ne (https://unpkg.com/lightweight-charts@4.2.0/dist/lightweight-charts.standalone.production.js:6:30743)
    at <anonymous> (https://unpkg.com/lightweight-charts@4.2.0/dist/lightweight-charts.standalone.production.js:6:27092)
    at qs (https://unpkg.com/lightweight-charts@4.2.0/dist/lightweight-charts.standalone.production.js:6:27079)
    at Fs (https://unpkg.com/lightweight-charts@4.2.0/dist/lightweight-charts.standalone.production.js:6:24555)
    at gt (https://unpkg.com/lightweight-charts@4.2.0/dist/lightweight-charts.standalone.production.js:6:24390)
    at Cs (https://unpkg.com/lightweight-charts@4.2.0/dist/lightweight-charts.standalone.production.js:6:114569)
    at <anonymous> (https://unpkg.com/lightweight-charts@4.2.0/dist/lightweight-charts.standalone.production.js:6:126899)
    at br (https://unpkg.com/lightweight-charts@4.2.0/dist/lightweight-charts.standalone.production.js:6:127066)
    at Qf (https://unpkg.com/lightweight-charts@4.2.0/dist/lightweight-charts.standalone.production.js:6:125276)
    at $f (https://unpkg.com/lightweight-charts@4.2.0/dist/lightweight-charts.standalone.production.js:6:113659)
    at Gf (https://unpkg.com/lightweight-charts@4.2.0/dist/lightweight-charts.standalone.production.js:6:108846)
[   43313ms] Uncaught Error: Value is null
    at f (https://unpkg.com/lightweight-charts@4.2.0/dist/lightweight-charts.standalone.production.js:6:2212)
    at Candlestick (https://unpkg.com/lightweight-charts@4.2.0/dist/lightweight-charts.standalone.production.js:6:46283)
    at Hs (https://unpkg.com/lightweight-charts@4.2.0/dist/lightweight-charts.standalone.production.js:6:47531)
    at ne (https://unpkg.com/lightweight-charts@4.2.0/dist/lightweight-charts.standalone.production.js:6:30743)
    at <anonymous> (https://unpkg.com/lightweight-charts@4.2.0/dist/lightweight-charts.standalone.production.js:6:27092)
    at qs (https://unpkg.com/lightweight-charts@4.2.0/dist/lightweight-charts.standalone.production.js:6:27079)
    at Fs (https://unpkg.com/lightweight-charts@4.2.0/dist/lightweight-charts.standalone.production.js:6:24555)
    at gt (https://unpkg.com/lightweight-charts@4.2.0/dist/lightweight-charts.standalone.production.js:6:24390)
    at Cs (https://unpkg.com/lightweight-charts@4.2.0/dist/lightweight-charts.standalone.production.js:6:114569)
    at <anonymous> (https://unpkg.com/lightweight-charts@4.2.0/dist/lightweight-charts.standalone.production.js:6:126899)
    at br (https://unpkg.com/lightweight-charts@4.2.0/dist/lightweight-charts.standalone.production.js:6:127066)
    at Qf (https://unpkg.com/lightweight-charts@4.2.0/dist/lightweight-charts.standalone.production.js:6:125276)
    at $f (https://unpkg.com/lightweight-charts@4.2.0/dist/lightweight-charts.standalone.production.js:6:113659)
    at Gf (https://unpkg.com/lightweight-charts@4.2.0/dist/lightweight-charts.standalone.production.js:6:108846)
[   43333ms] Uncaught Error: Value is null
    at f (https://unpkg.com/lightweight-charts@4.2.0/dist/lightweight-charts.standalone.production.js:6:2212)
    at Candlestick (https://unpkg.com/lightweight-charts@4.2.0/dist/lightweight-charts.standalone.production.js:6:46283)
    at Hs (https://unpkg.com/lightweight-charts@4.2.0/dist/lightweight-charts.standalone.production.js:6:47531)
    at ne (https://unpkg.com/lightweight-charts@4.2.0/dist/lightweight-charts.standalone.production.js:6:30743)
    at <anonymous> (https://unpkg.com/lightweight-charts@4.2.0/dist/lightweight-charts.standalone.production.js:6:27092)
    at qs (https://unpkg.com/lightweight-charts@4.2.0/dist/lightweight-charts.standalone.production.js:6:27079)
    at Fs (https://unpkg.com/lightweight-charts@4.2.0/dist/lightweight-charts.standalone.production.js:6:24555)
    at gt (https://unpkg.com/lightweight-charts@4.2.0/dist/lightweight-charts.standalone.production.js:6:24390)
    at Cs (https://unpkg.com/lightweight-charts@4.2.0/dist/lightweight-charts.standalone.production.js:6:114569)
    at <anonymous> (https://unpkg.com/lightweight-charts@4.2.0/dist/lightweight-charts.standalone.production.js:6:126899)
    at br (https://unpkg.com/lightweight-charts@4.2.0/dist/lightweight-charts.standalone.production.js:6:127066)
    at Qf (https://unpkg.com/lightweight-charts@4.2.0/dist/lightweight-charts.standalone.production.js:6:125276)
    at $f (https://unpkg.com/lightweight-charts@4.2.0/dist/lightweight-charts.standalone.production.js:6:113659)
    at Gf (https://unpkg.com/lightweight-charts@4.2.0/dist/lightweight-charts.standalone.production.js:6:108846)
[   43338ms] Uncaught Error: Value is null
    at f (https://unpkg.com/lightweight-charts@4.2.0/dist/lightweight-charts.standalone.production.js:6:2212)
    at Candlestick (https://unpkg.com/lightweight-charts@4.2.0/dist/lightweight-charts.standalone.production.js:6:46283)
    at Hs (https://unpkg.com/lightweight-charts@4.2.0/dist/lightweight-charts.standalone.production.js:6:47531)
    at ne (https://unpkg.com/lightweight-charts@4.2.0/dist/lightweight-charts.standalone.production.js:6:30743)
    at <anonymous> (https://unpkg.com/lightweight-charts@4.2.0/dist/lightweight-charts.standalone.production.js:6:27092)
    at qs (https://unpkg.com/lightweight-charts@4.2.0/dist/lightweight-charts.standalone.production.js:6:27079)
    at Fs (https://unpkg.com/lightweight-charts@4.2.0/dist/lightweight-charts.standalone.production.js:6:24555)
    at gt (https://unpkg.com/lightweight-charts@4.2.0/dist/lightweight-charts.standalone.production.js:6:24390)
    at Cs (https://unpkg.com/lightweight-charts@4.2.0/dist/lightweight-charts.standalone.production.js:6:114569)
    at <anonymous> (https://unpkg.com/lightweight-charts@4.2.0/dist/lightweight-charts.standalone.production.js:6:126899)
    at br (https://unpkg.com/lightweight-charts@4.2.0/dist/lightweight-charts.standalone.production.js:6:127066)
    at Qf (https://unpkg.com/lightweight-charts@4.2.0/dist/lightweight-charts.standalone.production.js:6:125276)
    at $f (https://unpkg.com/lightweight-charts@4.2.0/dist/lightweight-charts.standalone.production.js:6:113659)
    at Gf (https://unpkg.com/lightweight-charts@4.2.0/dist/lightweight-charts.standalone.production.js:6:108846)
[   43339ms] Uncaught Error: Value is null
    at f (https://unpkg.com/lightweight-charts@4.2.0/dist/lightweight-charts.standalone.production.js:6:2212)
    at Candlestick (https://unpkg.com/lightweight-charts@4.2.0/dist/lightweight-charts.standalone.production.js:6:46283)
    at Hs (https://unpkg.com/lightweight-charts@4.2.0/dist/lightweight-charts.standalone.production.js:6:47531)
    at ne (https://unpkg.com/lightweight-charts@4.2.0/dist/lightweight-charts.standalone.production.js:6:30743)
    at <anonymous> (https://unpkg.com/lightweight-charts@4.2.0/dist/lightweight-charts.standalone.production.js:6:27092)
    at qs (https://unpkg.com/lightweight-charts@4.2.0/dist/lightweight-charts.standalone.production.js:6:27079)
    at Fs (https://unpkg.com/lightweight-charts@4.2.0/dist/lightweight-charts.standalone.production.js:6:24555)
    at gt (https://unpkg.com/lightweight-charts@4.2.0/dist/lightweight-charts.standalone.production.js:6:24390)
    at Cs (https://unpkg.com/lightweight-charts@4.2.0/dist/lightweight-charts.standalone.production.js:6:114569)
    at <anonymous> (https://unpkg.com/lightweight-charts@4.2.0/dist/lightweight-charts.standalone.production.js:6:126899)
    at br (https://unpkg.com/lightweight-charts@4.2.0/dist/lightweight-charts.standalone.production.js:6:127066)
    at Qf (https://unpkg.com/lightweight-charts@4.2.0/dist/lightweight-charts.standalone.production.js:6:125276)
    at $f (https://unpkg.com/lightweight-charts@4.2.0/dist/lightweight-charts.standalone.production.js:6:113659)
    at Gf (https://unpkg.com/lightweight-charts@4.2.0/dist/lightweight-charts.standalone.production.js:6:108846)
[   44685ms] Uncaught Error: Value is null
    at f (https://unpkg.com/lightweight-charts@4.2.0/dist/lightweight-charts.standalone.production.js:6:2212)
    at Candlestick (https://unpkg.com/lightweight-charts@4.2.0/dist/lightweight-charts.standalone.production.js:6:46283)
    at Hs (https://unpkg.com/lightweight-charts@4.2.0/dist/lightweight-charts.standalone.production.js:6:47531)
    at ne (https://unpkg.com/lightweight-charts@4.2.0/dist/lightweight-charts.standalone.production.js:6:30743)
    at <anonymous> (https://unpkg.com/lightweight-charts@4.2.0/dist/lightweight-charts.standalone.production.js:6:27092)
    at qs (https://unpkg.com/lightweight-charts@4.2.0/dist/lightweight-charts.standalone.production.js:6:27079)
    at Fs (https://unpkg.com/lightweight-charts@4.2.0/dist/lightweight-charts.standalone.production.js:6:24555)
    at gt (https://unpkg.com/lightweight-charts@4.2.0/dist/lightweight-charts.standalone.production.js:6:24390)
    at ms (https://unpkg.com/lightweight-charts@4.2.0/dist/lightweight-charts.standalone.production.js:6:107028)
    at gm (https://unpkg.com/lightweight-charts@4.2.0/dist/lightweight-charts.standalone.production.js:6:128830)
    at dm (https://unpkg.com/lightweight-charts@4.2.0/dist/lightweight-charts.standalone.production.js:6:128672)
    at fp (https://unpkg.com/lightweight-charts@4.2.0/dist/lightweight-charts.standalone.production.js:6:127898)
    at fp (https://unpkg.com/lightweight-charts@4.2.0/dist/lightweight-charts.standalone.production.js:6:140944)
    at pb (https://unpkg.com/lightweight-charts@4.2.0/dist/lightweight-charts.standalone.production.js:6:144421)
    at <anonymous> (https://unpkg.com/lightweight-charts@4.2.0/dist/lightweight-charts.standalone.production.js:6:144919)
[   44686ms] Uncaught Error: Value is null
    at f (https://unpkg.com/lightweight-charts@4.2.0/dist/lightweight-charts.standalone.production.js:6:2212)
    at Candlestick (https://unpkg.com/lightweight-charts@4.2.0/dist/lightweight-charts.standalone.production.js:6:46283)
    at Hs (https://unpkg.com/lightweight-charts@4.2.0/dist/lightweight-charts.standalone.production.js:6:47531)
    at ne (https://unpkg.com/lightweight-charts@4.2.0/dist/lightweight-charts.standalone.production.js:6:30743)
    at <anonymous> (https://unpkg.com/lightweight-charts@4.2.0/dist/lightweight-charts.standalone.production.js:6:27092)
    at qs (https://unpkg.com/lightweight-charts@4.2.0/dist/lightweight-charts.standalone.production.js:6:27079)
    at Fs (https://unpkg.com/lightweight-charts@4.2.0/dist/lightweight-charts.standalone.production.js:6:24555)
    at gt (https://unpkg.com/lightweight-charts@4.2.0/dist/lightweight-charts.standalone.production.js:6:24390)
    at ms (https://unpkg.com/lightweight-charts@4.2.0/dist/lightweight-charts.standalone.production.js:6:107028)
    at gm (https://unpkg.com/lightweight-charts@4.2.0/dist/lightweight-charts.standalone.production.js:6:128830)
    at dm (https://unpkg.com/lightweight-charts@4.2.0/dist/lightweight-charts.standalone.production.js:6:128672)
    at fp (https://unpkg.com/lightweight-charts@4.2.0/dist/lightweight-charts.standalone.production.js:6:127898)
    at fp (https://unpkg.com/lightweight-charts@4.2.0/dist/lightweight-charts.standalone.production.js:6:140944)
    at pb (https://unpkg.com/lightweight-charts@4.2.0/dist/lightweight-charts.standalone.production.js:6:144421)
    at <anonymous> (https://unpkg.com/lightweight-charts@4.2.0/dist/lightweight-charts.standalone.production.js:6:144919)
[   44686ms] Uncaught Error: Value is null
    at f (https://unpkg.com/lightweight-charts@4.2.0/dist/lightweight-charts.standalone.production.js:6:2212)
    at Candlestick (https://unpkg.com/lightweight-charts@4.2.0/dist/lightweight-charts.standalone.production.js:6:46283)
    at Hs (https://unpkg.com/lightweight-charts@4.2.0/dist/lightweight-charts.standalone.production.js:6:47531)
    at ne (https://unpkg.com/lightweight-charts@4.2.0/dist/lightweight-charts.standalone.production.js:6:30743)
    at <anonymous> (https://unpkg.com/lightweight-charts@4.2.0/dist/lightweight-charts.standalone.production.js:6:27092)
    at qs (https://unpkg.com/lightweight-charts@4.2.0/dist/lightweight-charts.standalone.production.js:6:27079)
    at Fs (https://unpkg.com/lightweight-charts@4.2.0/dist/lightweight-charts.standalone.production.js:6:24555)
    at gt (https://unpkg.com/lightweight-charts@4.2.0/dist/lightweight-charts.standalone.production.js:6:24390)
    at ms (https://unpkg.com/lightweight-charts@4.2.0/dist/lightweight-charts.standalone.production.js:6:107028)
    at gm (https://unpkg.com/lightweight-charts@4.2.0/dist/lightweight-charts.standalone.production.js:6:128830)
    at dm (https://unpkg.com/lightweight-charts@4.2.0/dist/lightweight-charts.standalone.production.js:6:128672)
    at fp (https://unpkg.com/lightweight-charts@4.2.0/dist/lightweight-charts.standalone.production.js:6:127898)
    at fp (https://unpkg.com/lightweight-charts@4.2.0/dist/lightweight-charts.standalone.production.js:6:140944)
    at pb (https://unpkg.com/lightweight-charts@4.2.0/dist/lightweight-charts.standalone.production.js:6:144421)
    at <anonymous> (https://unpkg.com/lightweight-charts@4.2.0/dist/lightweight-charts.standalone.production.js:6:144919)
[   44736ms] Uncaught Error: Value is null
    at f (https://unpkg.com/lightweight-charts@4.2.0/dist/lightweight-charts.standalone.production.js:6:2212)
    at Candlestick (https://unpkg.com/lightweight-charts@4.2.0/dist/lightweight-charts.standalone.production.js:6:46283)
    at Hs (https://unpkg.com/lightweight-charts@4.2.0/dist/lightweight-charts.standalone.production.js:6:47531)
    at ne (https://unpkg.com/lightweight-charts@4.2.0/dist/lightweight-charts.standalone.production.js:6:30743)
    at <anonymous> (https://unpkg.com/lightweight-charts@4.2.0/dist/lightweight-charts.standalone.production.js:6:27092)
    at qs (https://unpkg.com/lightweight-charts@4.2.0/dist/lightweight-charts.standalone.production.js:6:27079)
    at Fs (https://unpkg.com/lightweight-charts@4.2.0/dist/lightweight-charts.standalone.production.js:6:24555)
    at gt (https://unpkg.com/lightweight-charts@4.2.0/dist/lightweight-charts.standalone.production.js:6:24390)
    at ms (https://unpkg.com/lightweight-charts@4.2.0/dist/lightweight-charts.standalone.production.js:6:107028)
    at gm (https://unpkg.com/lightweight-charts@4.2.0/dist/lightweight-charts.standalone.production.js:6:128830)
    at dm (https://unpkg.com/lightweight-charts@4.2.0/dist/lightweight-charts.standalone.production.js:6:128672)
    at fp (https://unpkg.com/lightweight-charts@4.2.0/dist/lightweight-charts.standalone.production.js:6:127898)
    at fp (https://unpkg.com/lightweight-charts@4.2.0/dist/lightweight-charts.standalone.production.js:6:140944)
    at pb (https://unpkg.com/lightweight-charts@4.2.0/dist/lightweight-charts.standalone.production.js:6:144421)
    at <anonymous> (https://unpkg.com/lightweight-charts@4.2.0/dist/lightweight-charts.standalone.production.js:6:144919)
[   44736ms] Uncaught Error: Value is null
    at f (https://unpkg.com/lightweight-charts@4.2.0/dist/lightweight-charts.standalone.production.js:6:2212)
    at Candlestick (https://unpkg.com/lightweight-charts@4.2.0/dist/lightweight-charts.standalone.production.js:6:46283)
    at Hs (https://unpkg.com/lightweight-charts@4.2.0/dist/lightweight-charts.standalone.production.js:6:47531)
    at ne (https://unpkg.com/lightweight-charts@4.2.0/dist/lightweight-charts.standalone.production.js:6:30743)
    at <anonymous> (https://unpkg.com/lightweight-charts@4.2.0/dist/lightweight-charts.standalone.production.js:6:27092)
    at qs (https://unpkg.com/lightweight-charts@4.2.0/dist/lightweight-charts.standalone.production.js:6:27079)
    at Fs (https://unpkg.com/lightweight-charts@4.2.0/dist/lightweight-charts.standalone.production.js:6:24555)
    at gt (https://unpkg.com/lightweight-charts@4.2.0/dist/lightweight-charts.standalone.production.js:6:24390)
    at ms (https://unpkg.com/lightweight-charts@4.2.0/dist/lightweight-charts.standalone.production.js:6:107028)
    at gm (https://unpkg.com/lightweight-charts@4.2.0/dist/lightweight-charts.standalone.production.js:6:128830)
    at dm (https://unpkg.com/lightweight-charts@4.2.0/dist/lightweight-charts.standalone.production.js:6:128672)
    at fp (https://unpkg.com/lightweight-charts@4.2.0/dist/lightweight-charts.standalone.production.js:6:127898)
    at fp (https://unpkg.com/lightweight-charts@4.2.0/dist/lightweight-charts.standalone.production.js:6:140944)
    at pb (https://unpkg.com/lightweight-charts@4.2.0/dist/lightweight-charts.standalone.production.js:6:144421)
    at <anonymous> (https://unpkg.com/lightweight-charts@4.2.0/dist/lightweight-charts.standalone.production.js:6:144919)
[   44736ms] Uncaught Error: Value is null
    at f (https://unpkg.com/lightweight-charts@4.2.0/dist/lightweight-charts.standalone.production.js:6:2212)
    at Candlestick (https://unpkg.com/lightweight-charts@4.2.0/dist/lightweight-charts.standalone.production.js:6:46283)
    at Hs (https://unpkg.com/lightweight-charts@4.2.0/dist/lightweight-charts.standalone.production.js:6:47531)
    at ne (https://unpkg.com/lightweight-charts@4.2.0/dist/lightweight-charts.standalone.production.js:6:30743)
    at <anonymous> (https://unpkg.com/lightweight-charts@4.2.0/dist/lightweight-charts.standalone.production.js:6:27092)
    at qs (https://unpkg.com/lightweight-charts@4.2.0/dist/lightweight-charts.standalone.production.js:6:27079)
    at Fs (https://unpkg.com/lightweight-charts@4.2.0/dist/lightweight-charts.standalone.production.js:6:24555)
    at gt (https://unpkg.com/lightweight-charts@4.2.0/dist/lightweight-charts.standalone.production.js:6:24390)
    at ms (https://unpkg.com/lightweight-charts@4.2.0/dist/lightweight-charts.standalone.production.js:6:107028)
    at gm (https://unpkg.com/lightweight-charts@4.2.0/dist/lightweight-charts.standalone.production.js:6:128830)
    at dm (https://unpkg.com/lightweight-charts@4.2.0/dist/lightweight-charts.standalone.production.js:6:128672)
    at fp (https://unpkg.com/lightweight-charts@4.2.0/dist/lightweight-charts.standalone.production.js:6:127898)
    at fp (https://unpkg.com/lightweight-charts@4.2.0/dist/lightweight-charts.standalone.production.js:6:140944)
    at pb (https://unpkg.com/lightweight-charts@4.2.0/dist/lightweight-charts.standalone.production.js:6:144421)
    at <anonymous> (https://unpkg.com/lightweight-charts@4.2.0/dist/lightweight-charts.standalone.production.js:6:144919)
[   44736ms] Uncaught Error: Value is null
    at f (https://unpkg.com/lightweight-charts@4.2.0/dist/lightweight-charts.standalone.production.js:6:2212)
    at Candlestick (https://unpkg.com/lightweight-charts@4.2.0/dist/lightweight-charts.standalone.production.js:6:46283)
    at Hs (https://unpkg.com/lightweight-charts@4.2.0/dist/lightweight-charts.standalone.production.js:6:47531)
    at ne (https://unpkg.com/lightweight-charts@4.2.0/dist/lightweight-charts.standalone.production.js:6:30743)
    at <anonymous> (https://unpkg.com/lightweight-charts@4.2.0/dist/lightweight-charts.standalone.production.js:6:27092)
    at qs (https://unpkg.com/lightweight-charts@4.2.0/dist/lightweight-charts.standalone.production.js:6:27079)
    at Fs (https://unpkg.com/lightweight-charts@4.2.0/dist/lightweight-charts.standalone.production.js:6:24555)
    at gt (https://unpkg.com/lightweight-charts@4.2.0/dist/lightweight-charts.standalone.production.js:6:24390)
    at ms (https://unpkg.com/lightweight-charts@4.2.0/dist/lightweight-charts.standalone.production.js:6:107028)
    at gm (https://unpkg.com/lightweight-charts@4.2.0/dist/lightweight-charts.standalone.production.js:6:128830)
    at dm (https://unpkg.com/lightweight-charts@4.2.0/dist/lightweight-charts.standalone.production.js:6:128672)
    at fp (https://unpkg.com/lightweight-charts@4.2.0/dist/lightweight-charts.standalone.production.js:6:127898)
    at fp (https://unpkg.com/lightweight-charts@4.2.0/dist/lightweight-charts.standalone.production.js:6:140944)
    at pb (https://unpkg.com/lightweight-charts@4.2.0/dist/lightweight-charts.standalone.production.js:6:144421)
    at <anonymous> (https://unpkg.com/lightweight-charts@4.2.0/dist/lightweight-charts.standalone.production.js:6:144919)
[   44736ms] Uncaught Error: Value is null
    at f (https://unpkg.com/lightweight-charts@4.2.0/dist/lightweight-charts.standalone.production.js:6:2212)
    at Candlestick (https://unpkg.com/lightweight-charts@4.2.0/dist/lightweight-charts.standalone.production.js:6:46283)
    at Hs (https://unpkg.com/lightweight-charts@4.2.0/dist/lightweight-charts.standalone.production.js:6:47531)
    at ne (https://unpkg.com/lightweight-charts@4.2.0/dist/lightweight-charts.standalone.production.js:6:30743)
    at <anonymous> (https://unpkg.com/lightweight-charts@4.2.0/dist/lightweight-charts.standalone.production.js:6:27092)
    at qs (https://unpkg.com/lightweight-charts@4.2.0/dist/lightweight-charts.standalone.production.js:6:27079)
    at Fs (https://unpkg.com/lightweight-charts@4.2.0/dist/lightweight-charts.standalone.production.js:6:24555)
    at gt (https://unpkg.com/lightweight-charts@4.2.0/dist/lightweight-charts.standalone.production.js:6:24390)
    at ms (https://unpkg.com/lightweight-charts@4.2.0/dist/lightweight-charts.standalone.production.js:6:107028)
    at gm (https://unpkg.com/lightweight-charts@4.2.0/dist/lightweight-charts.standalone.production.js:6:128830)
    at dm (https://unpkg.com/lightweight-charts@4.2.0/dist/lightweight-charts.standalone.production.js:6:128672)
    at fp (https://unpkg.com/lightweight-charts@4.2.0/dist/lightweight-charts.standalone.production.js:6:127898)
    at fp (https://unpkg.com/lightweight-charts@4.2.0/dist/lightweight-charts.standalone.production.js:6:140944)
    at pb (https://unpkg.com/lightweight-charts@4.2.0/dist/lightweight-charts.standalone.production.js:6:144421)
    at <anonymous> (https://unpkg.com/lightweight-charts@4.2.0/dist/lightweight-charts.standalone.production.js:6:144919)
[   44736ms] Uncaught Error: Value is null
    at f (https://unpkg.com/lightweight-charts@4.2.0/dist/lightweight-charts.standalone.production.js:6:2212)
    at Candlestick (https://unpkg.com/lightweight-charts@4.2.0/dist/lightweight-charts.standalone.production.js:6:46283)
    at Hs (https://unpkg.com/lightweight-charts@4.2.0/dist/lightweight-charts.standalone.production.js:6:47531)
    at ne (https://unpkg.com/lightweight-charts@4.2.0/dist/lightweight-charts.standalone.production.js:6:30743)
    at <anonymous> (https://unpkg.com/lightweight-charts@4.2.0/dist/lightweight-charts.standalone.production.js:6:27092)
    at qs (https://unpkg.com/lightweight-charts@4.2.0/dist/lightweight-charts.standalone.production.js:6:27079)
    at Fs (https://unpkg.com/lightweight-charts@4.2.0/dist/lightweight-charts.standalone.production.js:6:24555)
    at gt (https://unpkg.com/lightweight-charts@4.2.0/dist/lightweight-charts.standalone.production.js:6:24390)
    at ms (https://unpkg.com/lightweight-charts@4.2.0/dist/lightweight-charts.standalone.production.js:6:107028)
    at gm (https://unpkg.com/lightweight-charts@4.2.0/dist/lightweight-charts.standalone.production.js:6:128830)
    at dm (https://unpkg.com/lightweight-charts@4.2.0/dist/lightweight-charts.standalone.production.js:6:128672)
    at fp (https://unpkg.com/lightweight-charts@4.2.0/dist/lightweight-charts.standalone.production.js:6:127898)
    at fp (https://unpkg.com/lightweight-charts@4.2.0/dist/lightweight-charts.standalone.production.js:6:140944)
    at pb (https://unpkg.com/lightweight-charts@4.2.0/dist/lightweight-charts.standalone.production.js:6:144421)
    at <anonymous> (https://unpkg.com/lightweight-charts@4.2.0/dist/lightweight-charts.standalone.production.js:6:144919)
[   44747ms] Uncaught Error: Value is null
    at f (https://unpkg.com/lightweight-charts@4.2.0/dist/lightweight-charts.standalone.production.js:6:2212)
    at Candlestick (https://unpkg.com/lightweight-charts@4.2.0/dist/lightweight-charts.standalone.production.js:6:46283)
    at Hs (https://unpkg.com/lightweight-charts@4.2.0/dist/lightweight-charts.standalone.production.js:6:47531)
    at ne (https://unpkg.com/lightweight-charts@4.2.0/dist/lightweight-charts.standalone.production.js:6:30743)
    at <anonymous> (https://unpkg.com/lightweight-charts@4.2.0/dist/lightweight-charts.standalone.production.js:6:27092)
    at qs (https://unpkg.com/lightweight-charts@4.2.0/dist/lightweight-charts.standalone.production.js:6:27079)
    at Fs (https://unpkg.com/lightweight-charts@4.2.0/dist/lightweight-charts.standalone.production.js:6:24555)
    at gt (https://unpkg.com/lightweight-charts@4.2.0/dist/lightweight-charts.standalone.production.js:6:24390)
    at ms (https://unpkg.com/lightweight-charts@4.2.0/dist/lightweight-charts.standalone.production.js:6:107028)
    at gm (https://unpkg.com/lightweight-charts@4.2.0/dist/lightweight-charts.standalone.production.js:6:128830)
    at dm (https://unpkg.com/lightweight-charts@4.2.0/dist/lightweight-charts.standalone.production.js:6:128672)
    at fp (https://unpkg.com/lightweight-charts@4.2.0/dist/lightweight-charts.standalone.production.js:6:127898)
    at fp (https://unpkg.com/lightweight-charts@4.2.0/dist/lightweight-charts.standalone.production.js:6:140944)
    at pb (https://unpkg.com/lightweight-charts@4.2.0/dist/lightweight-charts.standalone.production.js:6:144421)
    at <anonymous> (https://unpkg.com/lightweight-charts@4.2.0/dist/lightweight-charts.standalone.production.js:6:144919)
[   44747ms] Uncaught Error: Value is null
    at f (https://unpkg.com/lightweight-charts@4.2.0/dist/lightweight-charts.standalone.production.js:6:2212)
    at Candlestick (https://unpkg.com/lightweight-charts@4.2.0/dist/lightweight-charts.standalone.production.js:6:46283)
    at Hs (https://unpkg.com/lightweight-charts@4.2.0/dist/lightweight-charts.standalone.production.js:6:47531)
    at ne (https://unpkg.com/lightweight-charts@4.2.0/dist/lightweight-charts.standalone.production.js:6:30743)
    at <anonymous> (https://unpkg.com/lightweight-charts@4.2.0/dist/lightweight-charts.standalone.production.js:6:27092)
    at qs (https://unpkg.com/lightweight-charts@4.2.0/dist/lightweight-charts.standalone.production.js:6:27079)
    at Fs (https://unpkg.com/lightweight-charts@4.2.0/dist/lightweight-charts.standalone.production.js:6:24555)
    at gt (https://unpkg.com/lightweight-charts@4.2.0/dist/lightweight-charts.standalone.production.js:6:24390)
    at ms (https://unpkg.com/lightweight-charts@4.2.0/dist/lightweight-charts.standalone.production.js:6:107028)
    at gm (https://unpkg.com/lightweight-charts@4.2.0/dist/lightweight-charts.standalone.production.js:6:128830)
    at dm (https://unpkg.com/lightweight-charts@4.2.0/dist/lightweight-charts.standalone.production.js:6:128672)
    at fp (https://unpkg.com/lightweight-charts@4.2.0/dist/lightweight-charts.standalone.production.js:6:127898)
    at fp (https://unpkg.com/lightweight-charts@4.2.0/dist/lightweight-charts.standalone.production.js:6:140944)
    at pb (https://unpkg.com/lightweight-charts@4.2.0/dist/lightweight-charts.standalone.production.js:6:144421)
    at <anonymous> (https://unpkg.com/lightweight-charts@4.2.0/dist/lightweight-charts.standalone.production.js:6:144919)
[   44773ms] Uncaught Error: Value is null
    at f (https://unpkg.com/lightweight-charts@4.2.0/dist/lightweight-charts.standalone.production.js:6:2212)
    at Candlestick (https://unpkg.com/lightweight-charts@4.2.0/dist/lightweight-charts.standalone.production.js:6:46283)
    at Hs (https://unpkg.com/lightweight-charts@4.2.0/dist/lightweight-charts.standalone.production.js:6:47531)
    at ne (https://unpkg.com/lightweight-charts@4.2.0/dist/lightweight-charts.standalone.production.js:6:30743)
    at <anonymous> (https://unpkg.com/lightweight-charts@4.2.0/dist/lightweight-charts.standalone.production.js:6:27092)
    at qs (https://unpkg.com/lightweight-charts@4.2.0/dist/lightweight-charts.standalone.production.js:6:27079)
    at Fs (https://unpkg.com/lightweight-charts@4.2.0/dist/lightweight-charts.standalone.production.js:6:24555)
    at gt (https://unpkg.com/lightweight-charts@4.2.0/dist/lightweight-charts.standalone.production.js:6:24390)
    at ms (https://unpkg.com/lightweight-charts@4.2.0/dist/lightweight-charts.standalone.production.js:6:107028)
    at gm (https://unpkg.com/lightweight-charts@4.2.0/dist/lightweight-charts.standalone.production.js:6:128830)
    at dm (https://unpkg.com/lightweight-charts@4.2.0/dist/lightweight-charts.standalone.production.js:6:128672)
    at fp (https://unpkg.com/lightweight-charts@4.2.0/dist/lightweight-charts.standalone.production.js:6:127898)
    at fp (https://unpkg.com/lightweight-charts@4.2.0/dist/lightweight-charts.standalone.production.js:6:140944)
    at pb (https://unpkg.com/lightweight-charts@4.2.0/dist/lightweight-charts.standalone.production.js:6:144421)
    at <anonymous> (https://unpkg.com/lightweight-charts@4.2.0/dist/lightweight-charts.standalone.production.js:6:144919)
[   44781ms] Uncaught Error: Value is null
    at f (https://unpkg.com/lightweight-charts@4.2.0/dist/lightweight-charts.standalone.production.js:6:2212)
    at Candlestick (https://unpkg.com/lightweight-charts@4.2.0/dist/lightweight-charts.standalone.production.js:6:46283)
    at Hs (https://unpkg.com/lightweight-charts@4.2.0/dist/lightweight-charts.standalone.production.js:6:47531)
    at ne (https://unpkg.com/lightweight-charts@4.2.0/dist/lightweight-charts.standalone.production.js:6:30743)
    at <anonymous> (https://unpkg.com/lightweight-charts@4.2.0/dist/lightweight-charts.standalone.production.js:6:27092)
    at qs (https://unpkg.com/lightweight-charts@4.2.0/dist/lightweight-charts.standalone.production.js:6:27079)
    at Fs (https://unpkg.com/lightweight-charts@4.2.0/dist/lightweight-charts.standalone.production.js:6:24555)
    at gt (https://unpkg.com/lightweight-charts@4.2.0/dist/lightweight-charts.standalone.production.js:6:24390)
    at ms (https://unpkg.com/lightweight-charts@4.2.0/dist/lightweight-charts.standalone.production.js:6:107028)
    at gm (https://unpkg.com/lightweight-charts@4.2.0/dist/lightweight-charts.standalone.production.js:6:128830)
    at dm (https://unpkg.com/lightweight-charts@4.2.0/dist/lightweight-charts.standalone.production.js:6:128672)
    at fp (https://unpkg.com/lightweight-charts@4.2.0/dist/lightweight-charts.standalone.production.js:6:127898)
    at fp (https://unpkg.com/lightweight-charts@4.2.0/dist/lightweight-charts.standalone.production.js:6:140944)
    at pb (https://unpkg.com/lightweight-charts@4.2.0/dist/lightweight-charts.standalone.production.js:6:144421)
    at <anonymous> (https://unpkg.com/lightweight-charts@4.2.0/dist/lightweight-charts.standalone.production.js:6:144919)
[   44794ms] Uncaught Error: Value is null
    at f (https://unpkg.com/lightweight-charts@4.2.0/dist/lightweight-charts.standalone.production.js:6:2212)
    at Candlestick (https://unpkg.com/lightweight-charts@4.2.0/dist/lightweight-charts.standalone.production.js:6:46283)
    at Hs (https://unpkg.com/lightweight-charts@4.2.0/dist/lightweight-charts.standalone.production.js:6:47531)
    at ne (https://unpkg.com/lightweight-charts@4.2.0/dist/lightweight-charts.standalone.production.js:6:30743)
    at <anonymous> (https://unpkg.com/lightweight-charts@4.2.0/dist/lightweight-charts.standalone.production.js:6:27092)
    at qs (https://unpkg.com/lightweight-charts@4.2.0/dist/lightweight-charts.standalone.production.js:6:27079)
    at Fs (https://unpkg.com/lightweight-charts@4.2.0/dist/lightweight-charts.standalone.production.js:6:24555)
    at gt (https://unpkg.com/lightweight-charts@4.2.0/dist/lightweight-charts.standalone.production.js:6:24390)
    at ms (https://unpkg.com/lightweight-charts@4.2.0/dist/lightweight-charts.standalone.production.js:6:107028)
    at gm (https://unpkg.com/lightweight-charts@4.2.0/dist/lightweight-charts.standalone.production.js:6:128830)
    at dm (https://unpkg.com/lightweight-charts@4.2.0/dist/lightweight-charts.standalone.production.js:6:128672)
    at fp (https://unpkg.com/lightweight-charts@4.2.0/dist/lightweight-charts.standalone.production.js:6:127898)
    at fp (https://unpkg.com/lightweight-charts@4.2.0/dist/lightweight-charts.standalone.production.js:6:140944)
    at pb (https://unpkg.com/lightweight-charts@4.2.0/dist/lightweight-charts.standalone.production.js:6:144421)
    at <anonymous> (https://unpkg.com/lightweight-charts@4.2.0/dist/lightweight-charts.standalone.production.js:6:144919)
[   44811ms] Uncaught Error: Value is null
    at f (https://unpkg.com/lightweight-charts@4.2.0/dist/lightweight-charts.standalone.production.js:6:2212)
    at Candlestick (https://unpkg.com/lightweight-charts@4.2.0/dist/lightweight-charts.standalone.production.js:6:46283)
    at Hs (https://unpkg.com/lightweight-charts@4.2.0/dist/lightweight-charts.standalone.production.js:6:47531)
    at ne (https://unpkg.com/lightweight-charts@4.2.0/dist/lightweight-charts.standalone.production.js:6:30743)
    at <anonymous> (https://unpkg.com/lightweight-charts@4.2.0/dist/lightweight-charts.standalone.production.js:6:27092)
    at qs (https://unpkg.com/lightweight-charts@4.2.0/dist/lightweight-charts.standalone.production.js:6:27079)
    at Fs (https://unpkg.com/lightweight-charts@4.2.0/dist/lightweight-charts.standalone.production.js:6:24555)
    at gt (https://unpkg.com/lightweight-charts@4.2.0/dist/lightweight-charts.standalone.production.js:6:24390)
    at ms (https://unpkg.com/lightweight-charts@4.2.0/dist/lightweight-charts.standalone.production.js:6:107028)
    at gm (https://unpkg.com/lightweight-charts@4.2.0/dist/lightweight-charts.standalone.production.js:6:128830)
    at dm (https://unpkg.com/lightweight-charts@4.2.0/dist/lightweight-charts.standalone.production.js:6:128672)
    at fp (https://unpkg.com/lightweight-charts@4.2.0/dist/lightweight-charts.standalone.production.js:6:127898)
    at fp (https://unpkg.com/lightweight-charts@4.2.0/dist/lightweight-charts.standalone.production.js:6:140944)
    at pb (https://unpkg.com/lightweight-charts@4.2.0/dist/lightweight-charts.standalone.production.js:6:144421)
    at <anonymous> (https://unpkg.com/lightweight-charts@4.2.0/dist/lightweight-charts.standalone.production.js:6:144919)
[   44835ms] Uncaught Error: Value is null
    at f (https://unpkg.com/lightweight-charts@4.2.0/dist/lightweight-charts.standalone.production.js:6:2212)
    at Candlestick (https://unpkg.com/lightweight-charts@4.2.0/dist/lightweight-charts.standalone.production.js:6:46283)
    at Hs (https://unpkg.com/lightweight-charts@4.2.0/dist/lightweight-charts.standalone.production.js:6:47531)
    at ne (https://unpkg.com/lightweight-charts@4.2.0/dist/lightweight-charts.standalone.production.js:6:30743)
    at <anonymous> (https://unpkg.com/lightweight-charts@4.2.0/dist/lightweight-charts.standalone.production.js:6:27092)
    at qs (https://unpkg.com/lightweight-charts@4.2.0/dist/lightweight-charts.standalone.production.js:6:27079)
    at Fs (https://unpkg.com/lightweight-charts@4.2.0/dist/lightweight-charts.standalone.production.js:6:24555)
    at gt (https://unpkg.com/lightweight-charts@4.2.0/dist/lightweight-charts.standalone.production.js:6:24390)
    at ms (https://unpkg.com/lightweight-charts@4.2.0/dist/lightweight-charts.standalone.production.js:6:107028)
    at gm (https://unpkg.com/lightweight-charts@4.2.0/dist/lightweight-charts.standalone.production.js:6:128830)
    at dm (https://unpkg.com/lightweight-charts@4.2.0/dist/lightweight-charts.standalone.production.js:6:128672)
    at fp (https://unpkg.com/lightweight-charts@4.2.0/dist/lightweight-charts.standalone.production.js:6:127898)
    at fp (https://unpkg.com/lightweight-charts@4.2.0/dist/lightweight-charts.standalone.production.js:6:140944)
    at pb (https://unpkg.com/lightweight-charts@4.2.0/dist/lightweight-charts.standalone.production.js:6:144421)
    at <anonymous> (https://unpkg.com/lightweight-charts@4.2.0/dist/lightweight-charts.standalone.production.js:6:144919)
[   44846ms] Uncaught Error: Value is null
    at f (https://unpkg.com/lightweight-charts@4.2.0/dist/lightweight-charts.standalone.production.js:6:2212)
    at Candlestick (https://unpkg.com/lightweight-charts@4.2.0/dist/lightweight-charts.standalone.production.js:6:46283)
    at Hs (https://unpkg.com/lightweight-charts@4.2.0/dist/lightweight-charts.standalone.production.js:6:47531)
    at ne (https://unpkg.com/lightweight-charts@4.2.0/dist/lightweight-charts.standalone.production.js:6:30743)
    at <anonymous> (https://unpkg.com/lightweight-charts@4.2.0/dist/lightweight-charts.standalone.production.js:6:27092)
    at qs (https://unpkg.com/lightweight-charts@4.2.0/dist/lightweight-charts.standalone.production.js:6:27079)
    at Fs (https://unpkg.com/lightweight-charts@4.2.0/dist/lightweight-charts.standalone.production.js:6:24555)
    at gt (https://unpkg.com/lightweight-charts@4.2.0/dist/lightweight-charts.standalone.production.js:6:24390)
    at ms (https://unpkg.com/lightweight-charts@4.2.0/dist/lightweight-charts.standalone.production.js:6:107028)
    at gm (https://unpkg.com/lightweight-charts@4.2.0/dist/lightweight-charts.standalone.production.js:6:128830)
    at dm (https://unpkg.com/lightweight-charts@4.2.0/dist/lightweight-charts.standalone.production.js:6:128672)
    at fp (https://unpkg.com/lightweight-charts@4.2.0/dist/lightweight-charts.standalone.production.js:6:127898)
    at fp (https://unpkg.com/lightweight-charts@4.2.0/dist/lightweight-charts.standalone.production.js:6:140944)
    at pb (https://unpkg.com/lightweight-charts@4.2.0/dist/lightweight-charts.standalone.production.js:6:144421)
    at <anonymous> (https://unpkg.com/lightweight-charts@4.2.0/dist/lightweight-charts.standalone.production.js:6:144919)
[   44860ms] Uncaught Error: Value is null
    at f (https://unpkg.com/lightweight-charts@4.2.0/dist/lightweight-charts.standalone.production.js:6:2212)
    at Candlestick (https://unpkg.com/lightweight-charts@4.2.0/dist/lightweight-charts.standalone.production.js:6:46283)
    at Hs (https://unpkg.com/lightweight-charts@4.2.0/dist/lightweight-charts.standalone.production.js:6:47531)
    at ne (https://unpkg.com/lightweight-charts@4.2.0/dist/lightweight-charts.standalone.production.js:6:30743)
    at <anonymous> (https://unpkg.com/lightweight-charts@4.2.0/dist/lightweight-charts.standalone.production.js:6:27092)
    at qs (https://unpkg.com/lightweight-charts@4.2.0/dist/lightweight-charts.standalone.production.js:6:27079)
    at Fs (https://unpkg.com/lightweight-charts@4.2.0/dist/lightweight-charts.standalone.production.js:6:24555)
    at gt (https://unpkg.com/lightweight-charts@4.2.0/dist/lightweight-charts.standalone.production.js:6:24390)
    at ms (https://unpkg.com/lightweight-charts@4.2.0/dist/lightweight-charts.standalone.production.js:6:107028)
    at gm (https://unpkg.com/lightweight-charts@4.2.0/dist/lightweight-charts.standalone.production.js:6:128830)
    at dm (https://unpkg.com/lightweight-charts@4.2.0/dist/lightweight-charts.standalone.production.js:6:128672)
    at fp (https://unpkg.com/lightweight-charts@4.2.0/dist/lightweight-charts.standalone.production.js:6:127898)
    at fp (https://unpkg.com/lightweight-charts@4.2.0/dist/lightweight-charts.standalone.production.js:6:140944)
    at pb (https://unpkg.com/lightweight-charts@4.2.0/dist/lightweight-charts.standalone.production.js:6:144421)
    at <anonymous> (https://unpkg.com/lightweight-charts@4.2.0/dist/lightweight-charts.standalone.production.js:6:144919)
[   44875ms] Uncaught Error: Value is null
    at f (https://unpkg.com/lightweight-charts@4.2.0/dist/lightweight-charts.standalone.production.js:6:2212)
    at Candlestick (https://unpkg.com/lightweight-charts@4.2.0/dist/lightweight-charts.standalone.production.js:6:46283)
    at Hs (https://unpkg.com/lightweight-charts@4.2.0/dist/lightweight-charts.standalone.production.js:6:47531)
    at ne (https://unpkg.com/lightweight-charts@4.2.0/dist/lightweight-charts.standalone.production.js:6:30743)
    at <anonymous> (https://unpkg.com/lightweight-charts@4.2.0/dist/lightweight-charts.standalone.production.js:6:27092)
    at qs (https://unpkg.com/lightweight-charts@4.2.0/dist/lightweight-charts.standalone.production.js:6:27079)
    at Fs (https://unpkg.com/lightweight-charts@4.2.0/dist/lightweight-charts.standalone.production.js:6:24555)
    at gt (https://unpkg.com/lightweight-charts@4.2.0/dist/lightweight-charts.standalone.production.js:6:24390)
    at ms (https://unpkg.com/lightweight-charts@4.2.0/dist/lightweight-charts.standalone.production.js:6:107028)
    at gm (https://unpkg.com/lightweight-charts@4.2.0/dist/lightweight-charts.standalone.production.js:6:128830)
    at dm (https://unpkg.com/lightweight-charts@4.2.0/dist/lightweight-charts.standalone.production.js:6:128672)
    at fp (https://unpkg.com/lightweight-charts@4.2.0/dist/lightweight-charts.standalone.production.js:6:127898)
    at fp (https://unpkg.com/lightweight-charts@4.2.0/dist/lightweight-charts.standalone.production.js:6:140944)
    at pb (https://unpkg.com/lightweight-charts@4.2.0/dist/lightweight-charts.standalone.production.js:6:144421)
    at <anonymous> (https://unpkg.com/lightweight-charts@4.2.0/dist/lightweight-charts.standalone.production.js:6:144919)
[   44917ms] Uncaught Error: Value is null
    at f (https://unpkg.com/lightweight-charts@4.2.0/dist/lightweight-charts.standalone.production.js:6:2212)
    at Candlestick (https://unpkg.com/lightweight-charts@4.2.0/dist/lightweight-charts.standalone.production.js:6:46283)
    at Hs (https://unpkg.com/lightweight-charts@4.2.0/dist/lightweight-charts.standalone.production.js:6:47531)
    at ne (https://unpkg.com/lightweight-charts@4.2.0/dist/lightweight-charts.standalone.production.js:6:30743)
    at <anonymous> (https://unpkg.com/lightweight-charts@4.2.0/dist/lightweight-charts.standalone.production.js:6:27092)
    at qs (https://unpkg.com/lightweight-charts@4.2.0/dist/lightweight-charts.standalone.production.js:6:27079)
    at Fs (https://unpkg.com/lightweight-charts@4.2.0/dist/lightweight-charts.standalone.production.js:6:24555)
    at gt (https://unpkg.com/lightweight-charts@4.2.0/dist/lightweight-charts.standalone.production.js:6:24390)
    at ms (https://unpkg.com/lightweight-charts@4.2.0/dist/lightweight-charts.standalone.production.js:6:107028)
    at gm (https://unpkg.com/lightweight-charts@4.2.0/dist/lightweight-charts.standalone.production.js:6:128830)
    at dm (https://unpkg.com/lightweight-charts@4.2.0/dist/lightweight-charts.standalone.production.js:6:128672)
    at fp (https://unpkg.com/lightweight-charts@4.2.0/dist/lightweight-charts.standalone.production.js:6:127898)
    at fp (https://unpkg.com/lightweight-charts@4.2.0/dist/lightweight-charts.standalone.production.js:6:140944)
    at pb (https://unpkg.com/lightweight-charts@4.2.0/dist/lightweight-charts.standalone.production.js:6:144421)
    at <anonymous> (https://unpkg.com/lightweight-charts@4.2.0/dist/lightweight-charts.standalone.production.js:6:144919)
[   44936ms] Uncaught Error: Value is null
    at f (https://unpkg.com/lightweight-charts@4.2.0/dist/lightweight-charts.standalone.production.js:6:2212)
    at Candlestick (https://unpkg.com/lightweight-charts@4.2.0/dist/lightweight-charts.standalone.production.js:6:46283)
    at Hs (https://unpkg.com/lightweight-charts@4.2.0/dist/lightweight-charts.standalone.production.js:6:47531)
    at ne (https://unpkg.com/lightweight-charts@4.2.0/dist/lightweight-charts.standalone.production.js:6:30743)
    at <anonymous> (https://unpkg.com/lightweight-charts@4.2.0/dist/lightweight-charts.standalone.production.js:6:27092)
    at qs (https://unpkg.com/lightweight-charts@4.2.0/dist/lightweight-charts.standalone.production.js:6:27079)
    at Fs (https://unpkg.com/lightweight-charts@4.2.0/dist/lightweight-charts.standalone.production.js:6:24555)
    at gt (https://unpkg.com/lightweight-charts@4.2.0/dist/lightweight-charts.standalone.production.js:6:24390)
    at ms (https://unpkg.com/lightweight-charts@4.2.0/dist/lightweight-charts.standalone.production.js:6:107028)
    at gm (https://unpkg.com/lightweight-charts@4.2.0/dist/lightweight-charts.standalone.production.js:6:128830)
    at dm (https://unpkg.com/lightweight-charts@4.2.0/dist/lightweight-charts.standalone.production.js:6:128672)
    at fp (https://unpkg.com/lightweight-charts@4.2.0/dist/lightweight-charts.standalone.production.js:6:127898)
    at fp (https://unpkg.com/lightweight-charts@4.2.0/dist/lightweight-charts.standalone.production.js:6:140944)
    at pb (https://unpkg.com/lightweight-charts@4.2.0/dist/lightweight-charts.standalone.production.js:6:144421)
    at <anonymous> (https://unpkg.com/lightweight-charts@4.2.0/dist/lightweight-charts.standalone.production.js:6:144919)
[   44968ms] Uncaught Error: Value is null
    at f (https://unpkg.com/lightweight-charts@4.2.0/dist/lightweight-charts.standalone.production.js:6:2212)
    at Candlestick (https://unpkg.com/lightweight-charts@4.2.0/dist/lightweight-charts.standalone.production.js:6:46283)
    at Hs (https://unpkg.com/lightweight-charts@4.2.0/dist/lightweight-charts.standalone.production.js:6:47531)
    at ne (https://unpkg.com/lightweight-charts@4.2.0/dist/lightweight-charts.standalone.production.js:6:30743)
    at <anonymous> (https://unpkg.com/lightweight-charts@4.2.0/dist/lightweight-charts.standalone.production.js:6:27092)
    at qs (https://unpkg.com/lightweight-charts@4.2.0/dist/lightweight-charts.standalone.production.js:6:27079)
    at Fs (https://unpkg.com/lightweight-charts@4.2.0/dist/lightweight-charts.standalone.production.js:6:24555)
    at gt (https://unpkg.com/lightweight-charts@4.2.0/dist/lightweight-charts.standalone.production.js:6:24390)
    at ms (https://unpkg.com/lightweight-charts@4.2.0/dist/lightweight-charts.standalone.production.js:6:107028)
    at gm (https://unpkg.com/lightweight-charts@4.2.0/dist/lightweight-charts.standalone.production.js:6:128830)
    at dm (https://unpkg.com/lightweight-charts@4.2.0/dist/lightweight-charts.standalone.production.js:6:128672)
    at fp (https://unpkg.com/lightweight-charts@4.2.0/dist/lightweight-charts.standalone.production.js:6:127898)
    at fp (https://unpkg.com/lightweight-charts@4.2.0/dist/lightweight-charts.standalone.production.js:6:140944)
    at pb (https://unpkg.com/lightweight-charts@4.2.0/dist/lightweight-charts.standalone.production.js:6:144421)
    at <anonymous> (https://unpkg.com/lightweight-charts@4.2.0/dist/lightweight-charts.standalone.production.js:6:144919)
[   44985ms] Uncaught Error: Value is null
    at f (https://unpkg.com/lightweight-charts@4.2.0/dist/lightweight-charts.standalone.production.js:6:2212)
    at Candlestick (https://unpkg.com/lightweight-charts@4.2.0/dist/lightweight-charts.standalone.production.js:6:46283)
    at Hs (https://unpkg.com/lightweight-charts@4.2.0/dist/lightweight-charts.standalone.production.js:6:47531)
    at ne (https://unpkg.com/lightweight-charts@4.2.0/dist/lightweight-charts.standalone.production.js:6:30743)
    at <anonymous> (https://unpkg.com/lightweight-charts@4.2.0/dist/lightweight-charts.standalone.production.js:6:27092)
    at qs (https://unpkg.com/lightweight-charts@4.2.0/dist/lightweight-charts.standalone.production.js:6:27079)
    at Fs (https://unpkg.com/lightweight-charts@4.2.0/dist/lightweight-charts.standalone.production.js:6:24555)
    at gt (https://unpkg.com/lightweight-charts@4.2.0/dist/lightweight-charts.standalone.production.js:6:24390)
    at ms (https://unpkg.com/lightweight-charts@4.2.0/dist/lightweight-charts.standalone.production.js:6:107028)
    at gm (https://unpkg.com/lightweight-charts@4.2.0/dist/lightweight-charts.standalone.production.js:6:128830)
    at dm (https://unpkg.com/lightweight-charts@4.2.0/dist/lightweight-charts.standalone.production.js:6:128672)
    at fp (https://unpkg.com/lightweight-charts@4.2.0/dist/lightweight-charts.standalone.production.js:6:127898)
    at fp (https://unpkg.com/lightweight-charts@4.2.0/dist/lightweight-charts.standalone.production.js:6:140944)
    at pb (https://unpkg.com/lightweight-charts@4.2.0/dist/lightweight-charts.standalone.production.js:6:144421)
    at <anonymous> (https://unpkg.com/lightweight-charts@4.2.0/dist/lightweight-charts.standalone.production.js:6:144919)
[   44995ms] Uncaught Error: Value is null
    at f (https://unpkg.com/lightweight-charts@4.2.0/dist/lightweight-charts.standalone.production.js:6:2212)
    at Candlestick (https://unpkg.com/lightweight-charts@4.2.0/dist/lightweight-charts.standalone.production.js:6:46283)
    at Hs (https://unpkg.com/lightweight-charts@4.2.0/dist/lightweight-charts.standalone.production.js:6:47531)
    at ne (https://unpkg.com/lightweight-charts@4.2.0/dist/lightweight-charts.standalone.production.js:6:30743)
    at <anonymous> (https://unpkg.com/lightweight-charts@4.2.0/dist/lightweight-charts.standalone.production.js:6:27092)
    at qs (https://unpkg.com/lightweight-charts@4.2.0/dist/lightweight-charts.standalone.production.js:6:27079)
    at Fs (https://unpkg.com/lightweight-charts@4.2.0/dist/lightweight-charts.standalone.production.js:6:24555)
    at gt (https://unpkg.com/lightweight-charts@4.2.0/dist/lightweight-charts.standalone.production.js:6:24390)
    at ms (https://unpkg.com/lightweight-charts@4.2.0/dist/lightweight-charts.standalone.production.js:6:107028)
    at gm (https://unpkg.com/lightweight-charts@4.2.0/dist/lightweight-charts.standalone.production.js:6:128830)
    at dm (https://unpkg.com/lightweight-charts@4.2.0/dist/lightweight-charts.standalone.production.js:6:128672)
    at fp (https://unpkg.com/lightweight-charts@4.2.0/dist/lightweight-charts.standalone.production.js:6:127898)
    at fp (https://unpkg.com/lightweight-charts@4.2.0/dist/lightweight-charts.standalone.production.js:6:140944)
    at pb (https://unpkg.com/lightweight-charts@4.2.0/dist/lightweight-charts.standalone.production.js:6:144421)
    at <anonymous> (https://unpkg.com/lightweight-charts@4.2.0/dist/lightweight-charts.standalone.production.js:6:144919)
[   44996ms] Uncaught Error: Value is null
    at f (https://unpkg.com/lightweight-charts@4.2.0/dist/lightweight-charts.standalone.production.js:6:2212)
    at Candlestick (https://unpkg.com/lightweight-charts@4.2.0/dist/lightweight-charts.standalone.production.js:6:46283)
    at Hs (https://unpkg.com/lightweight-charts@4.2.0/dist/lightweight-charts.standalone.production.js:6:47531)
    at ne (https://unpkg.com/lightweight-charts@4.2.0/dist/lightweight-charts.standalone.production.js:6:30743)
    at <anonymous> (https://unpkg.com/lightweight-charts@4.2.0/dist/lightweight-charts.standalone.production.js:6:27092)
    at qs (https://unpkg.com/lightweight-charts@4.2.0/dist/lightweight-charts.standalone.production.js:6:27079)
    at Fs (https://unpkg.com/lightweight-charts@4.2.0/dist/lightweight-charts.standalone.production.js:6:24555)
    at gt (https://unpkg.com/lightweight-charts@4.2.0/dist/lightweight-charts.standalone.production.js:6:24390)
    at ms (https://unpkg.com/lightweight-charts@4.2.0/dist/lightweight-charts.standalone.production.js:6:107028)
    at gm (https://unpkg.com/lightweight-charts@4.2.0/dist/lightweight-charts.standalone.production.js:6:128830)
    at dm (https://unpkg.com/lightweight-charts@4.2.0/dist/lightweight-charts.standalone.production.js:6:128672)
    at fp (https://unpkg.com/lightweight-charts@4.2.0/dist/lightweight-charts.standalone.production.js:6:127898)
    at fp (https://unpkg.com/lightweight-charts@4.2.0/dist/lightweight-charts.standalone.production.js:6:140944)
    at pb (https://unpkg.com/lightweight-charts@4.2.0/dist/lightweight-charts.standalone.production.js:6:144421)
    at <anonymous> (https://unpkg.com/lightweight-charts@4.2.0/dist/lightweight-charts.standalone.production.js:6:144919)
[   44996ms] Uncaught Error: Value is null
    at f (https://unpkg.com/lightweight-charts@4.2.0/dist/lightweight-charts.standalone.production.js:6:2212)
    at Candlestick (https://unpkg.com/lightweight-charts@4.2.0/dist/lightweight-charts.standalone.production.js:6:46283)
    at Hs (https://unpkg.com/lightweight-charts@4.2.0/dist/lightweight-charts.standalone.production.js:6:47531)
    at ne (https://unpkg.com/lightweight-charts@4.2.0/dist/lightweight-charts.standalone.production.js:6:30743)
    at <anonymous> (https://unpkg.com/lightweight-charts@4.2.0/dist/lightweight-charts.standalone.production.js:6:27092)
    at qs (https://unpkg.com/lightweight-charts@4.2.0/dist/lightweight-charts.standalone.production.js:6:27079)
    at Fs (https://unpkg.com/lightweight-charts@4.2.0/dist/lightweight-charts.standalone.production.js:6:24555)
    at gt (https://unpkg.com/lightweight-charts@4.2.0/dist/lightweight-charts.standalone.production.js:6:24390)
    at ms (https://unpkg.com/lightweight-charts@4.2.0/dist/lightweight-charts.standalone.production.js:6:107028)
    at gm (https://unpkg.com/lightweight-charts@4.2.0/dist/lightweight-charts.standalone.production.js:6:128830)
    at dm (https://unpkg.com/lightweight-charts@4.2.0/dist/lightweight-charts.standalone.production.js:6:128672)
    at fp (https://unpkg.com/lightweight-charts@4.2.0/dist/lightweight-charts.standalone.production.js:6:127898)
    at fp (https://unpkg.com/lightweight-charts@4.2.0/dist/lightweight-charts.standalone.production.js:6:140944)
    at pb (https://unpkg.com/lightweight-charts@4.2.0/dist/lightweight-charts.standalone.production.js:6:144421)
    at <anonymous> (https://unpkg.com/lightweight-charts@4.2.0/dist/lightweight-charts.standalone.production.js:6:144919)
[   45009ms] Uncaught Error: Value is null
    at f (https://unpkg.com/lightweight-charts@4.2.0/dist/lightweight-charts.standalone.production.js:6:2212)
    at Candlestick (https://unpkg.com/lightweight-charts@4.2.0/dist/lightweight-charts.standalone.production.js:6:46283)
    at Hs (https://unpkg.com/lightweight-charts@4.2.0/dist/lightweight-charts.standalone.production.js:6:47531)
    at ne (https://unpkg.com/lightweight-charts@4.2.0/dist/lightweight-charts.standalone.production.js:6:30743)
    at <anonymous> (https://unpkg.com/lightweight-charts@4.2.0/dist/lightweight-charts.standalone.production.js:6:27092)
    at qs (https://unpkg.com/lightweight-charts@4.2.0/dist/lightweight-charts.standalone.production.js:6:27079)
    at Fs (https://unpkg.com/lightweight-charts@4.2.0/dist/lightweight-charts.standalone.production.js:6:24555)
    at gt (https://unpkg.com/lightweight-charts@4.2.0/dist/lightweight-charts.standalone.production.js:6:24390)
    at ms (https://unpkg.com/lightweight-charts@4.2.0/dist/lightweight-charts.standalone.production.js:6:107028)
    at gm (https://unpkg.com/lightweight-charts@4.2.0/dist/lightweight-charts.standalone.production.js:6:128830)
    at dm (https://unpkg.com/lightweight-charts@4.2.0/dist/lightweight-charts.standalone.production.js:6:128672)
    at fp (https://unpkg.com/lightweight-charts@4.2.0/dist/lightweight-charts.standalone.production.js:6:127898)
    at fp (https://unpkg.com/lightweight-charts@4.2.0/dist/lightweight-charts.standalone.production.js:6:140944)
    at pb (https://unpkg.com/lightweight-charts@4.2.0/dist/lightweight-charts.standalone.production.js:6:144421)
    at <anonymous> (https://unpkg.com/lightweight-charts@4.2.0/dist/lightweight-charts.standalone.production.js:6:144919)
[   45025ms] Uncaught Error: Value is null
    at f (https://unpkg.com/lightweight-charts@4.2.0/dist/lightweight-charts.standalone.production.js:6:2212)
    at Candlestick (https://unpkg.com/lightweight-charts@4.2.0/dist/lightweight-charts.standalone.production.js:6:46283)
    at Hs (https://unpkg.com/lightweight-charts@4.2.0/dist/lightweight-charts.standalone.production.js:6:47531)
    at ne (https://unpkg.com/lightweight-charts@4.2.0/dist/lightweight-charts.standalone.production.js:6:30743)
    at <anonymous> (https://unpkg.com/lightweight-charts@4.2.0/dist/lightweight-charts.standalone.production.js:6:27092)
    at qs (https://unpkg.com/lightweight-charts@4.2.0/dist/lightweight-charts.standalone.production.js:6:27079)
    at Fs (https://unpkg.com/lightweight-charts@4.2.0/dist/lightweight-charts.standalone.production.js:6:24555)
    at gt (https://unpkg.com/lightweight-charts@4.2.0/dist/lightweight-charts.standalone.production.js:6:24390)
    at ms (https://unpkg.com/lightweight-charts@4.2.0/dist/lightweight-charts.standalone.production.js:6:107028)
    at gm (https://unpkg.com/lightweight-charts@4.2.0/dist/lightweight-charts.standalone.production.js:6:128830)
    at dm (https://unpkg.com/lightweight-charts@4.2.0/dist/lightweight-charts.standalone.production.js:6:128672)
    at fp (https://unpkg.com/lightweight-charts@4.2.0/dist/lightweight-charts.standalone.production.js:6:127898)
    at fp (https://unpkg.com/lightweight-charts@4.2.0/dist/lightweight-charts.standalone.production.js:6:140944)
    at pb (https://unpkg.com/lightweight-charts@4.2.0/dist/lightweight-charts.standalone.production.js:6:144421)
    at <anonymous> (https://unpkg.com/lightweight-charts@4.2.0/dist/lightweight-charts.standalone.production.js:6:144919)
[   45047ms] Uncaught Error: Value is null
    at f (https://unpkg.com/lightweight-charts@4.2.0/dist/lightweight-charts.standalone.production.js:6:2212)
    at Candlestick (https://unpkg.com/lightweight-charts@4.2.0/dist/lightweight-charts.standalone.production.js:6:46283)
    at Hs (https://unpkg.com/lightweight-charts@4.2.0/dist/lightweight-charts.standalone.production.js:6:47531)
    at ne (https://unpkg.com/lightweight-charts@4.2.0/dist/lightweight-charts.standalone.production.js:6:30743)
    at <anonymous> (https://unpkg.com/lightweight-charts@4.2.0/dist/lightweight-charts.standalone.production.js:6:27092)
    at qs (https://unpkg.com/lightweight-charts@4.2.0/dist/lightweight-charts.standalone.production.js:6:27079)
    at Fs (https://unpkg.com/lightweight-charts@4.2.0/dist/lightweight-charts.standalone.production.js:6:24555)
    at gt (https://unpkg.com/lightweight-charts@4.2.0/dist/lightweight-charts.standalone.production.js:6:24390)
    at ms (https://unpkg.com/lightweight-charts@4.2.0/dist/lightweight-charts.standalone.production.js:6:107028)
    at gm (https://unpkg.com/lightweight-charts@4.2.0/dist/lightweight-charts.standalone.production.js:6:128830)
    at dm (https://unpkg.com/lightweight-charts@4.2.0/dist/lightweight-charts.standalone.production.js:6:128672)
    at fp (https://unpkg.com/lightweight-charts@4.2.0/dist/lightweight-charts.standalone.production.js:6:127898)
    at fp (https://unpkg.com/lightweight-charts@4.2.0/dist/lightweight-charts.standalone.production.js:6:140944)
    at pb (https://unpkg.com/lightweight-charts@4.2.0/dist/lightweight-charts.standalone.production.js:6:144421)
    at <anonymous> (https://unpkg.com/lightweight-charts@4.2.0/dist/lightweight-charts.standalone.production.js:6:144919)
[   45059ms] Uncaught Error: Value is null
    at f (https://unpkg.com/lightweight-charts@4.2.0/dist/lightweight-charts.standalone.production.js:6:2212)
    at Candlestick (https://unpkg.com/lightweight-charts@4.2.0/dist/lightweight-charts.standalone.production.js:6:46283)
    at Hs (https://unpkg.com/lightweight-charts@4.2.0/dist/lightweight-charts.standalone.production.js:6:47531)
    at ne (https://unpkg.com/lightweight-charts@4.2.0/dist/lightweight-charts.standalone.production.js:6:30743)
    at <anonymous> (https://unpkg.com/lightweight-charts@4.2.0/dist/lightweight-charts.standalone.production.js:6:27092)
    at qs (https://unpkg.com/lightweight-charts@4.2.0/dist/lightweight-charts.standalone.production.js:6:27079)
    at Fs (https://unpkg.com/lightweight-charts@4.2.0/dist/lightweight-charts.standalone.production.js:6:24555)
    at gt (https://unpkg.com/lightweight-charts@4.2.0/dist/lightweight-charts.standalone.production.js:6:24390)
    at ms (https://unpkg.com/lightweight-charts@4.2.0/dist/lightweight-charts.standalone.production.js:6:107028)
    at gm (https://unpkg.com/lightweight-charts@4.2.0/dist/lightweight-charts.standalone.production.js:6:128830)
    at dm (https://unpkg.com/lightweight-charts@4.2.0/dist/lightweight-charts.standalone.production.js:6:128672)
    at fp (https://unpkg.com/lightweight-charts@4.2.0/dist/lightweight-charts.standalone.production.js:6:127898)
    at fp (https://unpkg.com/lightweight-charts@4.2.0/dist/lightweight-charts.standalone.production.js:6:140944)
    at pb (https://unpkg.com/lightweight-charts@4.2.0/dist/lightweight-charts.standalone.production.js:6:144421)
    at <anonymous> (https://unpkg.com/lightweight-charts@4.2.0/dist/lightweight-charts.standalone.production.js:6:144919)
[   45076ms] Uncaught Error: Value is null
    at f (https://unpkg.com/lightweight-charts@4.2.0/dist/lightweight-charts.standalone.production.js:6:2212)
    at Candlestick (https://unpkg.com/lightweight-charts@4.2.0/dist/lightweight-charts.standalone.production.js:6:46283)
    at Hs (https://unpkg.com/lightweight-charts@4.2.0/dist/lightweight-charts.standalone.production.js:6:47531)
    at ne (https://unpkg.com/lightweight-charts@4.2.0/dist/lightweight-charts.standalone.production.js:6:30743)
    at <anonymous> (https://unpkg.com/lightweight-charts@4.2.0/dist/lightweight-charts.standalone.production.js:6:27092)
    at qs (https://unpkg.com/lightweight-charts@4.2.0/dist/lightweight-charts.standalone.production.js:6:27079)
    at Fs (https://unpkg.com/lightweight-charts@4.2.0/dist/lightweight-charts.standalone.production.js:6:24555)
    at gt (https://unpkg.com/lightweight-charts@4.2.0/dist/lightweight-charts.standalone.production.js:6:24390)
    at ms (https://unpkg.com/lightweight-charts@4.2.0/dist/lightweight-charts.standalone.production.js:6:107028)
    at gm (https://unpkg.com/lightweight-charts@4.2.0/dist/lightweight-charts.standalone.production.js:6:128830)
    at dm (https://unpkg.com/lightweight-charts@4.2.0/dist/lightweight-charts.standalone.production.js:6:128672)
    at fp (https://unpkg.com/lightweight-charts@4.2.0/dist/lightweight-charts.standalone.production.js:6:127898)
    at fp (https://unpkg.com/lightweight-charts@4.2.0/dist/lightweight-charts.standalone.production.js:6:140944)
    at pb (https://unpkg.com/lightweight-charts@4.2.0/dist/lightweight-charts.standalone.production.js:6:144421)
    at <anonymous> (https://unpkg.com/lightweight-charts@4.2.0/dist/lightweight-charts.standalone.production.js:6:144919)
[   45093ms] Uncaught Error: Value is null
    at f (https://unpkg.com/lightweight-charts@4.2.0/dist/lightweight-charts.standalone.production.js:6:2212)
    at Candlestick (https://unpkg.com/lightweight-charts@4.2.0/dist/lightweight-charts.standalone.production.js:6:46283)
    at Hs (https://unpkg.com/lightweight-charts@4.2.0/dist/lightweight-charts.standalone.production.js:6:47531)
    at ne (https://unpkg.com/lightweight-charts@4.2.0/dist/lightweight-charts.standalone.production.js:6:30743)
    at <anonymous> (https://unpkg.com/lightweight-charts@4.2.0/dist/lightweight-charts.standalone.production.js:6:27092)
    at qs (https://unpkg.com/lightweight-charts@4.2.0/dist/lightweight-charts.standalone.production.js:6:27079)
    at Fs (https://unpkg.com/lightweight-charts@4.2.0/dist/lightweight-charts.standalone.production.js:6:24555)
    at gt (https://unpkg.com/lightweight-charts@4.2.0/dist/lightweight-charts.standalone.production.js:6:24390)
    at ms (https://unpkg.com/lightweight-charts@4.2.0/dist/lightweight-charts.standalone.production.js:6:107028)
    at gm (https://unpkg.com/lightweight-charts@4.2.0/dist/lightweight-charts.standalone.production.js:6:128830)
    at dm (https://unpkg.com/lightweight-charts@4.2.0/dist/lightweight-charts.standalone.production.js:6:128672)
    at fp (https://unpkg.com/lightweight-charts@4.2.0/dist/lightweight-charts.standalone.production.js:6:127898)
    at fp (https://unpkg.com/lightweight-charts@4.2.0/dist/lightweight-charts.standalone.production.js:6:140944)
    at pb (https://unpkg.com/lightweight-charts@4.2.0/dist/lightweight-charts.standalone.production.js:6:144421)
    at <anonymous> (https://unpkg.com/lightweight-charts@4.2.0/dist/lightweight-charts.standalone.production.js:6:144919)
[   45111ms] Uncaught Error: Value is null
    at f (https://unpkg.com/lightweight-charts@4.2.0/dist/lightweight-charts.standalone.production.js:6:2212)
    at Candlestick (https://unpkg.com/lightweight-charts@4.2.0/dist/lightweight-charts.standalone.production.js:6:46283)
    at Hs (https://unpkg.com/lightweight-charts@4.2.0/dist/lightweight-charts.standalone.production.js:6:47531)
    at ne (https://unpkg.com/lightweight-charts@4.2.0/dist/lightweight-charts.standalone.production.js:6:30743)
    at <anonymous> (https://unpkg.com/lightweight-charts@4.2.0/dist/lightweight-charts.standalone.production.js:6:27092)
    at qs (https://unpkg.com/lightweight-charts@4.2.0/dist/lightweight-charts.standalone.production.js:6:27079)
    at Fs (https://unpkg.com/lightweight-charts@4.2.0/dist/lightweight-charts.standalone.production.js:6:24555)
    at gt (https://unpkg.com/lightweight-charts@4.2.0/dist/lightweight-charts.standalone.production.js:6:24390)
    at ms (https://unpkg.com/lightweight-charts@4.2.0/dist/lightweight-charts.standalone.production.js:6:107028)
    at gm (https://unpkg.com/lightweight-charts@4.2.0/dist/lightweight-charts.standalone.production.js:6:128830)
    at dm (https://unpkg.com/lightweight-charts@4.2.0/dist/lightweight-charts.standalone.production.js:6:128672)
    at fp (https://unpkg.com/lightweight-charts@4.2.0/dist/lightweight-charts.standalone.production.js:6:127898)
    at fp (https://unpkg.com/lightweight-charts@4.2.0/dist/lightweight-charts.standalone.production.js:6:140944)
    at pb (https://unpkg.com/lightweight-charts@4.2.0/dist/lightweight-charts.standalone.production.js:6:144421)
    at <anonymous> (https://unpkg.com/lightweight-charts@4.2.0/dist/lightweight-charts.standalone.production.js:6:144919)
[   45126ms] Uncaught Error: Value is null
    at f (https://unpkg.com/lightweight-charts@4.2.0/dist/lightweight-charts.standalone.production.js:6:2212)
    at Candlestick (https://unpkg.com/lightweight-charts@4.2.0/dist/lightweight-charts.standalone.production.js:6:46283)
    at Hs (https://unpkg.com/lightweight-charts@4.2.0/dist/lightweight-charts.standalone.production.js:6:47531)
    at ne (https://unpkg.com/lightweight-charts@4.2.0/dist/lightweight-charts.standalone.production.js:6:30743)
    at <anonymous> (https://unpkg.com/lightweight-charts@4.2.0/dist/lightweight-charts.standalone.production.js:6:27092)
    at qs (https://unpkg.com/lightweight-charts@4.2.0/dist/lightweight-charts.standalone.production.js:6:27079)
    at Fs (https://unpkg.com/lightweight-charts@4.2.0/dist/lightweight-charts.standalone.production.js:6:24555)
    at gt (https://unpkg.com/lightweight-charts@4.2.0/dist/lightweight-charts.standalone.production.js:6:24390)
    at ms (https://unpkg.com/lightweight-charts@4.2.0/dist/lightweight-charts.standalone.production.js:6:107028)
    at gm (https://unpkg.com/lightweight-charts@4.2.0/dist/lightweight-charts.standalone.production.js:6:128830)
    at dm (https://unpkg.com/lightweight-charts@4.2.0/dist/lightweight-charts.standalone.production.js:6:128672)
    at fp (https://unpkg.com/lightweight-charts@4.2.0/dist/lightweight-charts.standalone.production.js:6:127898)
    at fp (https://unpkg.com/lightweight-charts@4.2.0/dist/lightweight-charts.standalone.production.js:6:140944)
    at pb (https://unpkg.com/lightweight-charts@4.2.0/dist/lightweight-charts.standalone.production.js:6:144421)
    at <anonymous> (https://unpkg.com/lightweight-charts@4.2.0/dist/lightweight-charts.standalone.production.js:6:144919)
[   45143ms] Uncaught Error: Value is null
    at f (https://unpkg.com/lightweight-charts@4.2.0/dist/lightweight-charts.standalone.production.js:6:2212)
    at Candlestick (https://unpkg.com/lightweight-charts@4.2.0/dist/lightweight-charts.standalone.production.js:6:46283)
    at Hs (https://unpkg.com/lightweight-charts@4.2.0/dist/lightweight-charts.standalone.production.js:6:47531)
    at ne (https://unpkg.com/lightweight-charts@4.2.0/dist/lightweight-charts.standalone.production.js:6:30743)
    at <anonymous> (https://unpkg.com/lightweight-charts@4.2.0/dist/lightweight-charts.standalone.production.js:6:27092)
    at qs (https://unpkg.com/lightweight-charts@4.2.0/dist/lightweight-charts.standalone.production.js:6:27079)
    at Fs (https://unpkg.com/lightweight-charts@4.2.0/dist/lightweight-charts.standalone.production.js:6:24555)
    at gt (https://unpkg.com/lightweight-charts@4.2.0/dist/lightweight-charts.standalone.production.js:6:24390)
    at ms (https://unpkg.com/lightweight-charts@4.2.0/dist/lightweight-charts.standalone.production.js:6:107028)
    at gm (https://unpkg.com/lightweight-charts@4.2.0/dist/lightweight-charts.standalone.production.js:6:128830)
    at dm (https://unpkg.com/lightweight-charts@4.2.0/dist/lightweight-charts.standalone.production.js:6:128672)
    at fp (https://unpkg.com/lightweight-charts@4.2.0/dist/lightweight-charts.standalone.production.js:6:127898)
    at fp (https://unpkg.com/lightweight-charts@4.2.0/dist/lightweight-charts.standalone.production.js:6:140944)
    at pb (https://unpkg.com/lightweight-charts@4.2.0/dist/lightweight-charts.standalone.production.js:6:144421)
    at <anonymous> (https://unpkg.com/lightweight-charts@4.2.0/dist/lightweight-charts.standalone.production.js:6:144919)
[   45161ms] Uncaught Error: Value is null
    at f (https://unpkg.com/lightweight-charts@4.2.0/dist/lightweight-charts.standalone.production.js:6:2212)
    at Candlestick (https://unpkg.com/lightweight-charts@4.2.0/dist/lightweight-charts.standalone.production.js:6:46283)
    at Hs (https://unpkg.com/lightweight-charts@4.2.0/dist/lightweight-charts.standalone.production.js:6:47531)
    at ne (https://unpkg.com/lightweight-charts@4.2.0/dist/lightweight-charts.standalone.production.js:6:30743)
    at <anonymous> (https://unpkg.com/lightweight-charts@4.2.0/dist/lightweight-charts.standalone.production.js:6:27092)
    at qs (https://unpkg.com/lightweight-charts@4.2.0/dist/lightweight-charts.standalone.production.js:6:27079)
    at Fs (https://unpkg.com/lightweight-charts@4.2.0/dist/lightweight-charts.standalone.production.js:6:24555)
    at gt (https://unpkg.com/lightweight-charts@4.2.0/dist/lightweight-charts.standalone.production.js:6:24390)
    at ms (https://unpkg.com/lightweight-charts@4.2.0/dist/lightweight-charts.standalone.production.js:6:107028)
    at gm (https://unpkg.com/lightweight-charts@4.2.0/dist/lightweight-charts.standalone.production.js:6:128830)
    at dm (https://unpkg.com/lightweight-charts@4.2.0/dist/lightweight-charts.standalone.production.js:6:128672)
    at fp (https://unpkg.com/lightweight-charts@4.2.0/dist/lightweight-charts.standalone.production.js:6:127898)
    at fp (https://unpkg.com/lightweight-charts@4.2.0/dist/lightweight-charts.standalone.production.js:6:140944)
    at pb (https://unpkg.com/lightweight-charts@4.2.0/dist/lightweight-charts.standalone.production.js:6:144421)
    at <anonymous> (https://unpkg.com/lightweight-charts@4.2.0/dist/lightweight-charts.standalone.production.js:6:144919)
[   45177ms] Uncaught Error: Value is null
    at f (https://unpkg.com/lightweight-charts@4.2.0/dist/lightweight-charts.standalone.production.js:6:2212)
    at Candlestick (https://unpkg.com/lightweight-charts@4.2.0/dist/lightweight-charts.standalone.production.js:6:46283)
    at Hs (https://unpkg.com/lightweight-charts@4.2.0/dist/lightweight-charts.standalone.production.js:6:47531)
    at ne (https://unpkg.com/lightweight-charts@4.2.0/dist/lightweight-charts.standalone.production.js:6:30743)
    at <anonymous> (https://unpkg.com/lightweight-charts@4.2.0/dist/lightweight-charts.standalone.production.js:6:27092)
    at qs (https://unpkg.com/lightweight-charts@4.2.0/dist/lightweight-charts.standalone.production.js:6:27079)
    at Fs (https://unpkg.com/lightweight-charts@4.2.0/dist/lightweight-charts.standalone.production.js:6:24555)
    at gt (https://unpkg.com/lightweight-charts@4.2.0/dist/lightweight-charts.standalone.production.js:6:24390)
    at ms (https://unpkg.com/lightweight-charts@4.2.0/dist/lightweight-charts.standalone.production.js:6:107028)
    at gm (https://unpkg.com/lightweight-charts@4.2.0/dist/lightweight-charts.standalone.production.js:6:128830)
    at dm (https://unpkg.com/lightweight-charts@4.2.0/dist/lightweight-charts.standalone.production.js:6:128672)
    at fp (https://unpkg.com/lightweight-charts@4.2.0/dist/lightweight-charts.standalone.production.js:6:127898)
    at fp (https://unpkg.com/lightweight-charts@4.2.0/dist/lightweight-charts.standalone.production.js:6:140944)
    at pb (https://unpkg.com/lightweight-charts@4.2.0/dist/lightweight-charts.standalone.production.js:6:144421)
    at <anonymous> (https://unpkg.com/lightweight-charts@4.2.0/dist/lightweight-charts.standalone.production.js:6:144919)
[   45193ms] Uncaught Error: Value is null
    at f (https://unpkg.com/lightweight-charts@4.2.0/dist/lightweight-charts.standalone.production.js:6:2212)
    at Candlestick (https://unpkg.com/lightweight-charts@4.2.0/dist/lightweight-charts.standalone.production.js:6:46283)
    at Hs (https://unpkg.com/lightweight-charts@4.2.0/dist/lightweight-charts.standalone.production.js:6:47531)
    at ne (https://unpkg.com/lightweight-charts@4.2.0/dist/lightweight-charts.standalone.production.js:6:30743)
    at <anonymous> (https://unpkg.com/lightweight-charts@4.2.0/dist/lightweight-charts.standalone.production.js:6:27092)
    at qs (https://unpkg.com/lightweight-charts@4.2.0/dist/lightweight-charts.standalone.production.js:6:27079)
    at Fs (https://unpkg.com/lightweight-charts@4.2.0/dist/lightweight-charts.standalone.production.js:6:24555)
    at gt (https://unpkg.com/lightweight-charts@4.2.0/dist/lightweight-charts.standalone.production.js:6:24390)
    at ms (https://unpkg.com/lightweight-charts@4.2.0/dist/lightweight-charts.standalone.production.js:6:107028)
    at gm (https://unpkg.com/lightweight-charts@4.2.0/dist/lightweight-charts.standalone.production.js:6:128830)
    at dm (https://unpkg.com/lightweight-charts@4.2.0/dist/lightweight-charts.standalone.production.js:6:128672)
    at fp (https://unpkg.com/lightweight-charts@4.2.0/dist/lightweight-charts.standalone.production.js:6:127898)
    at fp (https://unpkg.com/lightweight-charts@4.2.0/dist/lightweight-charts.standalone.production.js:6:140944)
    at pb (https://unpkg.com/lightweight-charts@4.2.0/dist/lightweight-charts.standalone.production.js:6:144421)
    at <anonymous> (https://unpkg.com/lightweight-charts@4.2.0/dist/lightweight-charts.standalone.production.js:6:144919)
[   45208ms] Uncaught Error: Value is null
    at f (https://unpkg.com/lightweight-charts@4.2.0/dist/lightweight-charts.standalone.production.js:6:2212)
    at Candlestick (https://unpkg.com/lightweight-charts@4.2.0/dist/lightweight-charts.standalone.production.js:6:46283)
    at Hs (https://unpkg.com/lightweight-charts@4.2.0/dist/lightweight-charts.standalone.production.js:6:47531)
    at ne (https://unpkg.com/lightweight-charts@4.2.0/dist/lightweight-charts.standalone.production.js:6:30743)
    at <anonymous> (https://unpkg.com/lightweight-charts@4.2.0/dist/lightweight-charts.standalone.production.js:6:27092)
    at qs (https://unpkg.com/lightweight-charts@4.2.0/dist/lightweight-charts.standalone.production.js:6:27079)
    at Fs (https://unpkg.com/lightweight-charts@4.2.0/dist/lightweight-charts.standalone.production.js:6:24555)
    at gt (https://unpkg.com/lightweight-charts@4.2.0/dist/lightweight-charts.standalone.production.js:6:24390)
    at ms (https://unpkg.com/lightweight-charts@4.2.0/dist/lightweight-charts.standalone.production.js:6:107028)
    at gm (https://unpkg.com/lightweight-charts@4.2.0/dist/lightweight-charts.standalone.production.js:6:128830)
    at dm (https://unpkg.com/lightweight-charts@4.2.0/dist/lightweight-charts.standalone.production.js:6:128672)
    at fp (https://unpkg.com/lightweight-charts@4.2.0/dist/lightweight-charts.standalone.production.js:6:127898)
    at fp (https://unpkg.com/lightweight-charts@4.2.0/dist/lightweight-charts.standalone.production.js:6:140944)
    at pb (https://unpkg.com/lightweight-charts@4.2.0/dist/lightweight-charts.standalone.production.js:6:144421)
    at <anonymous> (https://unpkg.com/lightweight-charts@4.2.0/dist/lightweight-charts.standalone.production.js:6:144919)
[   45229ms] Uncaught Error: Value is null
    at f (https://unpkg.com/lightweight-charts@4.2.0/dist/lightweight-charts.standalone.production.js:6:2212)
    at Candlestick (https://unpkg.com/lightweight-charts@4.2.0/dist/lightweight-charts.standalone.production.js:6:46283)
    at Hs (https://unpkg.com/lightweight-charts@4.2.0/dist/lightweight-charts.standalone.production.js:6:47531)
    at ne (https://unpkg.com/lightweight-charts@4.2.0/dist/lightweight-charts.standalone.production.js:6:30743)
    at <anonymous> (https://unpkg.com/lightweight-charts@4.2.0/dist/lightweight-charts.standalone.production.js:6:27092)
    at qs (https://unpkg.com/lightweight-charts@4.2.0/dist/lightweight-charts.standalone.production.js:6:27079)
    at Fs (https://unpkg.com/lightweight-charts@4.2.0/dist/lightweight-charts.standalone.production.js:6:24555)
    at gt (https://unpkg.com/lightweight-charts@4.2.0/dist/lightweight-charts.standalone.production.js:6:24390)
    at ms (https://unpkg.com/lightweight-charts@4.2.0/dist/lightweight-charts.standalone.production.js:6:107028)
    at gm (https://unpkg.com/lightweight-charts@4.2.0/dist/lightweight-charts.standalone.production.js:6:128830)
    at dm (https://unpkg.com/lightweight-charts@4.2.0/dist/lightweight-charts.standalone.production.js:6:128672)
    at fp (https://unpkg.com/lightweight-charts@4.2.0/dist/lightweight-charts.standalone.production.js:6:127898)
    at fp (https://unpkg.com/lightweight-charts@4.2.0/dist/lightweight-charts.standalone.production.js:6:140944)
    at pb (https://unpkg.com/lightweight-charts@4.2.0/dist/lightweight-charts.standalone.production.js:6:144421)
    at <anonymous> (https://unpkg.com/lightweight-charts@4.2.0/dist/lightweight-charts.standalone.production.js:6:144919)
[   45244ms] Uncaught Error: Value is null
    at f (https://unpkg.com/lightweight-charts@4.2.0/dist/lightweight-charts.standalone.production.js:6:2212)
    at Candlestick (https://unpkg.com/lightweight-charts@4.2.0/dist/lightweight-charts.standalone.production.js:6:46283)
    at Hs (https://unpkg.com/lightweight-charts@4.2.0/dist/lightweight-charts.standalone.production.js:6:47531)
    at ne (https://unpkg.com/lightweight-charts@4.2.0/dist/lightweight-charts.standalone.production.js:6:30743)
    at <anonymous> (https://unpkg.com/lightweight-charts@4.2.0/dist/lightweight-charts.standalone.production.js:6:27092)
    at qs (https://unpkg.com/lightweight-charts@4.2.0/dist/lightweight-charts.standalone.production.js:6:27079)
    at Fs (https://unpkg.com/lightweight-charts@4.2.0/dist/lightweight-charts.standalone.production.js:6:24555)
    at gt (https://unpkg.com/lightweight-charts@4.2.0/dist/lightweight-charts.standalone.production.js:6:24390)
    at ms (https://unpkg.com/lightweight-charts@4.2.0/dist/lightweight-charts.standalone.production.js:6:107028)
    at gm (https://unpkg.com/lightweight-charts@4.2.0/dist/lightweight-charts.standalone.production.js:6:128830)
    at dm (https://unpkg.com/lightweight-charts@4.2.0/dist/lightweight-charts.standalone.production.js:6:128672)
    at fp (https://unpkg.com/lightweight-charts@4.2.0/dist/lightweight-charts.standalone.production.js:6:127898)
    at fp (https://unpkg.com/lightweight-charts@4.2.0/dist/lightweight-charts.standalone.production.js:6:140944)
    at pb (https://unpkg.com/lightweight-charts@4.2.0/dist/lightweight-charts.standalone.production.js:6:144421)
    at <anonymous> (https://unpkg.com/lightweight-charts@4.2.0/dist/lightweight-charts.standalone.production.js:6:144919)
[   45261ms] Uncaught Error: Value is null
    at f (https://unpkg.com/lightweight-charts@4.2.0/dist/lightweight-charts.standalone.production.js:6:2212)
    at Candlestick (https://unpkg.com/lightweight-charts@4.2.0/dist/lightweight-charts.standalone.production.js:6:46283)
    at Hs (https://unpkg.com/lightweight-charts@4.2.0/dist/lightweight-charts.standalone.production.js:6:47531)
    at ne (https://unpkg.com/lightweight-charts@4.2.0/dist/lightweight-charts.standalone.production.js:6:30743)
    at <anonymous> (https://unpkg.com/lightweight-charts@4.2.0/dist/lightweight-charts.standalone.production.js:6:27092)
    at qs (https://unpkg.com/lightweight-charts@4.2.0/dist/lightweight-charts.standalone.production.js:6:27079)
    at Fs (https://unpkg.com/lightweight-charts@4.2.0/dist/lightweight-charts.standalone.production.js:6:24555)
    at gt (https://unpkg.com/lightweight-charts@4.2.0/dist/lightweight-charts.standalone.production.js:6:24390)
    at ms (https://unpkg.com/lightweight-charts@4.2.0/dist/lightweight-charts.standalone.production.js:6:107028)
    at gm (https://unpkg.com/lightweight-charts@4.2.0/dist/lightweight-charts.standalone.production.js:6:128830)
    at dm (https://unpkg.com/lightweight-charts@4.2.0/dist/lightweight-charts.standalone.production.js:6:128672)
    at fp (https://unpkg.com/lightweight-charts@4.2.0/dist/lightweight-charts.standalone.production.js:6:127898)
    at fp (https://unpkg.com/lightweight-charts@4.2.0/dist/lightweight-charts.standalone.production.js:6:140944)
    at pb (https://unpkg.com/lightweight-charts@4.2.0/dist/lightweight-charts.standalone.production.js:6:144421)
    at <anonymous> (https://unpkg.com/lightweight-charts@4.2.0/dist/lightweight-charts.standalone.production.js:6:144919)
[   45278ms] Uncaught Error: Value is null
    at f (https://unpkg.com/lightweight-charts@4.2.0/dist/lightweight-charts.standalone.production.js:6:2212)
    at Candlestick (https://unpkg.com/lightweight-charts@4.2.0/dist/lightweight-charts.standalone.production.js:6:46283)
    at Hs (https://unpkg.com/lightweight-charts@4.2.0/dist/lightweight-charts.standalone.production.js:6:47531)
    at ne (https://unpkg.com/lightweight-charts@4.2.0/dist/lightweight-charts.standalone.production.js:6:30743)
    at <anonymous> (https://unpkg.com/lightweight-charts@4.2.0/dist/lightweight-charts.standalone.production.js:6:27092)
    at qs (https://unpkg.com/lightweight-charts@4.2.0/dist/lightweight-charts.standalone.production.js:6:27079)
    at Fs (https://unpkg.com/lightweight-charts@4.2.0/dist/lightweight-charts.standalone.production.js:6:24555)
    at gt (https://unpkg.com/lightweight-charts@4.2.0/dist/lightweight-charts.standalone.production.js:6:24390)
    at ms (https://unpkg.com/lightweight-charts@4.2.0/dist/lightweight-charts.standalone.production.js:6:107028)
    at gm (https://unpkg.com/lightweight-charts@4.2.0/dist/lightweight-charts.standalone.production.js:6:128830)
    at dm (https://unpkg.com/lightweight-charts@4.2.0/dist/lightweight-charts.standalone.production.js:6:128672)
    at fp (https://unpkg.com/lightweight-charts@4.2.0/dist/lightweight-charts.standalone.production.js:6:127898)
    at fp (https://unpkg.com/lightweight-charts@4.2.0/dist/lightweight-charts.standalone.production.js:6:140944)
    at pb (https://unpkg.com/lightweight-charts@4.2.0/dist/lightweight-charts.standalone.production.js:6:144421)
    at <anonymous> (https://unpkg.com/lightweight-charts@4.2.0/dist/lightweight-charts.standalone.production.js:6:144919)
[   45293ms] Uncaught Error: Value is null
    at f (https://unpkg.com/lightweight-charts@4.2.0/dist/lightweight-charts.standalone.production.js:6:2212)
    at Candlestick (https://unpkg.com/lightweight-charts@4.2.0/dist/lightweight-charts.standalone.production.js:6:46283)
    at Hs (https://unpkg.com/lightweight-charts@4.2.0/dist/lightweight-charts.standalone.production.js:6:47531)
    at ne (https://unpkg.com/lightweight-charts@4.2.0/dist/lightweight-charts.standalone.production.js:6:30743)
    at <anonymous> (https://unpkg.com/lightweight-charts@4.2.0/dist/lightweight-charts.standalone.production.js:6:27092)
    at qs (https://unpkg.com/lightweight-charts@4.2.0/dist/lightweight-charts.standalone.production.js:6:27079)
    at Fs (https://unpkg.com/lightweight-charts@4.2.0/dist/lightweight-charts.standalone.production.js:6:24555)
    at gt (https://unpkg.com/lightweight-charts@4.2.0/dist/lightweight-charts.standalone.production.js:6:24390)
    at ms (https://unpkg.com/lightweight-charts@4.2.0/dist/lightweight-charts.standalone.production.js:6:107028)
    at gm (https://unpkg.com/lightweight-charts@4.2.0/dist/lightweight-charts.standalone.production.js:6:128830)
    at dm (https://unpkg.com/lightweight-charts@4.2.0/dist/lightweight-charts.standalone.production.js:6:128672)
    at fp (https://unpkg.com/lightweight-charts@4.2.0/dist/lightweight-charts.standalone.production.js:6:127898)
    at fp (https://unpkg.com/lightweight-charts@4.2.0/dist/lightweight-charts.standalone.production.js:6:140944)
    at pb (https://unpkg.com/lightweight-charts@4.2.0/dist/lightweight-charts.standalone.production.js:6:144421)
    at <anonymous> (https://unpkg.com/lightweight-charts@4.2.0/dist/lightweight-charts.standalone.production.js:6:144919)
[   45315ms] Uncaught Error: Value is null
    at f (https://unpkg.com/lightweight-charts@4.2.0/dist/lightweight-charts.standalone.production.js:6:2212)
    at Candlestick (https://unpkg.com/lightweight-charts@4.2.0/dist/lightweight-charts.standalone.production.js:6:46283)
    at Hs (https://unpkg.com/lightweight-charts@4.2.0/dist/lightweight-charts.standalone.production.js:6:47531)
    at ne (https://unpkg.com/lightweight-charts@4.2.0/dist/lightweight-charts.standalone.production.js:6:30743)
    at <anonymous> (https://unpkg.com/lightweight-charts@4.2.0/dist/lightweight-charts.standalone.production.js:6:27092)
    at qs (https://unpkg.com/lightweight-charts@4.2.0/dist/lightweight-charts.standalone.production.js:6:27079)
    at Fs (https://unpkg.com/lightweight-charts@4.2.0/dist/lightweight-charts.standalone.production.js:6:24555)
    at gt (https://unpkg.com/lightweight-charts@4.2.0/dist/lightweight-charts.standalone.production.js:6:24390)
    at ms (https://unpkg.com/lightweight-charts@4.2.0/dist/lightweight-charts.standalone.production.js:6:107028)
    at gm (https://unpkg.com/lightweight-charts@4.2.0/dist/lightweight-charts.standalone.production.js:6:128830)
    at dm (https://unpkg.com/lightweight-charts@4.2.0/dist/lightweight-charts.standalone.production.js:6:128672)
    at fp (https://unpkg.com/lightweight-charts@4.2.0/dist/lightweight-charts.standalone.production.js:6:127898)
    at fp (https://unpkg.com/lightweight-charts@4.2.0/dist/lightweight-charts.standalone.production.js:6:140944)
    at pb (https://unpkg.com/lightweight-charts@4.2.0/dist/lightweight-charts.standalone.production.js:6:144421)
    at <anonymous> (https://unpkg.com/lightweight-charts@4.2.0/dist/lightweight-charts.standalone.production.js:6:144919)
[   45329ms] Uncaught Error: Value is null
    at f (https://unpkg.com/lightweight-charts@4.2.0/dist/lightweight-charts.standalone.production.js:6:2212)
    at Candlestick (https://unpkg.com/lightweight-charts@4.2.0/dist/lightweight-charts.standalone.production.js:6:46283)
    at Hs (https://unpkg.com/lightweight-charts@4.2.0/dist/lightweight-charts.standalone.production.js:6:47531)
    at ne (https://unpkg.com/lightweight-charts@4.2.0/dist/lightweight-charts.standalone.production.js:6:30743)
    at <anonymous> (https://unpkg.com/lightweight-charts@4.2.0/dist/lightweight-charts.standalone.production.js:6:27092)
    at qs (https://unpkg.com/lightweight-charts@4.2.0/dist/lightweight-charts.standalone.production.js:6:27079)
    at Fs (https://unpkg.com/lightweight-charts@4.2.0/dist/lightweight-charts.standalone.production.js:6:24555)
    at gt (https://unpkg.com/lightweight-charts@4.2.0/dist/lightweight-charts.standalone.production.js:6:24390)
    at ms (https://unpkg.com/lightweight-charts@4.2.0/dist/lightweight-charts.standalone.production.js:6:107028)
    at gm (https://unpkg.com/lightweight-charts@4.2.0/dist/lightweight-charts.standalone.production.js:6:128830)
    at dm (https://unpkg.com/lightweight-charts@4.2.0/dist/lightweight-charts.standalone.production.js:6:128672)
    at fp (https://unpkg.com/lightweight-charts@4.2.0/dist/lightweight-charts.standalone.production.js:6:127898)
    at fp (https://unpkg.com/lightweight-charts@4.2.0/dist/lightweight-charts.standalone.production.js:6:140944)
    at pb (https://unpkg.com/lightweight-charts@4.2.0/dist/lightweight-charts.standalone.production.js:6:144421)
    at <anonymous> (https://unpkg.com/lightweight-charts@4.2.0/dist/lightweight-charts.standalone.production.js:6:144919)
[   45345ms] Uncaught Error: Value is null
    at f (https://unpkg.com/lightweight-charts@4.2.0/dist/lightweight-charts.standalone.production.js:6:2212)
    at Candlestick (https://unpkg.com/lightweight-charts@4.2.0/dist/lightweight-charts.standalone.production.js:6:46283)
    at Hs (https://unpkg.com/lightweight-charts@4.2.0/dist/lightweight-charts.standalone.production.js:6:47531)
    at ne (https://unpkg.com/lightweight-charts@4.2.0/dist/lightweight-charts.standalone.production.js:6:30743)
    at <anonymous> (https://unpkg.com/lightweight-charts@4.2.0/dist/lightweight-charts.standalone.production.js:6:27092)
    at qs (https://unpkg.com/lightweight-charts@4.2.0/dist/lightweight-charts.standalone.production.js:6:27079)
    at Fs (https://unpkg.com/lightweight-charts@4.2.0/dist/lightweight-charts.standalone.production.js:6:24555)
    at gt (https://unpkg.com/lightweight-charts@4.2.0/dist/lightweight-charts.standalone.production.js:6:24390)
    at ms (https://unpkg.com/lightweight-charts@4.2.0/dist/lightweight-charts.standalone.production.js:6:107028)
    at gm (https://unpkg.com/lightweight-charts@4.2.0/dist/lightweight-charts.standalone.production.js:6:128830)
    at dm (https://unpkg.com/lightweight-charts@4.2.0/dist/lightweight-charts.standalone.production.js:6:128672)
    at fp (https://unpkg.com/lightweight-charts@4.2.0/dist/lightweight-charts.standalone.production.js:6:127898)
    at fp (https://unpkg.com/lightweight-charts@4.2.0/dist/lightweight-charts.standalone.production.js:6:140944)
    at pb (https://unpkg.com/lightweight-charts@4.2.0/dist/lightweight-charts.standalone.production.js:6:144421)
    at <anonymous> (https://unpkg.com/lightweight-charts@4.2.0/dist/lightweight-charts.standalone.production.js:6:144919)
[   45389ms] Uncaught Error: Value is null
    at f (https://unpkg.com/lightweight-charts@4.2.0/dist/lightweight-charts.standalone.production.js:6:2212)
    at Candlestick (https://unpkg.com/lightweight-charts@4.2.0/dist/lightweight-charts.standalone.production.js:6:46283)
    at Hs (https://unpkg.com/lightweight-charts@4.2.0/dist/lightweight-charts.standalone.production.js:6:47531)
    at ne (https://unpkg.com/lightweight-charts@4.2.0/dist/lightweight-charts.standalone.production.js:6:30743)
    at <anonymous> (https://unpkg.com/lightweight-charts@4.2.0/dist/lightweight-charts.standalone.production.js:6:27092)
    at qs (https://unpkg.com/lightweight-charts@4.2.0/dist/lightweight-charts.standalone.production.js:6:27079)
    at Fs (https://unpkg.com/lightweight-charts@4.2.0/dist/lightweight-charts.standalone.production.js:6:24555)
    at gt (https://unpkg.com/lightweight-charts@4.2.0/dist/lightweight-charts.standalone.production.js:6:24390)
    at ms (https://unpkg.com/lightweight-charts@4.2.0/dist/lightweight-charts.standalone.production.js:6:107028)
    at gm (https://unpkg.com/lightweight-charts@4.2.0/dist/lightweight-charts.standalone.production.js:6:128830)
    at dm (https://unpkg.com/lightweight-charts@4.2.0/dist/lightweight-charts.standalone.production.js:6:128672)
    at fp (https://unpkg.com/lightweight-charts@4.2.0/dist/lightweight-charts.standalone.production.js:6:127898)
    at fp (https://unpkg.com/lightweight-charts@4.2.0/dist/lightweight-charts.standalone.production.js:6:140944)
    at pb (https://unpkg.com/lightweight-charts@4.2.0/dist/lightweight-charts.standalone.production.js:6:144421)
    at <anonymous> (https://unpkg.com/lightweight-charts@4.2.0/dist/lightweight-charts.standalone.production.js:6:144919)
[   45396ms] Uncaught Error: Value is null
    at f (https://unpkg.com/lightweight-charts@4.2.0/dist/lightweight-charts.standalone.production.js:6:2212)
    at Candlestick (https://unpkg.com/lightweight-charts@4.2.0/dist/lightweight-charts.standalone.production.js:6:46283)
    at Hs (https://unpkg.com/lightweight-charts@4.2.0/dist/lightweight-charts.standalone.production.js:6:47531)
    at ne (https://unpkg.com/lightweight-charts@4.2.0/dist/lightweight-charts.standalone.production.js:6:30743)
    at <anonymous> (https://unpkg.com/lightweight-charts@4.2.0/dist/lightweight-charts.standalone.production.js:6:27092)
    at qs (https://unpkg.com/lightweight-charts@4.2.0/dist/lightweight-charts.standalone.production.js:6:27079)
    at Fs (https://unpkg.com/lightweight-charts@4.2.0/dist/lightweight-charts.standalone.production.js:6:24555)
    at gt (https://unpkg.com/lightweight-charts@4.2.0/dist/lightweight-charts.standalone.production.js:6:24390)
    at ms (https://unpkg.com/lightweight-charts@4.2.0/dist/lightweight-charts.standalone.production.js:6:107028)
    at gm (https://unpkg.com/lightweight-charts@4.2.0/dist/lightweight-charts.standalone.production.js:6:128830)
    at dm (https://unpkg.com/lightweight-charts@4.2.0/dist/lightweight-charts.standalone.production.js:6:128672)
    at fp (https://unpkg.com/lightweight-charts@4.2.0/dist/lightweight-charts.standalone.production.js:6:127898)
    at fp (https://unpkg.com/lightweight-charts@4.2.0/dist/lightweight-charts.standalone.production.js:6:140944)
    at pb (https://unpkg.com/lightweight-charts@4.2.0/dist/lightweight-charts.standalone.production.js:6:144421)
    at <anonymous> (https://unpkg.com/lightweight-charts@4.2.0/dist/lightweight-charts.standalone.production.js:6:144919)
[   45396ms] Uncaught Error: Value is null
    at f (https://unpkg.com/lightweight-charts@4.2.0/dist/lightweight-charts.standalone.production.js:6:2212)
    at Candlestick (https://unpkg.com/lightweight-charts@4.2.0/dist/lightweight-charts.standalone.production.js:6:46283)
    at Hs (https://unpkg.com/lightweight-charts@4.2.0/dist/lightweight-charts.standalone.production.js:6:47531)
    at ne (https://unpkg.com/lightweight-charts@4.2.0/dist/lightweight-charts.standalone.production.js:6:30743)
    at <anonymous> (https://unpkg.com/lightweight-charts@4.2.0/dist/lightweight-charts.standalone.production.js:6:27092)
    at qs (https://unpkg.com/lightweight-charts@4.2.0/dist/lightweight-charts.standalone.production.js:6:27079)
    at Fs (https://unpkg.com/lightweight-charts@4.2.0/dist/lightweight-charts.standalone.production.js:6:24555)
    at gt (https://unpkg.com/lightweight-charts@4.2.0/dist/lightweight-charts.standalone.production.js:6:24390)
    at ms (https://unpkg.com/lightweight-charts@4.2.0/dist/lightweight-charts.standalone.production.js:6:107028)
    at gm (https://unpkg.com/lightweight-charts@4.2.0/dist/lightweight-charts.standalone.production.js:6:128830)
    at dm (https://unpkg.com/lightweight-charts@4.2.0/dist/lightweight-charts.standalone.production.js:6:128672)
    at fp (https://unpkg.com/lightweight-charts@4.2.0/dist/lightweight-charts.standalone.production.js:6:127898)
    at fp (https://unpkg.com/lightweight-charts@4.2.0/dist/lightweight-charts.standalone.production.js:6:140944)
    at pb (https://unpkg.com/lightweight-charts@4.2.0/dist/lightweight-charts.standalone.production.js:6:144421)
    at <anonymous> (https://unpkg.com/lightweight-charts@4.2.0/dist/lightweight-charts.standalone.production.js:6:144919)
[   45409ms] Uncaught Error: Value is null
    at f (https://unpkg.com/lightweight-charts@4.2.0/dist/lightweight-charts.standalone.production.js:6:2212)
    at Candlestick (https://unpkg.com/lightweight-charts@4.2.0/dist/lightweight-charts.standalone.production.js:6:46283)
    at Hs (https://unpkg.com/lightweight-charts@4.2.0/dist/lightweight-charts.standalone.production.js:6:47531)
    at ne (https://unpkg.com/lightweight-charts@4.2.0/dist/lightweight-charts.standalone.production.js:6:30743)
    at <anonymous> (https://unpkg.com/lightweight-charts@4.2.0/dist/lightweight-charts.standalone.production.js:6:27092)
    at qs (https://unpkg.com/lightweight-charts@4.2.0/dist/lightweight-charts.standalone.production.js:6:27079)
    at Fs (https://unpkg.com/lightweight-charts@4.2.0/dist/lightweight-charts.standalone.production.js:6:24555)
    at gt (https://unpkg.com/lightweight-charts@4.2.0/dist/lightweight-charts.standalone.production.js:6:24390)
    at ms (https://unpkg.com/lightweight-charts@4.2.0/dist/lightweight-charts.standalone.production.js:6:107028)
    at gm (https://unpkg.com/lightweight-charts@4.2.0/dist/lightweight-charts.standalone.production.js:6:128830)
    at dm (https://unpkg.com/lightweight-charts@4.2.0/dist/lightweight-charts.standalone.production.js:6:128672)
    at fp (https://unpkg.com/lightweight-charts@4.2.0/dist/lightweight-charts.standalone.production.js:6:127898)
    at fp (https://unpkg.com/lightweight-charts@4.2.0/dist/lightweight-charts.standalone.production.js:6:140944)
    at pb (https://unpkg.com/lightweight-charts@4.2.0/dist/lightweight-charts.standalone.production.js:6:144421)
    at <anonymous> (https://unpkg.com/lightweight-charts@4.2.0/dist/lightweight-charts.standalone.production.js:6:144919)
[   45428ms] Uncaught Error: Value is null
    at f (https://unpkg.com/lightweight-charts@4.2.0/dist/lightweight-charts.standalone.production.js:6:2212)
    at Candlestick (https://unpkg.com/lightweight-charts@4.2.0/dist/lightweight-charts.standalone.production.js:6:46283)
    at Hs (https://unpkg.com/lightweight-charts@4.2.0/dist/lightweight-charts.standalone.production.js:6:47531)
    at ne (https://unpkg.com/lightweight-charts@4.2.0/dist/lightweight-charts.standalone.production.js:6:30743)
    at <anonymous> (https://unpkg.com/lightweight-charts@4.2.0/dist/lightweight-charts.standalone.production.js:6:27092)
    at qs (https://unpkg.com/lightweight-charts@4.2.0/dist/lightweight-charts.standalone.production.js:6:27079)
    at Fs (https://unpkg.com/lightweight-charts@4.2.0/dist/lightweight-charts.standalone.production.js:6:24555)
    at gt (https://unpkg.com/lightweight-charts@4.2.0/dist/lightweight-charts.standalone.production.js:6:24390)
    at ms (https://unpkg.com/lightweight-charts@4.2.0/dist/lightweight-charts.standalone.production.js:6:107028)
    at gm (https://unpkg.com/lightweight-charts@4.2.0/dist/lightweight-charts.standalone.production.js:6:128830)
    at dm (https://unpkg.com/lightweight-charts@4.2.0/dist/lightweight-charts.standalone.production.js:6:128672)
    at fp (https://unpkg.com/lightweight-charts@4.2.0/dist/lightweight-charts.standalone.production.js:6:127898)
    at fp (https://unpkg.com/lightweight-charts@4.2.0/dist/lightweight-charts.standalone.production.js:6:140944)
    at pb (https://unpkg.com/lightweight-charts@4.2.0/dist/lightweight-charts.standalone.production.js:6:144421)
    at <anonymous> (https://unpkg.com/lightweight-charts@4.2.0/dist/lightweight-charts.standalone.production.js:6:144919)
[   46993ms] Uncaught Error: Value is null
    at f (https://unpkg.com/lightweight-charts@4.2.0/dist/lightweight-charts.standalone.production.js:6:2212)
    at Candlestick (https://unpkg.com/lightweight-charts@4.2.0/dist/lightweight-charts.standalone.production.js:6:46283)
    at Hs (https://unpkg.com/lightweight-charts@4.2.0/dist/lightweight-charts.standalone.production.js:6:47531)
    at ne (https://unpkg.com/lightweight-charts@4.2.0/dist/lightweight-charts.standalone.production.js:6:30743)
    at <anonymous> (https://unpkg.com/lightweight-charts@4.2.0/dist/lightweight-charts.standalone.production.js:6:27092)
    at qs (https://unpkg.com/lightweight-charts@4.2.0/dist/lightweight-charts.standalone.production.js:6:27079)
    at Fs (https://unpkg.com/lightweight-charts@4.2.0/dist/lightweight-charts.standalone.production.js:6:24555)
    at gt (https://unpkg.com/lightweight-charts@4.2.0/dist/lightweight-charts.standalone.production.js:6:24390)
    at ms (https://unpkg.com/lightweight-charts@4.2.0/dist/lightweight-charts.standalone.production.js:6:107028)
    at gm (https://unpkg.com/lightweight-charts@4.2.0/dist/lightweight-charts.standalone.production.js:6:128830)
    at dm (https://unpkg.com/lightweight-charts@4.2.0/dist/lightweight-charts.standalone.production.js:6:128672)
    at fp (https://unpkg.com/lightweight-charts@4.2.0/dist/lightweight-charts.standalone.production.js:6:127898)
    at fp (https://unpkg.com/lightweight-charts@4.2.0/dist/lightweight-charts.standalone.production.js:6:140944)
    at pb (https://unpkg.com/lightweight-charts@4.2.0/dist/lightweight-charts.standalone.production.js:6:144421)
    at <anonymous> (https://unpkg.com/lightweight-charts@4.2.0/dist/lightweight-charts.standalone.production.js:6:144919)
[   47007ms] Uncaught Error: Value is null
    at f (https://unpkg.com/lightweight-charts@4.2.0/dist/lightweight-charts.standalone.production.js:6:2212)
    at Candlestick (https://unpkg.com/lightweight-charts@4.2.0/dist/lightweight-charts.standalone.production.js:6:46283)
    at Hs (https://unpkg.com/lightweight-charts@4.2.0/dist/lightweight-charts.standalone.production.js:6:47531)
    at ne (https://unpkg.com/lightweight-charts@4.2.0/dist/lightweight-charts.standalone.production.js:6:30743)
    at <anonymous> (https://unpkg.com/lightweight-charts@4.2.0/dist/lightweight-charts.standalone.production.js:6:27092)
    at qs (https://unpkg.com/lightweight-charts@4.2.0/dist/lightweight-charts.standalone.production.js:6:27079)
    at Fs (https://unpkg.com/lightweight-charts@4.2.0/dist/lightweight-charts.standalone.production.js:6:24555)
    at gt (https://unpkg.com/lightweight-charts@4.2.0/dist/lightweight-charts.standalone.production.js:6:24390)
    at ms (https://unpkg.com/lightweight-charts@4.2.0/dist/lightweight-charts.standalone.production.js:6:107028)
    at gm (https://unpkg.com/lightweight-charts@4.2.0/dist/lightweight-charts.standalone.production.js:6:128830)
    at dm (https://unpkg.com/lightweight-charts@4.2.0/dist/lightweight-charts.standalone.production.js:6:128672)
    at fp (https://unpkg.com/lightweight-charts@4.2.0/dist/lightweight-charts.standalone.production.js:6:127898)
    at fp (https://unpkg.com/lightweight-charts@4.2.0/dist/lightweight-charts.standalone.production.js:6:140944)
    at pb (https://unpkg.com/lightweight-charts@4.2.0/dist/lightweight-charts.standalone.production.js:6:144421)
    at <anonymous> (https://unpkg.com/lightweight-charts@4.2.0/dist/lightweight-charts.standalone.production.js:6:144919)
[   47049ms] Uncaught Error: Value is null
    at f (https://unpkg.com/lightweight-charts@4.2.0/dist/lightweight-charts.standalone.production.js:6:2212)
    at Candlestick (https://unpkg.com/lightweight-charts@4.2.0/dist/lightweight-charts.standalone.production.js:6:46283)
    at Hs (https://unpkg.com/lightweight-charts@4.2.0/dist/lightweight-charts.standalone.production.js:6:47531)
    at ne (https://unpkg.com/lightweight-charts@4.2.0/dist/lightweight-charts.standalone.production.js:6:30743)
    at <anonymous> (https://unpkg.com/lightweight-charts@4.2.0/dist/lightweight-charts.standalone.production.js:6:27092)
    at qs (https://unpkg.com/lightweight-charts@4.2.0/dist/lightweight-charts.standalone.production.js:6:27079)
    at Fs (https://unpkg.com/lightweight-charts@4.2.0/dist/lightweight-charts.standalone.production.js:6:24555)
    at gt (https://unpkg.com/lightweight-charts@4.2.0/dist/lightweight-charts.standalone.production.js:6:24390)
    at ms (https://unpkg.com/lightweight-charts@4.2.0/dist/lightweight-charts.standalone.production.js:6:107028)
    at gm (https://unpkg.com/lightweight-charts@4.2.0/dist/lightweight-charts.standalone.production.js:6:128830)
    at dm (https://unpkg.com/lightweight-charts@4.2.0/dist/lightweight-charts.standalone.production.js:6:128672)
    at fp (https://unpkg.com/lightweight-charts@4.2.0/dist/lightweight-charts.standalone.production.js:6:127898)
    at fp (https://unpkg.com/lightweight-charts@4.2.0/dist/lightweight-charts.standalone.production.js:6:140944)
    at pb (https://unpkg.com/lightweight-charts@4.2.0/dist/lightweight-charts.standalone.production.js:6:144421)
    at <anonymous> (https://unpkg.com/lightweight-charts@4.2.0/dist/lightweight-charts.standalone.production.js:6:144919)
[   47049ms] Uncaught Error: Value is null
    at f (https://unpkg.com/lightweight-charts@4.2.0/dist/lightweight-charts.standalone.production.js:6:2212)
    at Candlestick (https://unpkg.com/lightweight-charts@4.2.0/dist/lightweight-charts.standalone.production.js:6:46283)
    at Hs (https://unpkg.com/lightweight-charts@4.2.0/dist/lightweight-charts.standalone.production.js:6:47531)
    at ne (https://unpkg.com/lightweight-charts@4.2.0/dist/lightweight-charts.standalone.production.js:6:30743)
    at <anonymous> (https://unpkg.com/lightweight-charts@4.2.0/dist/lightweight-charts.standalone.production.js:6:27092)
    at qs (https://unpkg.com/lightweight-charts@4.2.0/dist/lightweight-charts.standalone.production.js:6:27079)
    at Fs (https://unpkg.com/lightweight-charts@4.2.0/dist/lightweight-charts.standalone.production.js:6:24555)
    at gt (https://unpkg.com/lightweight-charts@4.2.0/dist/lightweight-charts.standalone.production.js:6:24390)
    at ms (https://unpkg.com/lightweight-charts@4.2.0/dist/lightweight-charts.standalone.production.js:6:107028)
    at gm (https://unpkg.com/lightweight-charts@4.2.0/dist/lightweight-charts.standalone.production.js:6:128830)
    at dm (https://unpkg.com/lightweight-charts@4.2.0/dist/lightweight-charts.standalone.production.js:6:128672)
    at fp (https://unpkg.com/lightweight-charts@4.2.0/dist/lightweight-charts.standalone.production.js:6:127898)
    at fp (https://unpkg.com/lightweight-charts@4.2.0/dist/lightweight-charts.standalone.production.js:6:140944)
    at pb (https://unpkg.com/lightweight-charts@4.2.0/dist/lightweight-charts.standalone.production.js:6:144421)
    at <anonymous> (https://unpkg.com/lightweight-charts@4.2.0/dist/lightweight-charts.standalone.production.js:6:144919)
[   47049ms] Uncaught Error: Value is null
    at f (https://unpkg.com/lightweight-charts@4.2.0/dist/lightweight-charts.standalone.production.js:6:2212)
    at Candlestick (https://unpkg.com/lightweight-charts@4.2.0/dist/lightweight-charts.standalone.production.js:6:46283)
    at Hs (https://unpkg.com/lightweight-charts@4.2.0/dist/lightweight-charts.standalone.production.js:6:47531)
    at ne (https://unpkg.com/lightweight-charts@4.2.0/dist/lightweight-charts.standalone.production.js:6:30743)
    at <anonymous> (https://unpkg.com/lightweight-charts@4.2.0/dist/lightweight-charts.standalone.production.js:6:27092)
    at qs (https://unpkg.com/lightweight-charts@4.2.0/dist/lightweight-charts.standalone.production.js:6:27079)
    at Fs (https://unpkg.com/lightweight-charts@4.2.0/dist/lightweight-charts.standalone.production.js:6:24555)
    at gt (https://unpkg.com/lightweight-charts@4.2.0/dist/lightweight-charts.standalone.production.js:6:24390)
    at ms (https://unpkg.com/lightweight-charts@4.2.0/dist/lightweight-charts.standalone.production.js:6:107028)
    at gm (https://unpkg.com/lightweight-charts@4.2.0/dist/lightweight-charts.standalone.production.js:6:128830)
    at dm (https://unpkg.com/lightweight-charts@4.2.0/dist/lightweight-charts.standalone.production.js:6:128672)
    at fp (https://unpkg.com/lightweight-charts@4.2.0/dist/lightweight-charts.standalone.production.js:6:127898)
    at fp (https://unpkg.com/lightweight-charts@4.2.0/dist/lightweight-charts.standalone.production.js:6:140944)
    at pb (https://unpkg.com/lightweight-charts@4.2.0/dist/lightweight-charts.standalone.production.js:6:144421)
    at <anonymous> (https://unpkg.com/lightweight-charts@4.2.0/dist/lightweight-charts.standalone.production.js:6:144919)
[   47049ms] Uncaught Error: Value is null
    at f (https://unpkg.com/lightweight-charts@4.2.0/dist/lightweight-charts.standalone.production.js:6:2212)
    at Candlestick (https://unpkg.com/lightweight-charts@4.2.0/dist/lightweight-charts.standalone.production.js:6:46283)
    at Hs (https://unpkg.com/lightweight-charts@4.2.0/dist/lightweight-charts.standalone.production.js:6:47531)
    at ne (https://unpkg.com/lightweight-charts@4.2.0/dist/lightweight-charts.standalone.production.js:6:30743)
    at <anonymous> (https://unpkg.com/lightweight-charts@4.2.0/dist/lightweight-charts.standalone.production.js:6:27092)
    at qs (https://unpkg.com/lightweight-charts@4.2.0/dist/lightweight-charts.standalone.production.js:6:27079)
    at Fs (https://unpkg.com/lightweight-charts@4.2.0/dist/lightweight-charts.standalone.production.js:6:24555)
    at gt (https://unpkg.com/lightweight-charts@4.2.0/dist/lightweight-charts.standalone.production.js:6:24390)
    at ms (https://unpkg.com/lightweight-charts@4.2.0/dist/lightweight-charts.standalone.production.js:6:107028)
    at gm (https://unpkg.com/lightweight-charts@4.2.0/dist/lightweight-charts.standalone.production.js:6:128830)
    at dm (https://unpkg.com/lightweight-charts@4.2.0/dist/lightweight-charts.standalone.production.js:6:128672)
    at fp (https://unpkg.com/lightweight-charts@4.2.0/dist/lightweight-charts.standalone.production.js:6:127898)
    at fp (https://unpkg.com/lightweight-charts@4.2.0/dist/lightweight-charts.standalone.production.js:6:140944)
    at pb (https://unpkg.com/lightweight-charts@4.2.0/dist/lightweight-charts.standalone.production.js:6:144421)
    at <anonymous> (https://unpkg.com/lightweight-charts@4.2.0/dist/lightweight-charts.standalone.production.js:6:144919)
[   47049ms] Uncaught Error: Value is null
    at f (https://unpkg.com/lightweight-charts@4.2.0/dist/lightweight-charts.standalone.production.js:6:2212)
    at Candlestick (https://unpkg.com/lightweight-charts@4.2.0/dist/lightweight-charts.standalone.production.js:6:46283)
    at Hs (https://unpkg.com/lightweight-charts@4.2.0/dist/lightweight-charts.standalone.production.js:6:47531)
    at ne (https://unpkg.com/lightweight-charts@4.2.0/dist/lightweight-charts.standalone.production.js:6:30743)
    at <anonymous> (https://unpkg.com/lightweight-charts@4.2.0/dist/lightweight-charts.standalone.production.js:6:27092)
    at qs (https://unpkg.com/lightweight-charts@4.2.0/dist/lightweight-charts.standalone.production.js:6:27079)
    at Fs (https://unpkg.com/lightweight-charts@4.2.0/dist/lightweight-charts.standalone.production.js:6:24555)
    at gt (https://unpkg.com/lightweight-charts@4.2.0/dist/lightweight-charts.standalone.production.js:6:24390)
    at ms (https://unpkg.com/lightweight-charts@4.2.0/dist/lightweight-charts.standalone.production.js:6:107028)
    at gm (https://unpkg.com/lightweight-charts@4.2.0/dist/lightweight-charts.standalone.production.js:6:128830)
    at dm (https://unpkg.com/lightweight-charts@4.2.0/dist/lightweight-charts.standalone.production.js:6:128672)
    at fp (https://unpkg.com/lightweight-charts@4.2.0/dist/lightweight-charts.standalone.production.js:6:127898)
    at fp (https://unpkg.com/lightweight-charts@4.2.0/dist/lightweight-charts.standalone.production.js:6:140944)
    at pb (https://unpkg.com/lightweight-charts@4.2.0/dist/lightweight-charts.standalone.production.js:6:144421)
    at <anonymous> (https://unpkg.com/lightweight-charts@4.2.0/dist/lightweight-charts.standalone.production.js:6:144919)
[   47141ms] Uncaught Error: Value is null
    at f (https://unpkg.com/lightweight-charts@4.2.0/dist/lightweight-charts.standalone.production.js:6:2212)
    at Candlestick (https://unpkg.com/lightweight-charts@4.2.0/dist/lightweight-charts.standalone.production.js:6:46283)
    at Hs (https://unpkg.com/lightweight-charts@4.2.0/dist/lightweight-charts.standalone.production.js:6:47531)
    at ne (https://unpkg.com/lightweight-charts@4.2.0/dist/lightweight-charts.standalone.production.js:6:30743)
    at <anonymous> (https://unpkg.com/lightweight-charts@4.2.0/dist/lightweight-charts.standalone.production.js:6:27092)
    at qs (https://unpkg.com/lightweight-charts@4.2.0/dist/lightweight-charts.standalone.production.js:6:27079)
    at Fs (https://unpkg.com/lightweight-charts@4.2.0/dist/lightweight-charts.standalone.production.js:6:24555)
    at gt (https://unpkg.com/lightweight-charts@4.2.0/dist/lightweight-charts.standalone.production.js:6:24390)
    at ms (https://unpkg.com/lightweight-charts@4.2.0/dist/lightweight-charts.standalone.production.js:6:107028)
    at gm (https://unpkg.com/lightweight-charts@4.2.0/dist/lightweight-charts.standalone.production.js:6:128830)
    at dm (https://unpkg.com/lightweight-charts@4.2.0/dist/lightweight-charts.standalone.production.js:6:128672)
    at fp (https://unpkg.com/lightweight-charts@4.2.0/dist/lightweight-charts.standalone.production.js:6:127898)
    at fp (https://unpkg.com/lightweight-charts@4.2.0/dist/lightweight-charts.standalone.production.js:6:140944)
    at pb (https://unpkg.com/lightweight-charts@4.2.0/dist/lightweight-charts.standalone.production.js:6:144421)
    at <anonymous> (https://unpkg.com/lightweight-charts@4.2.0/dist/lightweight-charts.standalone.production.js:6:144919)
[   47141ms] Uncaught Error: Value is null
    at f (https://unpkg.com/lightweight-charts@4.2.0/dist/lightweight-charts.standalone.production.js:6:2212)
    at Candlestick (https://unpkg.com/lightweight-charts@4.2.0/dist/lightweight-charts.standalone.production.js:6:46283)
    at Hs (https://unpkg.com/lightweight-charts@4.2.0/dist/lightweight-charts.standalone.production.js:6:47531)
    at ne (https://unpkg.com/lightweight-charts@4.2.0/dist/lightweight-charts.standalone.production.js:6:30743)
    at <anonymous> (https://unpkg.com/lightweight-charts@4.2.0/dist/lightweight-charts.standalone.production.js:6:27092)
    at qs (https://unpkg.com/lightweight-charts@4.2.0/dist/lightweight-charts.standalone.production.js:6:27079)
    at Fs (https://unpkg.com/lightweight-charts@4.2.0/dist/lightweight-charts.standalone.production.js:6:24555)
    at gt (https://unpkg.com/lightweight-charts@4.2.0/dist/lightweight-charts.standalone.production.js:6:24390)
    at ms (https://unpkg.com/lightweight-charts@4.2.0/dist/lightweight-charts.standalone.production.js:6:107028)
    at gm (https://unpkg.com/lightweight-charts@4.2.0/dist/lightweight-charts.standalone.production.js:6:128830)
    at dm (https://unpkg.com/lightweight-charts@4.2.0/dist/lightweight-charts.standalone.production.js:6:128672)
    at fp (https://unpkg.com/lightweight-charts@4.2.0/dist/lightweight-charts.standalone.production.js:6:127898)
    at fp (https://unpkg.com/lightweight-charts@4.2.0/dist/lightweight-charts.standalone.production.js:6:140944)
    at pb (https://unpkg.com/lightweight-charts@4.2.0/dist/lightweight-charts.standalone.production.js:6:144421)
    at <anonymous> (https://unpkg.com/lightweight-charts@4.2.0/dist/lightweight-charts.standalone.production.js:6:144919)
[   47141ms] Uncaught Error: Value is null
    at f (https://unpkg.com/lightweight-charts@4.2.0/dist/lightweight-charts.standalone.production.js:6:2212)
    at Candlestick (https://unpkg.com/lightweight-charts@4.2.0/dist/lightweight-charts.standalone.production.js:6:46283)
    at Hs (https://unpkg.com/lightweight-charts@4.2.0/dist/lightweight-charts.standalone.production.js:6:47531)
    at ne (https://unpkg.com/lightweight-charts@4.2.0/dist/lightweight-charts.standalone.production.js:6:30743)
    at <anonymous> (https://unpkg.com/lightweight-charts@4.2.0/dist/lightweight-charts.standalone.production.js:6:27092)
    at qs (https://unpkg.com/lightweight-charts@4.2.0/dist/lightweight-charts.standalone.production.js:6:27079)
    at Fs (https://unpkg.com/lightweight-charts@4.2.0/dist/lightweight-charts.standalone.production.js:6:24555)
    at gt (https://unpkg.com/lightweight-charts@4.2.0/dist/lightweight-charts.standalone.production.js:6:24390)
    at ms (https://unpkg.com/lightweight-charts@4.2.0/dist/lightweight-charts.standalone.production.js:6:107028)
    at gm (https://unpkg.com/lightweight-charts@4.2.0/dist/lightweight-charts.standalone.production.js:6:128830)
    at dm (https://unpkg.com/lightweight-charts@4.2.0/dist/lightweight-charts.standalone.production.js:6:128672)
    at fp (https://unpkg.com/lightweight-charts@4.2.0/dist/lightweight-charts.standalone.production.js:6:127898)
    at fp (https://unpkg.com/lightweight-charts@4.2.0/dist/lightweight-charts.standalone.production.js:6:140944)
    at pb (https://unpkg.com/lightweight-charts@4.2.0/dist/lightweight-charts.standalone.production.js:6:144421)
    at <anonymous> (https://unpkg.com/lightweight-charts@4.2.0/dist/lightweight-charts.standalone.production.js:6:144919)
[   47141ms] Uncaught Error: Value is null
    at f (https://unpkg.com/lightweight-charts@4.2.0/dist/lightweight-charts.standalone.production.js:6:2212)
    at Candlestick (https://unpkg.com/lightweight-charts@4.2.0/dist/lightweight-charts.standalone.production.js:6:46283)
    at Hs (https://unpkg.com/lightweight-charts@4.2.0/dist/lightweight-charts.standalone.production.js:6:47531)
    at ne (https://unpkg.com/lightweight-charts@4.2.0/dist/lightweight-charts.standalone.production.js:6:30743)
    at <anonymous> (https://unpkg.com/lightweight-charts@4.2.0/dist/lightweight-charts.standalone.production.js:6:27092)
    at qs (https://unpkg.com/lightweight-charts@4.2.0/dist/lightweight-charts.standalone.production.js:6:27079)
    at Fs (https://unpkg.com/lightweight-charts@4.2.0/dist/lightweight-charts.standalone.production.js:6:24555)
    at gt (https://unpkg.com/lightweight-charts@4.2.0/dist/lightweight-charts.standalone.production.js:6:24390)
    at ms (https://unpkg.com/lightweight-charts@4.2.0/dist/lightweight-charts.standalone.production.js:6:107028)
    at gm (https://unpkg.com/lightweight-charts@4.2.0/dist/lightweight-charts.standalone.production.js:6:128830)
    at dm (https://unpkg.com/lightweight-charts@4.2.0/dist/lightweight-charts.standalone.production.js:6:128672)
    at fp (https://unpkg.com/lightweight-charts@4.2.0/dist/lightweight-charts.standalone.production.js:6:127898)
    at fp (https://unpkg.com/lightweight-charts@4.2.0/dist/lightweight-charts.standalone.production.js:6:140944)
    at pb (https://unpkg.com/lightweight-charts@4.2.0/dist/lightweight-charts.standalone.production.js:6:144421)
    at <anonymous> (https://unpkg.com/lightweight-charts@4.2.0/dist/lightweight-charts.standalone.production.js:6:144919)
[   47141ms] Uncaught Error: Value is null
    at f (https://unpkg.com/lightweight-charts@4.2.0/dist/lightweight-charts.standalone.production.js:6:2212)
    at Candlestick (https://unpkg.com/lightweight-charts@4.2.0/dist/lightweight-charts.standalone.production.js:6:46283)
    at Hs (https://unpkg.com/lightweight-charts@4.2.0/dist/lightweight-charts.standalone.production.js:6:47531)
    at ne (https://unpkg.com/lightweight-charts@4.2.0/dist/lightweight-charts.standalone.production.js:6:30743)
    at <anonymous> (https://unpkg.com/lightweight-charts@4.2.0/dist/lightweight-charts.standalone.production.js:6:27092)
    at qs (https://unpkg.com/lightweight-charts@4.2.0/dist/lightweight-charts.standalone.production.js:6:27079)
    at Fs (https://unpkg.com/lightweight-charts@4.2.0/dist/lightweight-charts.standalone.production.js:6:24555)
    at gt (https://unpkg.com/lightweight-charts@4.2.0/dist/lightweight-charts.standalone.production.js:6:24390)
    at ms (https://unpkg.com/lightweight-charts@4.2.0/dist/lightweight-charts.standalone.production.js:6:107028)
    at gm (https://unpkg.com/lightweight-charts@4.2.0/dist/lightweight-charts.standalone.production.js:6:128830)
    at dm (https://unpkg.com/lightweight-charts@4.2.0/dist/lightweight-charts.standalone.production.js:6:128672)
    at fp (https://unpkg.com/lightweight-charts@4.2.0/dist/lightweight-charts.standalone.production.js:6:127898)
    at fp (https://unpkg.com/lightweight-charts@4.2.0/dist/lightweight-charts.standalone.production.js:6:140944)
    at pb (https://unpkg.com/lightweight-charts@4.2.0/dist/lightweight-charts.standalone.production.js:6:144421)
    at <anonymous> (https://unpkg.com/lightweight-charts@4.2.0/dist/lightweight-charts.standalone.production.js:6:144919)
[   47141ms] Uncaught Error: Value is null
    at f (https://unpkg.com/lightweight-charts@4.2.0/dist/lightweight-charts.standalone.production.js:6:2212)
    at Candlestick (https://unpkg.com/lightweight-charts@4.2.0/dist/lightweight-charts.standalone.production.js:6:46283)
    at Hs (https://unpkg.com/lightweight-charts@4.2.0/dist/lightweight-charts.standalone.production.js:6:47531)
    at ne (https://unpkg.com/lightweight-charts@4.2.0/dist/lightweight-charts.standalone.production.js:6:30743)
    at <anonymous> (https://unpkg.com/lightweight-charts@4.2.0/dist/lightweight-charts.standalone.production.js:6:27092)
    at qs (https://unpkg.com/lightweight-charts@4.2.0/dist/lightweight-charts.standalone.production.js:6:27079)
    at Fs (https://unpkg.com/lightweight-charts@4.2.0/dist/lightweight-charts.standalone.production.js:6:24555)
    at gt (https://unpkg.com/lightweight-charts@4.2.0/dist/lightweight-charts.standalone.production.js:6:24390)
    at ms (https://unpkg.com/lightweight-charts@4.2.0/dist/lightweight-charts.standalone.production.js:6:107028)
    at gm (https://unpkg.com/lightweight-charts@4.2.0/dist/lightweight-charts.standalone.production.js:6:128830)
    at dm (https://unpkg.com/lightweight-charts@4.2.0/dist/lightweight-charts.standalone.production.js:6:128672)
    at fp (https://unpkg.com/lightweight-charts@4.2.0/dist/lightweight-charts.standalone.production.js:6:127898)
    at fp (https://unpkg.com/lightweight-charts@4.2.0/dist/lightweight-charts.standalone.production.js:6:140944)
    at pb (https://unpkg.com/lightweight-charts@4.2.0/dist/lightweight-charts.standalone.production.js:6:144421)
    at <anonymous> (https://unpkg.com/lightweight-charts@4.2.0/dist/lightweight-charts.standalone.production.js:6:144919)
[   47159ms] Uncaught Error: Value is null
    at f (https://unpkg.com/lightweight-charts@4.2.0/dist/lightweight-charts.standalone.production.js:6:2212)
    at Candlestick (https://unpkg.com/lightweight-charts@4.2.0/dist/lightweight-charts.standalone.production.js:6:46283)
    at Hs (https://unpkg.com/lightweight-charts@4.2.0/dist/lightweight-charts.standalone.production.js:6:47531)
    at ne (https://unpkg.com/lightweight-charts@4.2.0/dist/lightweight-charts.standalone.production.js:6:30743)
    at <anonymous> (https://unpkg.com/lightweight-charts@4.2.0/dist/lightweight-charts.standalone.production.js:6:27092)
    at qs (https://unpkg.com/lightweight-charts@4.2.0/dist/lightweight-charts.standalone.production.js:6:27079)
    at Fs (https://unpkg.com/lightweight-charts@4.2.0/dist/lightweight-charts.standalone.production.js:6:24555)
    at gt (https://unpkg.com/lightweight-charts@4.2.0/dist/lightweight-charts.standalone.production.js:6:24390)
    at ms (https://unpkg.com/lightweight-charts@4.2.0/dist/lightweight-charts.standalone.production.js:6:107028)
    at gm (https://unpkg.com/lightweight-charts@4.2.0/dist/lightweight-charts.standalone.production.js:6:128830)
    at dm (https://unpkg.com/lightweight-charts@4.2.0/dist/lightweight-charts.standalone.production.js:6:128672)
    at fp (https://unpkg.com/lightweight-charts@4.2.0/dist/lightweight-charts.standalone.production.js:6:127898)
    at fp (https://unpkg.com/lightweight-charts@4.2.0/dist/lightweight-charts.standalone.production.js:6:140944)
    at pb (https://unpkg.com/lightweight-charts@4.2.0/dist/lightweight-charts.standalone.production.js:6:144421)
    at <anonymous> (https://unpkg.com/lightweight-charts@4.2.0/dist/lightweight-charts.standalone.production.js:6:144919)
[   47159ms] Uncaught Error: Value is null
    at f (https://unpkg.com/lightweight-charts@4.2.0/dist/lightweight-charts.standalone.production.js:6:2212)
    at Candlestick (https://unpkg.com/lightweight-charts@4.2.0/dist/lightweight-charts.standalone.production.js:6:46283)
    at Hs (https://unpkg.com/lightweight-charts@4.2.0/dist/lightweight-charts.standalone.production.js:6:47531)
    at ne (https://unpkg.com/lightweight-charts@4.2.0/dist/lightweight-charts.standalone.production.js:6:30743)
    at <anonymous> (https://unpkg.com/lightweight-charts@4.2.0/dist/lightweight-charts.standalone.production.js:6:27092)
    at qs (https://unpkg.com/lightweight-charts@4.2.0/dist/lightweight-charts.standalone.production.js:6:27079)
    at Fs (https://unpkg.com/lightweight-charts@4.2.0/dist/lightweight-charts.standalone.production.js:6:24555)
    at gt (https://unpkg.com/lightweight-charts@4.2.0/dist/lightweight-charts.standalone.production.js:6:24390)
    at ms (https://unpkg.com/lightweight-charts@4.2.0/dist/lightweight-charts.standalone.production.js:6:107028)
    at gm (https://unpkg.com/lightweight-charts@4.2.0/dist/lightweight-charts.standalone.production.js:6:128830)
    at dm (https://unpkg.com/lightweight-charts@4.2.0/dist/lightweight-charts.standalone.production.js:6:128672)
    at fp (https://unpkg.com/lightweight-charts@4.2.0/dist/lightweight-charts.standalone.production.js:6:127898)
    at fp (https://unpkg.com/lightweight-charts@4.2.0/dist/lightweight-charts.standalone.production.js:6:140944)
    at pb (https://unpkg.com/lightweight-charts@4.2.0/dist/lightweight-charts.standalone.production.js:6:144421)
    at <anonymous> (https://unpkg.com/lightweight-charts@4.2.0/dist/lightweight-charts.standalone.production.js:6:144919)
[   47166ms] Uncaught Error: Value is null
    at f (https://unpkg.com/lightweight-charts@4.2.0/dist/lightweight-charts.standalone.production.js:6:2212)
    at Candlestick (https://unpkg.com/lightweight-charts@4.2.0/dist/lightweight-charts.standalone.production.js:6:46283)
    at Hs (https://unpkg.com/lightweight-charts@4.2.0/dist/lightweight-charts.standalone.production.js:6:47531)
    at ne (https://unpkg.com/lightweight-charts@4.2.0/dist/lightweight-charts.standalone.production.js:6:30743)
    at <anonymous> (https://unpkg.com/lightweight-charts@4.2.0/dist/lightweight-charts.standalone.production.js:6:27092)
    at qs (https://unpkg.com/lightweight-charts@4.2.0/dist/lightweight-charts.standalone.production.js:6:27079)
    at Fs (https://unpkg.com/lightweight-charts@4.2.0/dist/lightweight-charts.standalone.production.js:6:24555)
    at gt (https://unpkg.com/lightweight-charts@4.2.0/dist/lightweight-charts.standalone.production.js:6:24390)
    at ms (https://unpkg.com/lightweight-charts@4.2.0/dist/lightweight-charts.standalone.production.js:6:107028)
    at gm (https://unpkg.com/lightweight-charts@4.2.0/dist/lightweight-charts.standalone.production.js:6:128830)
    at dm (https://unpkg.com/lightweight-charts@4.2.0/dist/lightweight-charts.standalone.production.js:6:128672)
    at fp (https://unpkg.com/lightweight-charts@4.2.0/dist/lightweight-charts.standalone.production.js:6:127898)
    at fp (https://unpkg.com/lightweight-charts@4.2.0/dist/lightweight-charts.standalone.production.js:6:140944)
    at pb (https://unpkg.com/lightweight-charts@4.2.0/dist/lightweight-charts.standalone.production.js:6:144421)
    at <anonymous> (https://unpkg.com/lightweight-charts@4.2.0/dist/lightweight-charts.standalone.production.js:6:144919)
[   47193ms] Uncaught Error: Value is null
    at f (https://unpkg.com/lightweight-charts@4.2.0/dist/lightweight-charts.standalone.production.js:6:2212)
    at Candlestick (https://unpkg.com/lightweight-charts@4.2.0/dist/lightweight-charts.standalone.production.js:6:46283)
    at Hs (https://unpkg.com/lightweight-charts@4.2.0/dist/lightweight-charts.standalone.production.js:6:47531)
    at ne (https://unpkg.com/lightweight-charts@4.2.0/dist/lightweight-charts.standalone.production.js:6:30743)
    at <anonymous> (https://unpkg.com/lightweight-charts@4.2.0/dist/lightweight-charts.standalone.production.js:6:27092)
    at qs (https://unpkg.com/lightweight-charts@4.2.0/dist/lightweight-charts.standalone.production.js:6:27079)
    at Fs (https://unpkg.com/lightweight-charts@4.2.0/dist/lightweight-charts.standalone.production.js:6:24555)
    at gt (https://unpkg.com/lightweight-charts@4.2.0/dist/lightweight-charts.standalone.production.js:6:24390)
    at ms (https://unpkg.com/lightweight-charts@4.2.0/dist/lightweight-charts.standalone.production.js:6:107028)
    at gm (https://unpkg.com/lightweight-charts@4.2.0/dist/lightweight-charts.standalone.production.js:6:128830)
    at dm (https://unpkg.com/lightweight-charts@4.2.0/dist/lightweight-charts.standalone.production.js:6:128672)
    at fp (https://unpkg.com/lightweight-charts@4.2.0/dist/lightweight-charts.standalone.production.js:6:127898)
    at fp (https://unpkg.com/lightweight-charts@4.2.0/dist/lightweight-charts.standalone.production.js:6:140944)
    at pb (https://unpkg.com/lightweight-charts@4.2.0/dist/lightweight-charts.standalone.production.js:6:144421)
    at <anonymous> (https://unpkg.com/lightweight-charts@4.2.0/dist/lightweight-charts.standalone.production.js:6:144919)
[   47198ms] Uncaught Error: Value is null
    at f (https://unpkg.com/lightweight-charts@4.2.0/dist/lightweight-charts.standalone.production.js:6:2212)
    at Candlestick (https://unpkg.com/lightweight-charts@4.2.0/dist/lightweight-charts.standalone.production.js:6:46283)
    at Hs (https://unpkg.com/lightweight-charts@4.2.0/dist/lightweight-charts.standalone.production.js:6:47531)
    at ne (https://unpkg.com/lightweight-charts@4.2.0/dist/lightweight-charts.standalone.production.js:6:30743)
    at <anonymous> (https://unpkg.com/lightweight-charts@4.2.0/dist/lightweight-charts.standalone.production.js:6:27092)
    at qs (https://unpkg.com/lightweight-charts@4.2.0/dist/lightweight-charts.standalone.production.js:6:27079)
    at Fs (https://unpkg.com/lightweight-charts@4.2.0/dist/lightweight-charts.standalone.production.js:6:24555)
    at gt (https://unpkg.com/lightweight-charts@4.2.0/dist/lightweight-charts.standalone.production.js:6:24390)
    at ms (https://unpkg.com/lightweight-charts@4.2.0/dist/lightweight-charts.standalone.production.js:6:107028)
    at gm (https://unpkg.com/lightweight-charts@4.2.0/dist/lightweight-charts.standalone.production.js:6:128830)
    at dm (https://unpkg.com/lightweight-charts@4.2.0/dist/lightweight-charts.standalone.production.js:6:128672)
    at fp (https://unpkg.com/lightweight-charts@4.2.0/dist/lightweight-charts.standalone.production.js:6:127898)
    at fp (https://unpkg.com/lightweight-charts@4.2.0/dist/lightweight-charts.standalone.production.js:6:140944)
    at pb (https://unpkg.com/lightweight-charts@4.2.0/dist/lightweight-charts.standalone.production.js:6:144421)
    at <anonymous> (https://unpkg.com/lightweight-charts@4.2.0/dist/lightweight-charts.standalone.production.js:6:144919)
[   47210ms] Uncaught Error: Value is null
    at f (https://unpkg.com/lightweight-charts@4.2.0/dist/lightweight-charts.standalone.production.js:6:2212)
    at Candlestick (https://unpkg.com/lightweight-charts@4.2.0/dist/lightweight-charts.standalone.production.js:6:46283)
    at Hs (https://unpkg.com/lightweight-charts@4.2.0/dist/lightweight-charts.standalone.production.js:6:47531)
    at ne (https://unpkg.com/lightweight-charts@4.2.0/dist/lightweight-charts.standalone.production.js:6:30743)
    at <anonymous> (https://unpkg.com/lightweight-charts@4.2.0/dist/lightweight-charts.standalone.production.js:6:27092)
    at qs (https://unpkg.com/lightweight-charts@4.2.0/dist/lightweight-charts.standalone.production.js:6:27079)
    at Fs (https://unpkg.com/lightweight-charts@4.2.0/dist/lightweight-charts.standalone.production.js:6:24555)
    at gt (https://unpkg.com/lightweight-charts@4.2.0/dist/lightweight-charts.standalone.production.js:6:24390)
    at ms (https://unpkg.com/lightweight-charts@4.2.0/dist/lightweight-charts.standalone.production.js:6:107028)
    at gm (https://unpkg.com/lightweight-charts@4.2.0/dist/lightweight-charts.standalone.production.js:6:128830)
    at dm (https://unpkg.com/lightweight-charts@4.2.0/dist/lightweight-charts.standalone.production.js:6:128672)
    at fp (https://unpkg.com/lightweight-charts@4.2.0/dist/lightweight-charts.standalone.production.js:6:127898)
    at fp (https://unpkg.com/lightweight-charts@4.2.0/dist/lightweight-charts.standalone.production.js:6:140944)
    at pb (https://unpkg.com/lightweight-charts@4.2.0/dist/lightweight-charts.standalone.production.js:6:144421)
    at <anonymous> (https://unpkg.com/lightweight-charts@4.2.0/dist/lightweight-charts.standalone.production.js:6:144919)
[   47225ms] Uncaught Error: Value is null
    at f (https://unpkg.com/lightweight-charts@4.2.0/dist/lightweight-charts.standalone.production.js:6:2212)
    at Candlestick (https://unpkg.com/lightweight-charts@4.2.0/dist/lightweight-charts.standalone.production.js:6:46283)
    at Hs (https://unpkg.com/lightweight-charts@4.2.0/dist/lightweight-charts.standalone.production.js:6:47531)
    at ne (https://unpkg.com/lightweight-charts@4.2.0/dist/lightweight-charts.standalone.production.js:6:30743)
    at <anonymous> (https://unpkg.com/lightweight-charts@4.2.0/dist/lightweight-charts.standalone.production.js:6:27092)
    at qs (https://unpkg.com/lightweight-charts@4.2.0/dist/lightweight-charts.standalone.production.js:6:27079)
    at Fs (https://unpkg.com/lightweight-charts@4.2.0/dist/lightweight-charts.standalone.production.js:6:24555)
    at gt (https://unpkg.com/lightweight-charts@4.2.0/dist/lightweight-charts.standalone.production.js:6:24390)
    at ms (https://unpkg.com/lightweight-charts@4.2.0/dist/lightweight-charts.standalone.production.js:6:107028)
    at gm (https://unpkg.com/lightweight-charts@4.2.0/dist/lightweight-charts.standalone.production.js:6:128830)
    at dm (https://unpkg.com/lightweight-charts@4.2.0/dist/lightweight-charts.standalone.production.js:6:128672)
    at fp (https://unpkg.com/lightweight-charts@4.2.0/dist/lightweight-charts.standalone.production.js:6:127898)
    at fp (https://unpkg.com/lightweight-charts@4.2.0/dist/lightweight-charts.standalone.production.js:6:140944)
    at pb (https://unpkg.com/lightweight-charts@4.2.0/dist/lightweight-charts.standalone.production.js:6:144421)
    at <anonymous> (https://unpkg.com/lightweight-charts@4.2.0/dist/lightweight-charts.standalone.production.js:6:144919)
[   47257ms] Uncaught Error: Value is null
    at f (https://unpkg.com/lightweight-charts@4.2.0/dist/lightweight-charts.standalone.production.js:6:2212)
    at Candlestick (https://unpkg.com/lightweight-charts@4.2.0/dist/lightweight-charts.standalone.production.js:6:46283)
    at Hs (https://unpkg.com/lightweight-charts@4.2.0/dist/lightweight-charts.standalone.production.js:6:47531)
    at ne (https://unpkg.com/lightweight-charts@4.2.0/dist/lightweight-charts.standalone.production.js:6:30743)
    at <anonymous> (https://unpkg.com/lightweight-charts@4.2.0/dist/lightweight-charts.standalone.production.js:6:27092)
    at qs (https://unpkg.com/lightweight-charts@4.2.0/dist/lightweight-charts.standalone.production.js:6:27079)
    at Fs (https://unpkg.com/lightweight-charts@4.2.0/dist/lightweight-charts.standalone.production.js:6:24555)
    at gt (https://unpkg.com/lightweight-charts@4.2.0/dist/lightweight-charts.standalone.production.js:6:24390)
    at ms (https://unpkg.com/lightweight-charts@4.2.0/dist/lightweight-charts.standalone.production.js:6:107028)
    at gm (https://unpkg.com/lightweight-charts@4.2.0/dist/lightweight-charts.standalone.production.js:6:128830)
    at dm (https://unpkg.com/lightweight-charts@4.2.0/dist/lightweight-charts.standalone.production.js:6:128672)
    at fp (https://unpkg.com/lightweight-charts@4.2.0/dist/lightweight-charts.standalone.production.js:6:127898)
    at fp (https://unpkg.com/lightweight-charts@4.2.0/dist/lightweight-charts.standalone.production.js:6:140944)
    at pb (https://unpkg.com/lightweight-charts@4.2.0/dist/lightweight-charts.standalone.production.js:6:144421)
    at <anonymous> (https://unpkg.com/lightweight-charts@4.2.0/dist/lightweight-charts.standalone.production.js:6:144919)
[   47266ms] Uncaught Error: Value is null
    at f (https://unpkg.com/lightweight-charts@4.2.0/dist/lightweight-charts.standalone.production.js:6:2212)
    at Candlestick (https://unpkg.com/lightweight-charts@4.2.0/dist/lightweight-charts.standalone.production.js:6:46283)
    at Hs (https://unpkg.com/lightweight-charts@4.2.0/dist/lightweight-charts.standalone.production.js:6:47531)
    at ne (https://unpkg.com/lightweight-charts@4.2.0/dist/lightweight-charts.standalone.production.js:6:30743)
    at <anonymous> (https://unpkg.com/lightweight-charts@4.2.0/dist/lightweight-charts.standalone.production.js:6:27092)
    at qs (https://unpkg.com/lightweight-charts@4.2.0/dist/lightweight-charts.standalone.production.js:6:27079)
    at Fs (https://unpkg.com/lightweight-charts@4.2.0/dist/lightweight-charts.standalone.production.js:6:24555)
    at gt (https://unpkg.com/lightweight-charts@4.2.0/dist/lightweight-charts.standalone.production.js:6:24390)
    at ms (https://unpkg.com/lightweight-charts@4.2.0/dist/lightweight-charts.standalone.production.js:6:107028)
    at gm (https://unpkg.com/lightweight-charts@4.2.0/dist/lightweight-charts.standalone.production.js:6:128830)
    at dm (https://unpkg.com/lightweight-charts@4.2.0/dist/lightweight-charts.standalone.production.js:6:128672)
    at fp (https://unpkg.com/lightweight-charts@4.2.0/dist/lightweight-charts.standalone.production.js:6:127898)
    at fp (https://unpkg.com/lightweight-charts@4.2.0/dist/lightweight-charts.standalone.production.js:6:140944)
    at pb (https://unpkg.com/lightweight-charts@4.2.0/dist/lightweight-charts.standalone.production.js:6:144421)
    at <anonymous> (https://unpkg.com/lightweight-charts@4.2.0/dist/lightweight-charts.standalone.production.js:6:144919)
[   47276ms] Uncaught Error: Value is null
    at f (https://unpkg.com/lightweight-charts@4.2.0/dist/lightweight-charts.standalone.production.js:6:2212)
    at Candlestick (https://unpkg.com/lightweight-charts@4.2.0/dist/lightweight-charts.standalone.production.js:6:46283)
    at Hs (https://unpkg.com/lightweight-charts@4.2.0/dist/lightweight-charts.standalone.production.js:6:47531)
    at ne (https://unpkg.com/lightweight-charts@4.2.0/dist/lightweight-charts.standalone.production.js:6:30743)
    at <anonymous> (https://unpkg.com/lightweight-charts@4.2.0/dist/lightweight-charts.standalone.production.js:6:27092)
    at qs (https://unpkg.com/lightweight-charts@4.2.0/dist/lightweight-charts.standalone.production.js:6:27079)
    at Fs (https://unpkg.com/lightweight-charts@4.2.0/dist/lightweight-charts.standalone.production.js:6:24555)
    at gt (https://unpkg.com/lightweight-charts@4.2.0/dist/lightweight-charts.standalone.production.js:6:24390)
    at ms (https://unpkg.com/lightweight-charts@4.2.0/dist/lightweight-charts.standalone.production.js:6:107028)
    at gm (https://unpkg.com/lightweight-charts@4.2.0/dist/lightweight-charts.standalone.production.js:6:128830)
    at dm (https://unpkg.com/lightweight-charts@4.2.0/dist/lightweight-charts.standalone.production.js:6:128672)
    at fp (https://unpkg.com/lightweight-charts@4.2.0/dist/lightweight-charts.standalone.production.js:6:127898)
    at fp (https://unpkg.com/lightweight-charts@4.2.0/dist/lightweight-charts.standalone.production.js:6:140944)
    at pb (https://unpkg.com/lightweight-charts@4.2.0/dist/lightweight-charts.standalone.production.js:6:144421)
    at <anonymous> (https://unpkg.com/lightweight-charts@4.2.0/dist/lightweight-charts.standalone.production.js:6:144919)
[   47294ms] Uncaught Error: Value is null
    at f (https://unpkg.com/lightweight-charts@4.2.0/dist/lightweight-charts.standalone.production.js:6:2212)
    at Candlestick (https://unpkg.com/lightweight-charts@4.2.0/dist/lightweight-charts.standalone.production.js:6:46283)
    at Hs (https://unpkg.com/lightweight-charts@4.2.0/dist/lightweight-charts.standalone.production.js:6:47531)
    at ne (https://unpkg.com/lightweight-charts@4.2.0/dist/lightweight-charts.standalone.production.js:6:30743)
    at <anonymous> (https://unpkg.com/lightweight-charts@4.2.0/dist/lightweight-charts.standalone.production.js:6:27092)
    at qs (https://unpkg.com/lightweight-charts@4.2.0/dist/lightweight-charts.standalone.production.js:6:27079)
    at Fs (https://unpkg.com/lightweight-charts@4.2.0/dist/lightweight-charts.standalone.production.js:6:24555)
    at gt (https://unpkg.com/lightweight-charts@4.2.0/dist/lightweight-charts.standalone.production.js:6:24390)
    at ms (https://unpkg.com/lightweight-charts@4.2.0/dist/lightweight-charts.standalone.production.js:6:107028)
    at gm (https://unpkg.com/lightweight-charts@4.2.0/dist/lightweight-charts.standalone.production.js:6:128830)
    at dm (https://unpkg.com/lightweight-charts@4.2.0/dist/lightweight-charts.standalone.production.js:6:128672)
    at fp (https://unpkg.com/lightweight-charts@4.2.0/dist/lightweight-charts.standalone.production.js:6:127898)
    at fp (https://unpkg.com/lightweight-charts@4.2.0/dist/lightweight-charts.standalone.production.js:6:140944)
    at pb (https://unpkg.com/lightweight-charts@4.2.0/dist/lightweight-charts.standalone.production.js:6:144421)
    at <anonymous> (https://unpkg.com/lightweight-charts@4.2.0/dist/lightweight-charts.standalone.production.js:6:144919)
[   47314ms] Uncaught Error: Value is null
    at f (https://unpkg.com/lightweight-charts@4.2.0/dist/lightweight-charts.standalone.production.js:6:2212)
    at Candlestick (https://unpkg.com/lightweight-charts@4.2.0/dist/lightweight-charts.standalone.production.js:6:46283)
    at Hs (https://unpkg.com/lightweight-charts@4.2.0/dist/lightweight-charts.standalone.production.js:6:47531)
    at ne (https://unpkg.com/lightweight-charts@4.2.0/dist/lightweight-charts.standalone.production.js:6:30743)
    at <anonymous> (https://unpkg.com/lightweight-charts@4.2.0/dist/lightweight-charts.standalone.production.js:6:27092)
    at qs (https://unpkg.com/lightweight-charts@4.2.0/dist/lightweight-charts.standalone.production.js:6:27079)
    at Fs (https://unpkg.com/lightweight-charts@4.2.0/dist/lightweight-charts.standalone.production.js:6:24555)
    at gt (https://unpkg.com/lightweight-charts@4.2.0/dist/lightweight-charts.standalone.production.js:6:24390)
    at ms (https://unpkg.com/lightweight-charts@4.2.0/dist/lightweight-charts.standalone.production.js:6:107028)
    at gm (https://unpkg.com/lightweight-charts@4.2.0/dist/lightweight-charts.standalone.production.js:6:128830)
    at dm (https://unpkg.com/lightweight-charts@4.2.0/dist/lightweight-charts.standalone.production.js:6:128672)
    at fp (https://unpkg.com/lightweight-charts@4.2.0/dist/lightweight-charts.standalone.production.js:6:127898)
    at fp (https://unpkg.com/lightweight-charts@4.2.0/dist/lightweight-charts.standalone.production.js:6:140944)
    at pb (https://unpkg.com/lightweight-charts@4.2.0/dist/lightweight-charts.standalone.production.js:6:144421)
    at <anonymous> (https://unpkg.com/lightweight-charts@4.2.0/dist/lightweight-charts.standalone.production.js:6:144919)
[   47328ms] Uncaught Error: Value is null
    at f (https://unpkg.com/lightweight-charts@4.2.0/dist/lightweight-charts.standalone.production.js:6:2212)
    at Candlestick (https://unpkg.com/lightweight-charts@4.2.0/dist/lightweight-charts.standalone.production.js:6:46283)
    at Hs (https://unpkg.com/lightweight-charts@4.2.0/dist/lightweight-charts.standalone.production.js:6:47531)
    at ne (https://unpkg.com/lightweight-charts@4.2.0/dist/lightweight-charts.standalone.production.js:6:30743)
    at <anonymous> (https://unpkg.com/lightweight-charts@4.2.0/dist/lightweight-charts.standalone.production.js:6:27092)
    at qs (https://unpkg.com/lightweight-charts@4.2.0/dist/lightweight-charts.standalone.production.js:6:27079)
    at Fs (https://unpkg.com/lightweight-charts@4.2.0/dist/lightweight-charts.standalone.production.js:6:24555)
    at gt (https://unpkg.com/lightweight-charts@4.2.0/dist/lightweight-charts.standalone.production.js:6:24390)
    at ms (https://unpkg.com/lightweight-charts@4.2.0/dist/lightweight-charts.standalone.production.js:6:107028)
    at gm (https://unpkg.com/lightweight-charts@4.2.0/dist/lightweight-charts.standalone.production.js:6:128830)
    at dm (https://unpkg.com/lightweight-charts@4.2.0/dist/lightweight-charts.standalone.production.js:6:128672)
    at fp (https://unpkg.com/lightweight-charts@4.2.0/dist/lightweight-charts.standalone.production.js:6:127898)
    at fp (https://unpkg.com/lightweight-charts@4.2.0/dist/lightweight-charts.standalone.production.js:6:140944)
    at pb (https://unpkg.com/lightweight-charts@4.2.0/dist/lightweight-charts.standalone.production.js:6:144421)
    at <anonymous> (https://unpkg.com/lightweight-charts@4.2.0/dist/lightweight-charts.standalone.production.js:6:144919)
[   47343ms] Uncaught Error: Value is null
    at f (https://unpkg.com/lightweight-charts@4.2.0/dist/lightweight-charts.standalone.production.js:6:2212)
    at Candlestick (https://unpkg.com/lightweight-charts@4.2.0/dist/lightweight-charts.standalone.production.js:6:46283)
    at Hs (https://unpkg.com/lightweight-charts@4.2.0/dist/lightweight-charts.standalone.production.js:6:47531)
    at ne (https://unpkg.com/lightweight-charts@4.2.0/dist/lightweight-charts.standalone.production.js:6:30743)
    at <anonymous> (https://unpkg.com/lightweight-charts@4.2.0/dist/lightweight-charts.standalone.production.js:6:27092)
    at qs (https://unpkg.com/lightweight-charts@4.2.0/dist/lightweight-charts.standalone.production.js:6:27079)
    at Fs (https://unpkg.com/lightweight-charts@4.2.0/dist/lightweight-charts.standalone.production.js:6:24555)
    at gt (https://unpkg.com/lightweight-charts@4.2.0/dist/lightweight-charts.standalone.production.js:6:24390)
    at ms (https://unpkg.com/lightweight-charts@4.2.0/dist/lightweight-charts.standalone.production.js:6:107028)
    at gm (https://unpkg.com/lightweight-charts@4.2.0/dist/lightweight-charts.standalone.production.js:6:128830)
    at dm (https://unpkg.com/lightweight-charts@4.2.0/dist/lightweight-charts.standalone.production.js:6:128672)
    at fp (https://unpkg.com/lightweight-charts@4.2.0/dist/lightweight-charts.standalone.production.js:6:127898)
    at fp (https://unpkg.com/lightweight-charts@4.2.0/dist/lightweight-charts.standalone.production.js:6:140944)
    at pb (https://unpkg.com/lightweight-charts@4.2.0/dist/lightweight-charts.standalone.production.js:6:144421)
    at <anonymous> (https://unpkg.com/lightweight-charts@4.2.0/dist/lightweight-charts.standalone.production.js:6:144919)
[   47358ms] Uncaught Error: Value is null
    at f (https://unpkg.com/lightweight-charts@4.2.0/dist/lightweight-charts.standalone.production.js:6:2212)
    at Candlestick (https://unpkg.com/lightweight-charts@4.2.0/dist/lightweight-charts.standalone.production.js:6:46283)
    at Hs (https://unpkg.com/lightweight-charts@4.2.0/dist/lightweight-charts.standalone.production.js:6:47531)
    at ne (https://unpkg.com/lightweight-charts@4.2.0/dist/lightweight-charts.standalone.production.js:6:30743)
    at <anonymous> (https://unpkg.com/lightweight-charts@4.2.0/dist/lightweight-charts.standalone.production.js:6:27092)
    at qs (https://unpkg.com/lightweight-charts@4.2.0/dist/lightweight-charts.standalone.production.js:6:27079)
    at Fs (https://unpkg.com/lightweight-charts@4.2.0/dist/lightweight-charts.standalone.production.js:6:24555)
    at gt (https://unpkg.com/lightweight-charts@4.2.0/dist/lightweight-charts.standalone.production.js:6:24390)
    at ms (https://unpkg.com/lightweight-charts@4.2.0/dist/lightweight-charts.standalone.production.js:6:107028)
    at gm (https://unpkg.com/lightweight-charts@4.2.0/dist/lightweight-charts.standalone.production.js:6:128830)
    at dm (https://unpkg.com/lightweight-charts@4.2.0/dist/lightweight-charts.standalone.production.js:6:128672)
    at fp (https://unpkg.com/lightweight-charts@4.2.0/dist/lightweight-charts.standalone.production.js:6:127898)
    at fp (https://unpkg.com/lightweight-charts@4.2.0/dist/lightweight-charts.standalone.production.js:6:140944)
    at pb (https://unpkg.com/lightweight-charts@4.2.0/dist/lightweight-charts.standalone.production.js:6:144421)
    at <anonymous> (https://unpkg.com/lightweight-charts@4.2.0/dist/lightweight-charts.standalone.production.js:6:144919)
[   47373ms] Uncaught Error: Value is null
    at f (https://unpkg.com/lightweight-charts@4.2.0/dist/lightweight-charts.standalone.production.js:6:2212)
    at Candlestick (https://unpkg.com/lightweight-charts@4.2.0/dist/lightweight-charts.standalone.production.js:6:46283)
    at Hs (https://unpkg.com/lightweight-charts@4.2.0/dist/lightweight-charts.standalone.production.js:6:47531)
    at ne (https://unpkg.com/lightweight-charts@4.2.0/dist/lightweight-charts.standalone.production.js:6:30743)
    at <anonymous> (https://unpkg.com/lightweight-charts@4.2.0/dist/lightweight-charts.standalone.production.js:6:27092)
    at qs (https://unpkg.com/lightweight-charts@4.2.0/dist/lightweight-charts.standalone.production.js:6:27079)
    at Fs (https://unpkg.com/lightweight-charts@4.2.0/dist/lightweight-charts.standalone.production.js:6:24555)
    at gt (https://unpkg.com/lightweight-charts@4.2.0/dist/lightweight-charts.standalone.production.js:6:24390)
    at ms (https://unpkg.com/lightweight-charts@4.2.0/dist/lightweight-charts.standalone.production.js:6:107028)
    at gm (https://unpkg.com/lightweight-charts@4.2.0/dist/lightweight-charts.standalone.production.js:6:128830)
    at dm (https://unpkg.com/lightweight-charts@4.2.0/dist/lightweight-charts.standalone.production.js:6:128672)
    at fp (https://unpkg.com/lightweight-charts@4.2.0/dist/lightweight-charts.standalone.production.js:6:127898)
    at fp (https://unpkg.com/lightweight-charts@4.2.0/dist/lightweight-charts.standalone.production.js:6:140944)
    at pb (https://unpkg.com/lightweight-charts@4.2.0/dist/lightweight-charts.standalone.production.js:6:144421)
    at <anonymous> (https://unpkg.com/lightweight-charts@4.2.0/dist/lightweight-charts.standalone.production.js:6:144919)
[   47399ms] Uncaught Error: Value is null
    at f (https://unpkg.com/lightweight-charts@4.2.0/dist/lightweight-charts.standalone.production.js:6:2212)
    at Candlestick (https://unpkg.com/lightweight-charts@4.2.0/dist/lightweight-charts.standalone.production.js:6:46283)
    at Hs (https://unpkg.com/lightweight-charts@4.2.0/dist/lightweight-charts.standalone.production.js:6:47531)
    at ne (https://unpkg.com/lightweight-charts@4.2.0/dist/lightweight-charts.standalone.production.js:6:30743)
    at <anonymous> (https://unpkg.com/lightweight-charts@4.2.0/dist/lightweight-charts.standalone.production.js:6:27092)
    at qs (https://unpkg.com/lightweight-charts@4.2.0/dist/lightweight-charts.standalone.production.js:6:27079)
    at Fs (https://unpkg.com/lightweight-charts@4.2.0/dist/lightweight-charts.standalone.production.js:6:24555)
    at gt (https://unpkg.com/lightweight-charts@4.2.0/dist/lightweight-charts.standalone.production.js:6:24390)
    at ms (https://unpkg.com/lightweight-charts@4.2.0/dist/lightweight-charts.standalone.production.js:6:107028)
    at gm (https://unpkg.com/lightweight-charts@4.2.0/dist/lightweight-charts.standalone.production.js:6:128830)
    at dm (https://unpkg.com/lightweight-charts@4.2.0/dist/lightweight-charts.standalone.production.js:6:128672)
    at fp (https://unpkg.com/lightweight-charts@4.2.0/dist/lightweight-charts.standalone.production.js:6:127898)
    at fp (https://unpkg.com/lightweight-charts@4.2.0/dist/lightweight-charts.standalone.production.js:6:140944)
    at pb (https://unpkg.com/lightweight-charts@4.2.0/dist/lightweight-charts.standalone.production.js:6:144421)
    at <anonymous> (https://unpkg.com/lightweight-charts@4.2.0/dist/lightweight-charts.standalone.production.js:6:144919)
[   47415ms] Uncaught Error: Value is null
    at f (https://unpkg.com/lightweight-charts@4.2.0/dist/lightweight-charts.standalone.production.js:6:2212)
    at Candlestick (https://unpkg.com/lightweight-charts@4.2.0/dist/lightweight-charts.standalone.production.js:6:46283)
    at Hs (https://unpkg.com/lightweight-charts@4.2.0/dist/lightweight-charts.standalone.production.js:6:47531)
    at ne (https://unpkg.com/lightweight-charts@4.2.0/dist/lightweight-charts.standalone.production.js:6:30743)
    at <anonymous> (https://unpkg.com/lightweight-charts@4.2.0/dist/lightweight-charts.standalone.production.js:6:27092)
    at qs (https://unpkg.com/lightweight-charts@4.2.0/dist/lightweight-charts.standalone.production.js:6:27079)
    at Fs (https://unpkg.com/lightweight-charts@4.2.0/dist/lightweight-charts.standalone.production.js:6:24555)
    at gt (https://unpkg.com/lightweight-charts@4.2.0/dist/lightweight-charts.standalone.production.js:6:24390)
    at ms (https://unpkg.com/lightweight-charts@4.2.0/dist/lightweight-charts.standalone.production.js:6:107028)
    at gm (https://unpkg.com/lightweight-charts@4.2.0/dist/lightweight-charts.standalone.production.js:6:128830)
    at dm (https://unpkg.com/lightweight-charts@4.2.0/dist/lightweight-charts.standalone.production.js:6:128672)
    at fp (https://unpkg.com/lightweight-charts@4.2.0/dist/lightweight-charts.standalone.production.js:6:127898)
    at fp (https://unpkg.com/lightweight-charts@4.2.0/dist/lightweight-charts.standalone.production.js:6:140944)
    at pb (https://unpkg.com/lightweight-charts@4.2.0/dist/lightweight-charts.standalone.production.js:6:144421)
    at <anonymous> (https://unpkg.com/lightweight-charts@4.2.0/dist/lightweight-charts.standalone.production.js:6:144919)
[   47430ms] Uncaught Error: Value is null
    at f (https://unpkg.com/lightweight-charts@4.2.0/dist/lightweight-charts.standalone.production.js:6:2212)
    at Candlestick (https://unpkg.com/lightweight-charts@4.2.0/dist/lightweight-charts.standalone.production.js:6:46283)
    at Hs (https://unpkg.com/lightweight-charts@4.2.0/dist/lightweight-charts.standalone.production.js:6:47531)
    at ne (https://unpkg.com/lightweight-charts@4.2.0/dist/lightweight-charts.standalone.production.js:6:30743)
    at <anonymous> (https://unpkg.com/lightweight-charts@4.2.0/dist/lightweight-charts.standalone.production.js:6:27092)
    at qs (https://unpkg.com/lightweight-charts@4.2.0/dist/lightweight-charts.standalone.production.js:6:27079)
    at Fs (https://unpkg.com/lightweight-charts@4.2.0/dist/lightweight-charts.standalone.production.js:6:24555)
    at gt (https://unpkg.com/lightweight-charts@4.2.0/dist/lightweight-charts.standalone.production.js:6:24390)
    at ms (https://unpkg.com/lightweight-charts@4.2.0/dist/lightweight-charts.standalone.production.js:6:107028)
    at gm (https://unpkg.com/lightweight-charts@4.2.0/dist/lightweight-charts.standalone.production.js:6:128830)
    at dm (https://unpkg.com/lightweight-charts@4.2.0/dist/lightweight-charts.standalone.production.js:6:128672)
    at fp (https://unpkg.com/lightweight-charts@4.2.0/dist/lightweight-charts.standalone.production.js:6:127898)
    at fp (https://unpkg.com/lightweight-charts@4.2.0/dist/lightweight-charts.standalone.production.js:6:140944)
    at pb (https://unpkg.com/lightweight-charts@4.2.0/dist/lightweight-charts.standalone.production.js:6:144421)
    at <anonymous> (https://unpkg.com/lightweight-charts@4.2.0/dist/lightweight-charts.standalone.production.js:6:144919)
[   47479ms] Uncaught Error: Value is null
    at f (https://unpkg.com/lightweight-charts@4.2.0/dist/lightweight-charts.standalone.production.js:6:2212)
    at Candlestick (https://unpkg.com/lightweight-charts@4.2.0/dist/lightweight-charts.standalone.production.js:6:46283)
    at Hs (https://unpkg.com/lightweight-charts@4.2.0/dist/lightweight-charts.standalone.production.js:6:47531)
    at ne (https://unpkg.com/lightweight-charts@4.2.0/dist/lightweight-charts.standalone.production.js:6:30743)
    at <anonymous> (https://unpkg.com/lightweight-charts@4.2.0/dist/lightweight-charts.standalone.production.js:6:27092)
    at qs (https://unpkg.com/lightweight-charts@4.2.0/dist/lightweight-charts.standalone.production.js:6:27079)
    at Fs (https://unpkg.com/lightweight-charts@4.2.0/dist/lightweight-charts.standalone.production.js:6:24555)
    at gt (https://unpkg.com/lightweight-charts@4.2.0/dist/lightweight-charts.standalone.production.js:6:24390)
    at ms (https://unpkg.com/lightweight-charts@4.2.0/dist/lightweight-charts.standalone.production.js:6:107028)
    at gm (https://unpkg.com/lightweight-charts@4.2.0/dist/lightweight-charts.standalone.production.js:6:128830)
    at dm (https://unpkg.com/lightweight-charts@4.2.0/dist/lightweight-charts.standalone.production.js:6:128672)
    at fp (https://unpkg.com/lightweight-charts@4.2.0/dist/lightweight-charts.standalone.production.js:6:127898)
    at fp (https://unpkg.com/lightweight-charts@4.2.0/dist/lightweight-charts.standalone.production.js:6:140944)
    at pb (https://unpkg.com/lightweight-charts@4.2.0/dist/lightweight-charts.standalone.production.js:6:144421)
    at <anonymous> (https://unpkg.com/lightweight-charts@4.2.0/dist/lightweight-charts.standalone.production.js:6:144919)
[   47479ms] Uncaught Error: Value is null
    at f (https://unpkg.com/lightweight-charts@4.2.0/dist/lightweight-charts.standalone.production.js:6:2212)
    at Candlestick (https://unpkg.com/lightweight-charts@4.2.0/dist/lightweight-charts.standalone.production.js:6:46283)
    at Hs (https://unpkg.com/lightweight-charts@4.2.0/dist/lightweight-charts.standalone.production.js:6:47531)
    at ne (https://unpkg.com/lightweight-charts@4.2.0/dist/lightweight-charts.standalone.production.js:6:30743)
    at <anonymous> (https://unpkg.com/lightweight-charts@4.2.0/dist/lightweight-charts.standalone.production.js:6:27092)
    at qs (https://unpkg.com/lightweight-charts@4.2.0/dist/lightweight-charts.standalone.production.js:6:27079)
    at Fs (https://unpkg.com/lightweight-charts@4.2.0/dist/lightweight-charts.standalone.production.js:6:24555)
    at gt (https://unpkg.com/lightweight-charts@4.2.0/dist/lightweight-charts.standalone.production.js:6:24390)
    at ms (https://unpkg.com/lightweight-charts@4.2.0/dist/lightweight-charts.standalone.production.js:6:107028)
    at gm (https://unpkg.com/lightweight-charts@4.2.0/dist/lightweight-charts.standalone.production.js:6:128830)
    at dm (https://unpkg.com/lightweight-charts@4.2.0/dist/lightweight-charts.standalone.production.js:6:128672)
    at fp (https://unpkg.com/lightweight-charts@4.2.0/dist/lightweight-charts.standalone.production.js:6:127898)
    at fp (https://unpkg.com/lightweight-charts@4.2.0/dist/lightweight-charts.standalone.production.js:6:140944)
    at pb (https://unpkg.com/lightweight-charts@4.2.0/dist/lightweight-charts.standalone.production.js:6:144421)
    at <anonymous> (https://unpkg.com/lightweight-charts@4.2.0/dist/lightweight-charts.standalone.production.js:6:144919)
[   47479ms] Uncaught Error: Value is null
    at f (https://unpkg.com/lightweight-charts@4.2.0/dist/lightweight-charts.standalone.production.js:6:2212)
    at Candlestick (https://unpkg.com/lightweight-charts@4.2.0/dist/lightweight-charts.standalone.production.js:6:46283)
    at Hs (https://unpkg.com/lightweight-charts@4.2.0/dist/lightweight-charts.standalone.production.js:6:47531)
    at ne (https://unpkg.com/lightweight-charts@4.2.0/dist/lightweight-charts.standalone.production.js:6:30743)
    at <anonymous> (https://unpkg.com/lightweight-charts@4.2.0/dist/lightweight-charts.standalone.production.js:6:27092)
    at qs (https://unpkg.com/lightweight-charts@4.2.0/dist/lightweight-charts.standalone.production.js:6:27079)
    at Fs (https://unpkg.com/lightweight-charts@4.2.0/dist/lightweight-charts.standalone.production.js:6:24555)
    at gt (https://unpkg.com/lightweight-charts@4.2.0/dist/lightweight-charts.standalone.production.js:6:24390)
    at ms (https://unpkg.com/lightweight-charts@4.2.0/dist/lightweight-charts.standalone.production.js:6:107028)
    at gm (https://unpkg.com/lightweight-charts@4.2.0/dist/lightweight-charts.standalone.production.js:6:128830)
    at dm (https://unpkg.com/lightweight-charts@4.2.0/dist/lightweight-charts.standalone.production.js:6:128672)
    at fp (https://unpkg.com/lightweight-charts@4.2.0/dist/lightweight-charts.standalone.production.js:6:127898)
    at fp (https://unpkg.com/lightweight-charts@4.2.0/dist/lightweight-charts.standalone.production.js:6:140944)
    at pb (https://unpkg.com/lightweight-charts@4.2.0/dist/lightweight-charts.standalone.production.js:6:144421)
    at <anonymous> (https://unpkg.com/lightweight-charts@4.2.0/dist/lightweight-charts.standalone.production.js:6:144919)
[   47492ms] Uncaught Error: Value is null
    at f (https://unpkg.com/lightweight-charts@4.2.0/dist/lightweight-charts.standalone.production.js:6:2212)
    at Candlestick (https://unpkg.com/lightweight-charts@4.2.0/dist/lightweight-charts.standalone.production.js:6:46283)
    at Hs (https://unpkg.com/lightweight-charts@4.2.0/dist/lightweight-charts.standalone.production.js:6:47531)
    at ne (https://unpkg.com/lightweight-charts@4.2.0/dist/lightweight-charts.standalone.production.js:6:30743)
    at <anonymous> (https://unpkg.com/lightweight-charts@4.2.0/dist/lightweight-charts.standalone.production.js:6:27092)
    at qs (https://unpkg.com/lightweight-charts@4.2.0/dist/lightweight-charts.standalone.production.js:6:27079)
    at Fs (https://unpkg.com/lightweight-charts@4.2.0/dist/lightweight-charts.standalone.production.js:6:24555)
    at gt (https://unpkg.com/lightweight-charts@4.2.0/dist/lightweight-charts.standalone.production.js:6:24390)
    at ms (https://unpkg.com/lightweight-charts@4.2.0/dist/lightweight-charts.standalone.production.js:6:107028)
    at gm (https://unpkg.com/lightweight-charts@4.2.0/dist/lightweight-charts.standalone.production.js:6:128830)
    at dm (https://unpkg.com/lightweight-charts@4.2.0/dist/lightweight-charts.standalone.production.js:6:128672)
    at fp (https://unpkg.com/lightweight-charts@4.2.0/dist/lightweight-charts.standalone.production.js:6:127898)
    at fp (https://unpkg.com/lightweight-charts@4.2.0/dist/lightweight-charts.standalone.production.js:6:140944)
    at pb (https://unpkg.com/lightweight-charts@4.2.0/dist/lightweight-charts.standalone.production.js:6:144421)
    at <anonymous> (https://unpkg.com/lightweight-charts@4.2.0/dist/lightweight-charts.standalone.production.js:6:144919)
[   47507ms] Uncaught Error: Value is null
    at f (https://unpkg.com/lightweight-charts@4.2.0/dist/lightweight-charts.standalone.production.js:6:2212)
    at Candlestick (https://unpkg.com/lightweight-charts@4.2.0/dist/lightweight-charts.standalone.production.js:6:46283)
    at Hs (https://unpkg.com/lightweight-charts@4.2.0/dist/lightweight-charts.standalone.production.js:6:47531)
    at ne (https://unpkg.com/lightweight-charts@4.2.0/dist/lightweight-charts.standalone.production.js:6:30743)
    at <anonymous> (https://unpkg.com/lightweight-charts@4.2.0/dist/lightweight-charts.standalone.production.js:6:27092)
    at qs (https://unpkg.com/lightweight-charts@4.2.0/dist/lightweight-charts.standalone.production.js:6:27079)
    at Fs (https://unpkg.com/lightweight-charts@4.2.0/dist/lightweight-charts.standalone.production.js:6:24555)
    at gt (https://unpkg.com/lightweight-charts@4.2.0/dist/lightweight-charts.standalone.production.js:6:24390)
    at ms (https://unpkg.com/lightweight-charts@4.2.0/dist/lightweight-charts.standalone.production.js:6:107028)
    at gm (https://unpkg.com/lightweight-charts@4.2.0/dist/lightweight-charts.standalone.production.js:6:128830)
    at dm (https://unpkg.com/lightweight-charts@4.2.0/dist/lightweight-charts.standalone.production.js:6:128672)
    at fp (https://unpkg.com/lightweight-charts@4.2.0/dist/lightweight-charts.standalone.production.js:6:127898)
    at fp (https://unpkg.com/lightweight-charts@4.2.0/dist/lightweight-charts.standalone.production.js:6:140944)
    at pb (https://unpkg.com/lightweight-charts@4.2.0/dist/lightweight-charts.standalone.production.js:6:144421)
    at <anonymous> (https://unpkg.com/lightweight-charts@4.2.0/dist/lightweight-charts.standalone.production.js:6:144919)
[   47527ms] Uncaught Error: Value is null
    at f (https://unpkg.com/lightweight-charts@4.2.0/dist/lightweight-charts.standalone.production.js:6:2212)
    at Candlestick (https://unpkg.com/lightweight-charts@4.2.0/dist/lightweight-charts.standalone.production.js:6:46283)
    at Hs (https://unpkg.com/lightweight-charts@4.2.0/dist/lightweight-charts.standalone.production.js:6:47531)
    at ne (https://unpkg.com/lightweight-charts@4.2.0/dist/lightweight-charts.standalone.production.js:6:30743)
    at <anonymous> (https://unpkg.com/lightweight-charts@4.2.0/dist/lightweight-charts.standalone.production.js:6:27092)
    at qs (https://unpkg.com/lightweight-charts@4.2.0/dist/lightweight-charts.standalone.production.js:6:27079)
    at Fs (https://unpkg.com/lightweight-charts@4.2.0/dist/lightweight-charts.standalone.production.js:6:24555)
    at gt (https://unpkg.com/lightweight-charts@4.2.0/dist/lightweight-charts.standalone.production.js:6:24390)
    at ms (https://unpkg.com/lightweight-charts@4.2.0/dist/lightweight-charts.standalone.production.js:6:107028)
    at gm (https://unpkg.com/lightweight-charts@4.2.0/dist/lightweight-charts.standalone.production.js:6:128830)
    at dm (https://unpkg.com/lightweight-charts@4.2.0/dist/lightweight-charts.standalone.production.js:6:128672)
    at fp (https://unpkg.com/lightweight-charts@4.2.0/dist/lightweight-charts.standalone.production.js:6:127898)
    at fp (https://unpkg.com/lightweight-charts@4.2.0/dist/lightweight-charts.standalone.production.js:6:140944)
    at pb (https://unpkg.com/lightweight-charts@4.2.0/dist/lightweight-charts.standalone.production.js:6:144421)
    at <anonymous> (https://unpkg.com/lightweight-charts@4.2.0/dist/lightweight-charts.standalone.production.js:6:144919)
[   47540ms] Uncaught Error: Value is null
    at f (https://unpkg.com/lightweight-charts@4.2.0/dist/lightweight-charts.standalone.production.js:6:2212)
    at Candlestick (https://unpkg.com/lightweight-charts@4.2.0/dist/lightweight-charts.standalone.production.js:6:46283)
    at Hs (https://unpkg.com/lightweight-charts@4.2.0/dist/lightweight-charts.standalone.production.js:6:47531)
    at ne (https://unpkg.com/lightweight-charts@4.2.0/dist/lightweight-charts.standalone.production.js:6:30743)
    at <anonymous> (https://unpkg.com/lightweight-charts@4.2.0/dist/lightweight-charts.standalone.production.js:6:27092)
    at qs (https://unpkg.com/lightweight-charts@4.2.0/dist/lightweight-charts.standalone.production.js:6:27079)
    at Fs (https://unpkg.com/lightweight-charts@4.2.0/dist/lightweight-charts.standalone.production.js:6:24555)
    at gt (https://unpkg.com/lightweight-charts@4.2.0/dist/lightweight-charts.standalone.production.js:6:24390)
    at ms (https://unpkg.com/lightweight-charts@4.2.0/dist/lightweight-charts.standalone.production.js:6:107028)
    at gm (https://unpkg.com/lightweight-charts@4.2.0/dist/lightweight-charts.standalone.production.js:6:128830)
    at dm (https://unpkg.com/lightweight-charts@4.2.0/dist/lightweight-charts.standalone.production.js:6:128672)
    at fp (https://unpkg.com/lightweight-charts@4.2.0/dist/lightweight-charts.standalone.production.js:6:127898)
    at fp (https://unpkg.com/lightweight-charts@4.2.0/dist/lightweight-charts.standalone.production.js:6:140944)
    at pb (https://unpkg.com/lightweight-charts@4.2.0/dist/lightweight-charts.standalone.production.js:6:144421)
    at <anonymous> (https://unpkg.com/lightweight-charts@4.2.0/dist/lightweight-charts.standalone.production.js:6:144919)
[   47574ms] Uncaught Error: Value is null
    at f (https://unpkg.com/lightweight-charts@4.2.0/dist/lightweight-charts.standalone.production.js:6:2212)
    at Candlestick (https://unpkg.com/lightweight-charts@4.2.0/dist/lightweight-charts.standalone.production.js:6:46283)
    at Hs (https://unpkg.com/lightweight-charts@4.2.0/dist/lightweight-charts.standalone.production.js:6:47531)
    at ne (https://unpkg.com/lightweight-charts@4.2.0/dist/lightweight-charts.standalone.production.js:6:30743)
    at <anonymous> (https://unpkg.com/lightweight-charts@4.2.0/dist/lightweight-charts.standalone.production.js:6:27092)
    at qs (https://unpkg.com/lightweight-charts@4.2.0/dist/lightweight-charts.standalone.production.js:6:27079)
    at Fs (https://unpkg.com/lightweight-charts@4.2.0/dist/lightweight-charts.standalone.production.js:6:24555)
    at gt (https://unpkg.com/lightweight-charts@4.2.0/dist/lightweight-charts.standalone.production.js:6:24390)
    at ms (https://unpkg.com/lightweight-charts@4.2.0/dist/lightweight-charts.standalone.production.js:6:107028)
    at gm (https://unpkg.com/lightweight-charts@4.2.0/dist/lightweight-charts.standalone.production.js:6:128830)
    at dm (https://unpkg.com/lightweight-charts@4.2.0/dist/lightweight-charts.standalone.production.js:6:128672)
    at fp (https://unpkg.com/lightweight-charts@4.2.0/dist/lightweight-charts.standalone.production.js:6:127898)
    at fp (https://unpkg.com/lightweight-charts@4.2.0/dist/lightweight-charts.standalone.production.js:6:140944)
    at pb (https://unpkg.com/lightweight-charts@4.2.0/dist/lightweight-charts.standalone.production.js:6:144421)
    at <anonymous> (https://unpkg.com/lightweight-charts@4.2.0/dist/lightweight-charts.standalone.production.js:6:144919)
[   47594ms] Uncaught Error: Value is null
    at f (https://unpkg.com/lightweight-charts@4.2.0/dist/lightweight-charts.standalone.production.js:6:2212)
    at Candlestick (https://unpkg.com/lightweight-charts@4.2.0/dist/lightweight-charts.standalone.production.js:6:46283)
    at Hs (https://unpkg.com/lightweight-charts@4.2.0/dist/lightweight-charts.standalone.production.js:6:47531)
    at ne (https://unpkg.com/lightweight-charts@4.2.0/dist/lightweight-charts.standalone.production.js:6:30743)
    at <anonymous> (https://unpkg.com/lightweight-charts@4.2.0/dist/lightweight-charts.standalone.production.js:6:27092)
    at qs (https://unpkg.com/lightweight-charts@4.2.0/dist/lightweight-charts.standalone.production.js:6:27079)
    at Fs (https://unpkg.com/lightweight-charts@4.2.0/dist/lightweight-charts.standalone.production.js:6:24555)
    at gt (https://unpkg.com/lightweight-charts@4.2.0/dist/lightweight-charts.standalone.production.js:6:24390)
    at ms (https://unpkg.com/lightweight-charts@4.2.0/dist/lightweight-charts.standalone.production.js:6:107028)
    at gm (https://unpkg.com/lightweight-charts@4.2.0/dist/lightweight-charts.standalone.production.js:6:128830)
    at dm (https://unpkg.com/lightweight-charts@4.2.0/dist/lightweight-charts.standalone.production.js:6:128672)
    at fp (https://unpkg.com/lightweight-charts@4.2.0/dist/lightweight-charts.standalone.production.js:6:127898)
    at fp (https://unpkg.com/lightweight-charts@4.2.0/dist/lightweight-charts.standalone.production.js:6:140944)
    at pb (https://unpkg.com/lightweight-charts@4.2.0/dist/lightweight-charts.standalone.production.js:6:144421)
    at <anonymous> (https://unpkg.com/lightweight-charts@4.2.0/dist/lightweight-charts.standalone.production.js:6:144919)
[   47627ms] Uncaught Error: Value is null
    at f (https://unpkg.com/lightweight-charts@4.2.0/dist/lightweight-charts.standalone.production.js:6:2212)
    at Candlestick (https://unpkg.com/lightweight-charts@4.2.0/dist/lightweight-charts.standalone.production.js:6:46283)
    at Hs (https://unpkg.com/lightweight-charts@4.2.0/dist/lightweight-charts.standalone.production.js:6:47531)
    at ne (https://unpkg.com/lightweight-charts@4.2.0/dist/lightweight-charts.standalone.production.js:6:30743)
    at <anonymous> (https://unpkg.com/lightweight-charts@4.2.0/dist/lightweight-charts.standalone.production.js:6:27092)
    at qs (https://unpkg.com/lightweight-charts@4.2.0/dist/lightweight-charts.standalone.production.js:6:27079)
    at Fs (https://unpkg.com/lightweight-charts@4.2.0/dist/lightweight-charts.standalone.production.js:6:24555)
    at gt (https://unpkg.com/lightweight-charts@4.2.0/dist/lightweight-charts.standalone.production.js:6:24390)
    at ms (https://unpkg.com/lightweight-charts@4.2.0/dist/lightweight-charts.standalone.production.js:6:107028)
    at gm (https://unpkg.com/lightweight-charts@4.2.0/dist/lightweight-charts.standalone.production.js:6:128830)
    at dm (https://unpkg.com/lightweight-charts@4.2.0/dist/lightweight-charts.standalone.production.js:6:128672)
    at fp (https://unpkg.com/lightweight-charts@4.2.0/dist/lightweight-charts.standalone.production.js:6:127898)
    at fp (https://unpkg.com/lightweight-charts@4.2.0/dist/lightweight-charts.standalone.production.js:6:140944)
    at pb (https://unpkg.com/lightweight-charts@4.2.0/dist/lightweight-charts.standalone.production.js:6:144421)
    at <anonymous> (https://unpkg.com/lightweight-charts@4.2.0/dist/lightweight-charts.standalone.production.js:6:144919)
[   47670ms] Uncaught Error: Value is null
    at f (https://unpkg.com/lightweight-charts@4.2.0/dist/lightweight-charts.standalone.production.js:6:2212)
    at Candlestick (https://unpkg.com/lightweight-charts@4.2.0/dist/lightweight-charts.standalone.production.js:6:46283)
    at Hs (https://unpkg.com/lightweight-charts@4.2.0/dist/lightweight-charts.standalone.production.js:6:47531)
    at ne (https://unpkg.com/lightweight-charts@4.2.0/dist/lightweight-charts.standalone.production.js:6:30743)
    at <anonymous> (https://unpkg.com/lightweight-charts@4.2.0/dist/lightweight-charts.standalone.production.js:6:27092)
    at qs (https://unpkg.com/lightweight-charts@4.2.0/dist/lightweight-charts.standalone.production.js:6:27079)
    at Fs (https://unpkg.com/lightweight-charts@4.2.0/dist/lightweight-charts.standalone.production.js:6:24555)
    at gt (https://unpkg.com/lightweight-charts@4.2.0/dist/lightweight-charts.standalone.production.js:6:24390)
    at ms (https://unpkg.com/lightweight-charts@4.2.0/dist/lightweight-charts.standalone.production.js:6:107028)
    at gm (https://unpkg.com/lightweight-charts@4.2.0/dist/lightweight-charts.standalone.production.js:6:128830)
    at dm (https://unpkg.com/lightweight-charts@4.2.0/dist/lightweight-charts.standalone.production.js:6:128672)
    at fp (https://unpkg.com/lightweight-charts@4.2.0/dist/lightweight-charts.standalone.production.js:6:127898)
    at fp (https://unpkg.com/lightweight-charts@4.2.0/dist/lightweight-charts.standalone.production.js:6:140944)
    at pb (https://unpkg.com/lightweight-charts@4.2.0/dist/lightweight-charts.standalone.production.js:6:144421)
    at <anonymous> (https://unpkg.com/lightweight-charts@4.2.0/dist/lightweight-charts.standalone.production.js:6:144919)
[   47670ms] Uncaught Error: Value is null
    at f (https://unpkg.com/lightweight-charts@4.2.0/dist/lightweight-charts.standalone.production.js:6:2212)
    at Candlestick (https://unpkg.com/lightweight-charts@4.2.0/dist/lightweight-charts.standalone.production.js:6:46283)
    at Hs (https://unpkg.com/lightweight-charts@4.2.0/dist/lightweight-charts.standalone.production.js:6:47531)
    at ne (https://unpkg.com/lightweight-charts@4.2.0/dist/lightweight-charts.standalone.production.js:6:30743)
    at <anonymous> (https://unpkg.com/lightweight-charts@4.2.0/dist/lightweight-charts.standalone.production.js:6:27092)
    at qs (https://unpkg.com/lightweight-charts@4.2.0/dist/lightweight-charts.standalone.production.js:6:27079)
    at Fs (https://unpkg.com/lightweight-charts@4.2.0/dist/lightweight-charts.standalone.production.js:6:24555)
    at gt (https://unpkg.com/lightweight-charts@4.2.0/dist/lightweight-charts.standalone.production.js:6:24390)
    at ms (https://unpkg.com/lightweight-charts@4.2.0/dist/lightweight-charts.standalone.production.js:6:107028)
    at gm (https://unpkg.com/lightweight-charts@4.2.0/dist/lightweight-charts.standalone.production.js:6:128830)
    at dm (https://unpkg.com/lightweight-charts@4.2.0/dist/lightweight-charts.standalone.production.js:6:128672)
    at fp (https://unpkg.com/lightweight-charts@4.2.0/dist/lightweight-charts.standalone.production.js:6:127898)
    at fp (https://unpkg.com/lightweight-charts@4.2.0/dist/lightweight-charts.standalone.production.js:6:140944)
    at pb (https://unpkg.com/lightweight-charts@4.2.0/dist/lightweight-charts.standalone.production.js:6:144421)
    at <anonymous> (https://unpkg.com/lightweight-charts@4.2.0/dist/lightweight-charts.standalone.production.js:6:144919)
[   48079ms] Uncaught Error: Value is null
    at f (https://unpkg.com/lightweight-charts@4.2.0/dist/lightweight-charts.standalone.production.js:6:2212)
    at Candlestick (https://unpkg.com/lightweight-charts@4.2.0/dist/lightweight-charts.standalone.production.js:6:46283)
    at Hs (https://unpkg.com/lightweight-charts@4.2.0/dist/lightweight-charts.standalone.production.js:6:47531)
    at ne (https://unpkg.com/lightweight-charts@4.2.0/dist/lightweight-charts.standalone.production.js:6:30743)
    at <anonymous> (https://unpkg.com/lightweight-charts@4.2.0/dist/lightweight-charts.standalone.production.js:6:27092)
    at qs (https://unpkg.com/lightweight-charts@4.2.0/dist/lightweight-charts.standalone.production.js:6:27079)
    at Fs (https://unpkg.com/lightweight-charts@4.2.0/dist/lightweight-charts.standalone.production.js:6:24555)
    at gt (https://unpkg.com/lightweight-charts@4.2.0/dist/lightweight-charts.standalone.production.js:6:24390)
    at Cs (https://unpkg.com/lightweight-charts@4.2.0/dist/lightweight-charts.standalone.production.js:6:114569)
    at <anonymous> (https://unpkg.com/lightweight-charts@4.2.0/dist/lightweight-charts.standalone.production.js:6:126899)
    at br (https://unpkg.com/lightweight-charts@4.2.0/dist/lightweight-charts.standalone.production.js:6:127066)
    at Qf (https://unpkg.com/lightweight-charts@4.2.0/dist/lightweight-charts.standalone.production.js:6:125276)
    at $f (https://unpkg.com/lightweight-charts@4.2.0/dist/lightweight-charts.standalone.production.js:6:113659)
    at Gf (https://unpkg.com/lightweight-charts@4.2.0/dist/lightweight-charts.standalone.production.js:6:108846)
[   48083ms] Uncaught Error: Value is null
    at f (https://unpkg.com/lightweight-charts@4.2.0/dist/lightweight-charts.standalone.production.js:6:2212)
    at Candlestick (https://unpkg.com/lightweight-charts@4.2.0/dist/lightweight-charts.standalone.production.js:6:46283)
    at Hs (https://unpkg.com/lightweight-charts@4.2.0/dist/lightweight-charts.standalone.production.js:6:47531)
    at ne (https://unpkg.com/lightweight-charts@4.2.0/dist/lightweight-charts.standalone.production.js:6:30743)
    at <anonymous> (https://unpkg.com/lightweight-charts@4.2.0/dist/lightweight-charts.standalone.production.js:6:27092)
    at qs (https://unpkg.com/lightweight-charts@4.2.0/dist/lightweight-charts.standalone.production.js:6:27079)
    at Fs (https://unpkg.com/lightweight-charts@4.2.0/dist/lightweight-charts.standalone.production.js:6:24555)
    at gt (https://unpkg.com/lightweight-charts@4.2.0/dist/lightweight-charts.standalone.production.js:6:24390)
    at Cs (https://unpkg.com/lightweight-charts@4.2.0/dist/lightweight-charts.standalone.production.js:6:114569)
    at <anonymous> (https://unpkg.com/lightweight-charts@4.2.0/dist/lightweight-charts.standalone.production.js:6:126899)
    at br (https://unpkg.com/lightweight-charts@4.2.0/dist/lightweight-charts.standalone.production.js:6:127066)
    at Qf (https://unpkg.com/lightweight-charts@4.2.0/dist/lightweight-charts.standalone.production.js:6:125276)
    at $f (https://unpkg.com/lightweight-charts@4.2.0/dist/lightweight-charts.standalone.production.js:6:113659)
    at Gf (https://unpkg.com/lightweight-charts@4.2.0/dist/lightweight-charts.standalone.production.js:6:108846)
[   48087ms] Uncaught Error: Value is null
    at f (https://unpkg.com/lightweight-charts@4.2.0/dist/lightweight-charts.standalone.production.js:6:2212)
    at Candlestick (https://unpkg.com/lightweight-charts@4.2.0/dist/lightweight-charts.standalone.production.js:6:46283)
    at Hs (https://unpkg.com/lightweight-charts@4.2.0/dist/lightweight-charts.standalone.production.js:6:47531)
    at ne (https://unpkg.com/lightweight-charts@4.2.0/dist/lightweight-charts.standalone.production.js:6:30743)
    at <anonymous> (https://unpkg.com/lightweight-charts@4.2.0/dist/lightweight-charts.standalone.production.js:6:27092)
    at qs (https://unpkg.com/lightweight-charts@4.2.0/dist/lightweight-charts.standalone.production.js:6:27079)
    at Fs (https://unpkg.com/lightweight-charts@4.2.0/dist/lightweight-charts.standalone.production.js:6:24555)
    at gt (https://unpkg.com/lightweight-charts@4.2.0/dist/lightweight-charts.standalone.production.js:6:24390)
    at ms (https://unpkg.com/lightweight-charts@4.2.0/dist/lightweight-charts.standalone.production.js:6:107028)
    at gm (https://unpkg.com/lightweight-charts@4.2.0/dist/lightweight-charts.standalone.production.js:6:128830)
    at dm (https://unpkg.com/lightweight-charts@4.2.0/dist/lightweight-charts.standalone.production.js:6:128672)
    at fp (https://unpkg.com/lightweight-charts@4.2.0/dist/lightweight-charts.standalone.production.js:6:127898)
    at fp (https://unpkg.com/lightweight-charts@4.2.0/dist/lightweight-charts.standalone.production.js:6:140944)
    at pb (https://unpkg.com/lightweight-charts@4.2.0/dist/lightweight-charts.standalone.production.js:6:144421)
    at <anonymous> (https://unpkg.com/lightweight-charts@4.2.0/dist/lightweight-charts.standalone.production.js:6:144919)
[   48087ms] Uncaught Error: Value is null
    at f (https://unpkg.com/lightweight-charts@4.2.0/dist/lightweight-charts.standalone.production.js:6:2212)
    at Candlestick (https://unpkg.com/lightweight-charts@4.2.0/dist/lightweight-charts.standalone.production.js:6:46283)
    at Hs (https://unpkg.com/lightweight-charts@4.2.0/dist/lightweight-charts.standalone.production.js:6:47531)
    at ne (https://unpkg.com/lightweight-charts@4.2.0/dist/lightweight-charts.standalone.production.js:6:30743)
    at <anonymous> (https://unpkg.com/lightweight-charts@4.2.0/dist/lightweight-charts.standalone.production.js:6:27092)
    at qs (https://unpkg.com/lightweight-charts@4.2.0/dist/lightweight-charts.standalone.production.js:6:27079)
    at Fs (https://unpkg.com/lightweight-charts@4.2.0/dist/lightweight-charts.standalone.production.js:6:24555)
    at gt (https://unpkg.com/lightweight-charts@4.2.0/dist/lightweight-charts.standalone.production.js:6:24390)
    at Cs (https://unpkg.com/lightweight-charts@4.2.0/dist/lightweight-charts.standalone.production.js:6:114569)
    at <anonymous> (https://unpkg.com/lightweight-charts@4.2.0/dist/lightweight-charts.standalone.production.js:6:126899)
    at br (https://unpkg.com/lightweight-charts@4.2.0/dist/lightweight-charts.standalone.production.js:6:127066)
    at Qf (https://unpkg.com/lightweight-charts@4.2.0/dist/lightweight-charts.standalone.production.js:6:125276)
    at $f (https://unpkg.com/lightweight-charts@4.2.0/dist/lightweight-charts.standalone.production.js:6:113659)
    at Gf (https://unpkg.com/lightweight-charts@4.2.0/dist/lightweight-charts.standalone.production.js:6:108846)
[   48088ms] Uncaught Error: Value is null
    at f (https://unpkg.com/lightweight-charts@4.2.0/dist/lightweight-charts.standalone.production.js:6:2212)
    at Candlestick (https://unpkg.com/lightweight-charts@4.2.0/dist/lightweight-charts.standalone.production.js:6:46283)
    at Hs (https://unpkg.com/lightweight-charts@4.2.0/dist/lightweight-charts.standalone.production.js:6:47531)
    at ne (https://unpkg.com/lightweight-charts@4.2.0/dist/lightweight-charts.standalone.production.js:6:30743)
    at <anonymous> (https://unpkg.com/lightweight-charts@4.2.0/dist/lightweight-charts.standalone.production.js:6:27092)
    at qs (https://unpkg.com/lightweight-charts@4.2.0/dist/lightweight-charts.standalone.production.js:6:27079)
    at Fs (https://unpkg.com/lightweight-charts@4.2.0/dist/lightweight-charts.standalone.production.js:6:24555)
    at gt (https://unpkg.com/lightweight-charts@4.2.0/dist/lightweight-charts.standalone.production.js:6:24390)
    at Cs (https://unpkg.com/lightweight-charts@4.2.0/dist/lightweight-charts.standalone.production.js:6:114569)
    at <anonymous> (https://unpkg.com/lightweight-charts@4.2.0/dist/lightweight-charts.standalone.production.js:6:126899)
    at br (https://unpkg.com/lightweight-charts@4.2.0/dist/lightweight-charts.standalone.production.js:6:127066)
    at Qf (https://unpkg.com/lightweight-charts@4.2.0/dist/lightweight-charts.standalone.production.js:6:125276)
    at $f (https://unpkg.com/lightweight-charts@4.2.0/dist/lightweight-charts.standalone.production.js:6:113659)
    at Gf (https://unpkg.com/lightweight-charts@4.2.0/dist/lightweight-charts.standalone.production.js:6:108846)
[   48105ms] Uncaught Error: Value is null
    at f (https://unpkg.com/lightweight-charts@4.2.0/dist/lightweight-charts.standalone.production.js:6:2212)
    at Candlestick (https://unpkg.com/lightweight-charts@4.2.0/dist/lightweight-charts.standalone.production.js:6:46283)
    at Hs (https://unpkg.com/lightweight-charts@4.2.0/dist/lightweight-charts.standalone.production.js:6:47531)
    at ne (https://unpkg.com/lightweight-charts@4.2.0/dist/lightweight-charts.standalone.production.js:6:30743)
    at <anonymous> (https://unpkg.com/lightweight-charts@4.2.0/dist/lightweight-charts.standalone.production.js:6:27092)
    at qs (https://unpkg.com/lightweight-charts@4.2.0/dist/lightweight-charts.standalone.production.js:6:27079)
    at Fs (https://unpkg.com/lightweight-charts@4.2.0/dist/lightweight-charts.standalone.production.js:6:24555)
    at gt (https://unpkg.com/lightweight-charts@4.2.0/dist/lightweight-charts.standalone.production.js:6:24390)
    at Cs (https://unpkg.com/lightweight-charts@4.2.0/dist/lightweight-charts.standalone.production.js:6:114569)
    at <anonymous> (https://unpkg.com/lightweight-charts@4.2.0/dist/lightweight-charts.standalone.production.js:6:126899)
    at br (https://unpkg.com/lightweight-charts@4.2.0/dist/lightweight-charts.standalone.production.js:6:127066)
    at Qf (https://unpkg.com/lightweight-charts@4.2.0/dist/lightweight-charts.standalone.production.js:6:125276)
    at $f (https://unpkg.com/lightweight-charts@4.2.0/dist/lightweight-charts.standalone.production.js:6:113659)
    at Gf (https://unpkg.com/lightweight-charts@4.2.0/dist/lightweight-charts.standalone.production.js:6:108846)
[   48141ms] Uncaught Error: Value is null
    at f (https://unpkg.com/lightweight-charts@4.2.0/dist/lightweight-charts.standalone.production.js:6:2212)
    at Candlestick (https://unpkg.com/lightweight-charts@4.2.0/dist/lightweight-charts.standalone.production.js:6:46283)
    at Hs (https://unpkg.com/lightweight-charts@4.2.0/dist/lightweight-charts.standalone.production.js:6:47531)
    at ne (https://unpkg.com/lightweight-charts@4.2.0/dist/lightweight-charts.standalone.production.js:6:30743)
    at <anonymous> (https://unpkg.com/lightweight-charts@4.2.0/dist/lightweight-charts.standalone.production.js:6:27092)
    at qs (https://unpkg.com/lightweight-charts@4.2.0/dist/lightweight-charts.standalone.production.js:6:27079)
    at Fs (https://unpkg.com/lightweight-charts@4.2.0/dist/lightweight-charts.standalone.production.js:6:24555)
    at gt (https://unpkg.com/lightweight-charts@4.2.0/dist/lightweight-charts.standalone.production.js:6:24390)
    at Cs (https://unpkg.com/lightweight-charts@4.2.0/dist/lightweight-charts.standalone.production.js:6:114569)
    at <anonymous> (https://unpkg.com/lightweight-charts@4.2.0/dist/lightweight-charts.standalone.production.js:6:126899)
    at br (https://unpkg.com/lightweight-charts@4.2.0/dist/lightweight-charts.standalone.production.js:6:127066)
    at Qf (https://unpkg.com/lightweight-charts@4.2.0/dist/lightweight-charts.standalone.production.js:6:125276)
    at $f (https://unpkg.com/lightweight-charts@4.2.0/dist/lightweight-charts.standalone.production.js:6:113659)
    at Gf (https://unpkg.com/lightweight-charts@4.2.0/dist/lightweight-charts.standalone.production.js:6:108846)
[   48151ms] Uncaught Error: Value is null
    at f (https://unpkg.com/lightweight-charts@4.2.0/dist/lightweight-charts.standalone.production.js:6:2212)
    at Candlestick (https://unpkg.com/lightweight-charts@4.2.0/dist/lightweight-charts.standalone.production.js:6:46283)
    at Hs (https://unpkg.com/lightweight-charts@4.2.0/dist/lightweight-charts.standalone.production.js:6:47531)
    at ne (https://unpkg.com/lightweight-charts@4.2.0/dist/lightweight-charts.standalone.production.js:6:30743)
    at <anonymous> (https://unpkg.com/lightweight-charts@4.2.0/dist/lightweight-charts.standalone.production.js:6:27092)
    at qs (https://unpkg.com/lightweight-charts@4.2.0/dist/lightweight-charts.standalone.production.js:6:27079)
    at Fs (https://unpkg.com/lightweight-charts@4.2.0/dist/lightweight-charts.standalone.production.js:6:24555)
    at gt (https://unpkg.com/lightweight-charts@4.2.0/dist/lightweight-charts.standalone.production.js:6:24390)
    at Cs (https://unpkg.com/lightweight-charts@4.2.0/dist/lightweight-charts.standalone.production.js:6:114569)
    at <anonymous> (https://unpkg.com/lightweight-charts@4.2.0/dist/lightweight-charts.standalone.production.js:6:126899)
    at br (https://unpkg.com/lightweight-charts@4.2.0/dist/lightweight-charts.standalone.production.js:6:127066)
    at Qf (https://unpkg.com/lightweight-charts@4.2.0/dist/lightweight-charts.standalone.production.js:6:125276)
    at $f (https://unpkg.com/lightweight-charts@4.2.0/dist/lightweight-charts.standalone.production.js:6:113659)
    at Gf (https://unpkg.com/lightweight-charts@4.2.0/dist/lightweight-charts.standalone.production.js:6:108846)
[   48156ms] Uncaught Error: Value is null
    at f (https://unpkg.com/lightweight-charts@4.2.0/dist/lightweight-charts.standalone.production.js:6:2212)
    at Candlestick (https://unpkg.com/lightweight-charts@4.2.0/dist/lightweight-charts.standalone.production.js:6:46283)
    at Hs (https://unpkg.com/lightweight-charts@4.2.0/dist/lightweight-charts.standalone.production.js:6:47531)
    at ne (https://unpkg.com/lightweight-charts@4.2.0/dist/lightweight-charts.standalone.production.js:6:30743)
    at <anonymous> (https://unpkg.com/lightweight-charts@4.2.0/dist/lightweight-charts.standalone.production.js:6:27092)
    at qs (https://unpkg.com/lightweight-charts@4.2.0/dist/lightweight-charts.standalone.production.js:6:27079)
    at Fs (https://unpkg.com/lightweight-charts@4.2.0/dist/lightweight-charts.standalone.production.js:6:24555)
    at gt (https://unpkg.com/lightweight-charts@4.2.0/dist/lightweight-charts.standalone.production.js:6:24390)
    at Cs (https://unpkg.com/lightweight-charts@4.2.0/dist/lightweight-charts.standalone.production.js:6:114569)
    at <anonymous> (https://unpkg.com/lightweight-charts@4.2.0/dist/lightweight-charts.standalone.production.js:6:126899)
    at br (https://unpkg.com/lightweight-charts@4.2.0/dist/lightweight-charts.standalone.production.js:6:127066)
    at Qf (https://unpkg.com/lightweight-charts@4.2.0/dist/lightweight-charts.standalone.production.js:6:125276)
    at $f (https://unpkg.com/lightweight-charts@4.2.0/dist/lightweight-charts.standalone.production.js:6:113659)
    at Gf (https://unpkg.com/lightweight-charts@4.2.0/dist/lightweight-charts.standalone.production.js:6:108846)
[   48165ms] Uncaught Error: Value is null
    at f (https://unpkg.com/lightweight-charts@4.2.0/dist/lightweight-charts.standalone.production.js:6:2212)
    at Candlestick (https://unpkg.com/lightweight-charts@4.2.0/dist/lightweight-charts.standalone.production.js:6:46283)
    at Hs (https://unpkg.com/lightweight-charts@4.2.0/dist/lightweight-charts.standalone.production.js:6:47531)
    at ne (https://unpkg.com/lightweight-charts@4.2.0/dist/lightweight-charts.standalone.production.js:6:30743)
    at <anonymous> (https://unpkg.com/lightweight-charts@4.2.0/dist/lightweight-charts.standalone.production.js:6:27092)
    at qs (https://unpkg.com/lightweight-charts@4.2.0/dist/lightweight-charts.standalone.production.js:6:27079)
    at Fs (https://unpkg.com/lightweight-charts@4.2.0/dist/lightweight-charts.standalone.production.js:6:24555)
    at gt (https://unpkg.com/lightweight-charts@4.2.0/dist/lightweight-charts.standalone.production.js:6:24390)
    at Cs (https://unpkg.com/lightweight-charts@4.2.0/dist/lightweight-charts.standalone.production.js:6:114569)
    at <anonymous> (https://unpkg.com/lightweight-charts@4.2.0/dist/lightweight-charts.standalone.production.js:6:126899)
    at br (https://unpkg.com/lightweight-charts@4.2.0/dist/lightweight-charts.standalone.production.js:6:127066)
    at Qf (https://unpkg.com/lightweight-charts@4.2.0/dist/lightweight-charts.standalone.production.js:6:125276)
    at $f (https://unpkg.com/lightweight-charts@4.2.0/dist/lightweight-charts.standalone.production.js:6:113659)
    at Gf (https://unpkg.com/lightweight-charts@4.2.0/dist/lightweight-charts.standalone.production.js:6:108846)
[   48186ms] Uncaught Error: Value is null
    at f (https://unpkg.com/lightweight-charts@4.2.0/dist/lightweight-charts.standalone.production.js:6:2212)
    at Candlestick (https://unpkg.com/lightweight-charts@4.2.0/dist/lightweight-charts.standalone.production.js:6:46283)
    at Hs (https://unpkg.com/lightweight-charts@4.2.0/dist/lightweight-charts.standalone.production.js:6:47531)
    at ne (https://unpkg.com/lightweight-charts@4.2.0/dist/lightweight-charts.standalone.production.js:6:30743)
    at <anonymous> (https://unpkg.com/lightweight-charts@4.2.0/dist/lightweight-charts.standalone.production.js:6:27092)
    at qs (https://unpkg.com/lightweight-charts@4.2.0/dist/lightweight-charts.standalone.production.js:6:27079)
    at Fs (https://unpkg.com/lightweight-charts@4.2.0/dist/lightweight-charts.standalone.production.js:6:24555)
    at gt (https://unpkg.com/lightweight-charts@4.2.0/dist/lightweight-charts.standalone.production.js:6:24390)
    at Cs (https://unpkg.com/lightweight-charts@4.2.0/dist/lightweight-charts.standalone.production.js:6:114569)
    at <anonymous> (https://unpkg.com/lightweight-charts@4.2.0/dist/lightweight-charts.standalone.production.js:6:126899)
    at br (https://unpkg.com/lightweight-charts@4.2.0/dist/lightweight-charts.standalone.production.js:6:127066)
    at Qf (https://unpkg.com/lightweight-charts@4.2.0/dist/lightweight-charts.standalone.production.js:6:125276)
    at $f (https://unpkg.com/lightweight-charts@4.2.0/dist/lightweight-charts.standalone.production.js:6:113659)
    at Gf (https://unpkg.com/lightweight-charts@4.2.0/dist/lightweight-charts.standalone.production.js:6:108846)
[   48186ms] Uncaught Error: Value is null
    at f (https://unpkg.com/lightweight-charts@4.2.0/dist/lightweight-charts.standalone.production.js:6:2212)
    at Candlestick (https://unpkg.com/lightweight-charts@4.2.0/dist/lightweight-charts.standalone.production.js:6:46283)
    at Hs (https://unpkg.com/lightweight-charts@4.2.0/dist/lightweight-charts.standalone.production.js:6:47531)
    at ne (https://unpkg.com/lightweight-charts@4.2.0/dist/lightweight-charts.standalone.production.js:6:30743)
    at <anonymous> (https://unpkg.com/lightweight-charts@4.2.0/dist/lightweight-charts.standalone.production.js:6:27092)
    at qs (https://unpkg.com/lightweight-charts@4.2.0/dist/lightweight-charts.standalone.production.js:6:27079)
    at Fs (https://unpkg.com/lightweight-charts@4.2.0/dist/lightweight-charts.standalone.production.js:6:24555)
    at gt (https://unpkg.com/lightweight-charts@4.2.0/dist/lightweight-charts.standalone.production.js:6:24390)
    at Cs (https://unpkg.com/lightweight-charts@4.2.0/dist/lightweight-charts.standalone.production.js:6:114569)
    at <anonymous> (https://unpkg.com/lightweight-charts@4.2.0/dist/lightweight-charts.standalone.production.js:6:126899)
    at br (https://unpkg.com/lightweight-charts@4.2.0/dist/lightweight-charts.standalone.production.js:6:127066)
    at Qf (https://unpkg.com/lightweight-charts@4.2.0/dist/lightweight-charts.standalone.production.js:6:125276)
    at $f (https://unpkg.com/lightweight-charts@4.2.0/dist/lightweight-charts.standalone.production.js:6:113659)
    at Gf (https://unpkg.com/lightweight-charts@4.2.0/dist/lightweight-charts.standalone.production.js:6:108846)
[   48214ms] Uncaught Error: Value is null
    at f (https://unpkg.com/lightweight-charts@4.2.0/dist/lightweight-charts.standalone.production.js:6:2212)
    at Candlestick (https://unpkg.com/lightweight-charts@4.2.0/dist/lightweight-charts.standalone.production.js:6:46283)
    at Hs (https://unpkg.com/lightweight-charts@4.2.0/dist/lightweight-charts.standalone.production.js:6:47531)
    at ne (https://unpkg.com/lightweight-charts@4.2.0/dist/lightweight-charts.standalone.production.js:6:30743)
    at <anonymous> (https://unpkg.com/lightweight-charts@4.2.0/dist/lightweight-charts.standalone.production.js:6:27092)
    at qs (https://unpkg.com/lightweight-charts@4.2.0/dist/lightweight-charts.standalone.production.js:6:27079)
    at Fs (https://unpkg.com/lightweight-charts@4.2.0/dist/lightweight-charts.standalone.production.js:6:24555)
    at gt (https://unpkg.com/lightweight-charts@4.2.0/dist/lightweight-charts.standalone.production.js:6:24390)
    at Cs (https://unpkg.com/lightweight-charts@4.2.0/dist/lightweight-charts.standalone.production.js:6:114569)
    at <anonymous> (https://unpkg.com/lightweight-charts@4.2.0/dist/lightweight-charts.standalone.production.js:6:126899)
    at br (https://unpkg.com/lightweight-charts@4.2.0/dist/lightweight-charts.standalone.production.js:6:127066)
    at Qf (https://unpkg.com/lightweight-charts@4.2.0/dist/lightweight-charts.standalone.production.js:6:125276)
    at $f (https://unpkg.com/lightweight-charts@4.2.0/dist/lightweight-charts.standalone.production.js:6:113659)
    at Gf (https://unpkg.com/lightweight-charts@4.2.0/dist/lightweight-charts.standalone.production.js:6:108846)
[   48223ms] Uncaught Error: Value is null
    at f (https://unpkg.com/lightweight-charts@4.2.0/dist/lightweight-charts.standalone.production.js:6:2212)
    at Candlestick (https://unpkg.com/lightweight-charts@4.2.0/dist/lightweight-charts.standalone.production.js:6:46283)
    at Hs (https://unpkg.com/lightweight-charts@4.2.0/dist/lightweight-charts.standalone.production.js:6:47531)
    at ne (https://unpkg.com/lightweight-charts@4.2.0/dist/lightweight-charts.standalone.production.js:6:30743)
    at <anonymous> (https://unpkg.com/lightweight-charts@4.2.0/dist/lightweight-charts.standalone.production.js:6:27092)
    at qs (https://unpkg.com/lightweight-charts@4.2.0/dist/lightweight-charts.standalone.production.js:6:27079)
    at Fs (https://unpkg.com/lightweight-charts@4.2.0/dist/lightweight-charts.standalone.production.js:6:24555)
    at gt (https://unpkg.com/lightweight-charts@4.2.0/dist/lightweight-charts.standalone.production.js:6:24390)
    at Cs (https://unpkg.com/lightweight-charts@4.2.0/dist/lightweight-charts.standalone.production.js:6:114569)
    at <anonymous> (https://unpkg.com/lightweight-charts@4.2.0/dist/lightweight-charts.standalone.production.js:6:126899)
    at br (https://unpkg.com/lightweight-charts@4.2.0/dist/lightweight-charts.standalone.production.js:6:127066)
    at Qf (https://unpkg.com/lightweight-charts@4.2.0/dist/lightweight-charts.standalone.production.js:6:125276)
    at $f (https://unpkg.com/lightweight-charts@4.2.0/dist/lightweight-charts.standalone.production.js:6:113659)
    at Gf (https://unpkg.com/lightweight-charts@4.2.0/dist/lightweight-charts.standalone.production.js:6:108846)
[   48225ms] Uncaught Error: Value is null
    at f (https://unpkg.com/lightweight-charts@4.2.0/dist/lightweight-charts.standalone.production.js:6:2212)
    at Candlestick (https://unpkg.com/lightweight-charts@4.2.0/dist/lightweight-charts.standalone.production.js:6:46283)
    at Hs (https://unpkg.com/lightweight-charts@4.2.0/dist/lightweight-charts.standalone.production.js:6:47531)
    at ne (https://unpkg.com/lightweight-charts@4.2.0/dist/lightweight-charts.standalone.production.js:6:30743)
    at <anonymous> (https://unpkg.com/lightweight-charts@4.2.0/dist/lightweight-charts.standalone.production.js:6:27092)
    at qs (https://unpkg.com/lightweight-charts@4.2.0/dist/lightweight-charts.standalone.production.js:6:27079)
    at Fs (https://unpkg.com/lightweight-charts@4.2.0/dist/lightweight-charts.standalone.production.js:6:24555)
    at gt (https://unpkg.com/lightweight-charts@4.2.0/dist/lightweight-charts.standalone.production.js:6:24390)
    at Cs (https://unpkg.com/lightweight-charts@4.2.0/dist/lightweight-charts.standalone.production.js:6:114569)
    at <anonymous> (https://unpkg.com/lightweight-charts@4.2.0/dist/lightweight-charts.standalone.production.js:6:126899)
    at br (https://unpkg.com/lightweight-charts@4.2.0/dist/lightweight-charts.standalone.production.js:6:127066)
    at Qf (https://unpkg.com/lightweight-charts@4.2.0/dist/lightweight-charts.standalone.production.js:6:125276)
    at $f (https://unpkg.com/lightweight-charts@4.2.0/dist/lightweight-charts.standalone.production.js:6:113659)
    at Gf (https://unpkg.com/lightweight-charts@4.2.0/dist/lightweight-charts.standalone.production.js:6:108846)
[   48241ms] Uncaught Error: Value is null
    at f (https://unpkg.com/lightweight-charts@4.2.0/dist/lightweight-charts.standalone.production.js:6:2212)
    at Candlestick (https://unpkg.com/lightweight-charts@4.2.0/dist/lightweight-charts.standalone.production.js:6:46283)
    at Hs (https://unpkg.com/lightweight-charts@4.2.0/dist/lightweight-charts.standalone.production.js:6:47531)
    at ne (https://unpkg.com/lightweight-charts@4.2.0/dist/lightweight-charts.standalone.production.js:6:30743)
    at <anonymous> (https://unpkg.com/lightweight-charts@4.2.0/dist/lightweight-charts.standalone.production.js:6:27092)
    at qs (https://unpkg.com/lightweight-charts@4.2.0/dist/lightweight-charts.standalone.production.js:6:27079)
    at Fs (https://unpkg.com/lightweight-charts@4.2.0/dist/lightweight-charts.standalone.production.js:6:24555)
    at gt (https://unpkg.com/lightweight-charts@4.2.0/dist/lightweight-charts.standalone.production.js:6:24390)
    at Cs (https://unpkg.com/lightweight-charts@4.2.0/dist/lightweight-charts.standalone.production.js:6:114569)
    at <anonymous> (https://unpkg.com/lightweight-charts@4.2.0/dist/lightweight-charts.standalone.production.js:6:126899)
    at br (https://unpkg.com/lightweight-charts@4.2.0/dist/lightweight-charts.standalone.production.js:6:127066)
    at Qf (https://unpkg.com/lightweight-charts@4.2.0/dist/lightweight-charts.standalone.production.js:6:125276)
    at $f (https://unpkg.com/lightweight-charts@4.2.0/dist/lightweight-charts.standalone.production.js:6:113659)
    at Gf (https://unpkg.com/lightweight-charts@4.2.0/dist/lightweight-charts.standalone.production.js:6:108846)
[   48270ms] Uncaught Error: Value is null
    at f (https://unpkg.com/lightweight-charts@4.2.0/dist/lightweight-charts.standalone.production.js:6:2212)
    at Candlestick (https://unpkg.com/lightweight-charts@4.2.0/dist/lightweight-charts.standalone.production.js:6:46283)
    at Hs (https://unpkg.com/lightweight-charts@4.2.0/dist/lightweight-charts.standalone.production.js:6:47531)
    at ne (https://unpkg.com/lightweight-charts@4.2.0/dist/lightweight-charts.standalone.production.js:6:30743)
    at <anonymous> (https://unpkg.com/lightweight-charts@4.2.0/dist/lightweight-charts.standalone.production.js:6:27092)
    at qs (https://unpkg.com/lightweight-charts@4.2.0/dist/lightweight-charts.standalone.production.js:6:27079)
    at Fs (https://unpkg.com/lightweight-charts@4.2.0/dist/lightweight-charts.standalone.production.js:6:24555)
    at gt (https://unpkg.com/lightweight-charts@4.2.0/dist/lightweight-charts.standalone.production.js:6:24390)
    at Cs (https://unpkg.com/lightweight-charts@4.2.0/dist/lightweight-charts.standalone.production.js:6:114569)
    at <anonymous> (https://unpkg.com/lightweight-charts@4.2.0/dist/lightweight-charts.standalone.production.js:6:126899)
    at br (https://unpkg.com/lightweight-charts@4.2.0/dist/lightweight-charts.standalone.production.js:6:127066)
    at Qf (https://unpkg.com/lightweight-charts@4.2.0/dist/lightweight-charts.standalone.production.js:6:125276)
    at $f (https://unpkg.com/lightweight-charts@4.2.0/dist/lightweight-charts.standalone.production.js:6:113659)
    at Gf (https://unpkg.com/lightweight-charts@4.2.0/dist/lightweight-charts.standalone.production.js:6:108846)
[   48275ms] Uncaught Error: Value is null
    at f (https://unpkg.com/lightweight-charts@4.2.0/dist/lightweight-charts.standalone.production.js:6:2212)
    at Candlestick (https://unpkg.com/lightweight-charts@4.2.0/dist/lightweight-charts.standalone.production.js:6:46283)
    at Hs (https://unpkg.com/lightweight-charts@4.2.0/dist/lightweight-charts.standalone.production.js:6:47531)
    at ne (https://unpkg.com/lightweight-charts@4.2.0/dist/lightweight-charts.standalone.production.js:6:30743)
    at <anonymous> (https://unpkg.com/lightweight-charts@4.2.0/dist/lightweight-charts.standalone.production.js:6:27092)
    at qs (https://unpkg.com/lightweight-charts@4.2.0/dist/lightweight-charts.standalone.production.js:6:27079)
    at Fs (https://unpkg.com/lightweight-charts@4.2.0/dist/lightweight-charts.standalone.production.js:6:24555)
    at gt (https://unpkg.com/lightweight-charts@4.2.0/dist/lightweight-charts.standalone.production.js:6:24390)
    at Cs (https://unpkg.com/lightweight-charts@4.2.0/dist/lightweight-charts.standalone.production.js:6:114569)
    at <anonymous> (https://unpkg.com/lightweight-charts@4.2.0/dist/lightweight-charts.standalone.production.js:6:126899)
    at br (https://unpkg.com/lightweight-charts@4.2.0/dist/lightweight-charts.standalone.production.js:6:127066)
    at Qf (https://unpkg.com/lightweight-charts@4.2.0/dist/lightweight-charts.standalone.production.js:6:125276)
    at $f (https://unpkg.com/lightweight-charts@4.2.0/dist/lightweight-charts.standalone.production.js:6:113659)
    at Gf (https://unpkg.com/lightweight-charts@4.2.0/dist/lightweight-charts.standalone.production.js:6:108846)
[   48291ms] Uncaught Error: Value is null
    at f (https://unpkg.com/lightweight-charts@4.2.0/dist/lightweight-charts.standalone.production.js:6:2212)
    at Candlestick (https://unpkg.com/lightweight-charts@4.2.0/dist/lightweight-charts.standalone.production.js:6:46283)
    at Hs (https://unpkg.com/lightweight-charts@4.2.0/dist/lightweight-charts.standalone.production.js:6:47531)
    at ne (https://unpkg.com/lightweight-charts@4.2.0/dist/lightweight-charts.standalone.production.js:6:30743)
    at <anonymous> (https://unpkg.com/lightweight-charts@4.2.0/dist/lightweight-charts.standalone.production.js:6:27092)
    at qs (https://unpkg.com/lightweight-charts@4.2.0/dist/lightweight-charts.standalone.production.js:6:27079)
    at Fs (https://unpkg.com/lightweight-charts@4.2.0/dist/lightweight-charts.standalone.production.js:6:24555)
    at gt (https://unpkg.com/lightweight-charts@4.2.0/dist/lightweight-charts.standalone.production.js:6:24390)
    at Cs (https://unpkg.com/lightweight-charts@4.2.0/dist/lightweight-charts.standalone.production.js:6:114569)
    at <anonymous> (https://unpkg.com/lightweight-charts@4.2.0/dist/lightweight-charts.standalone.production.js:6:126899)
    at br (https://unpkg.com/lightweight-charts@4.2.0/dist/lightweight-charts.standalone.production.js:6:127066)
    at Qf (https://unpkg.com/lightweight-charts@4.2.0/dist/lightweight-charts.standalone.production.js:6:125276)
    at $f (https://unpkg.com/lightweight-charts@4.2.0/dist/lightweight-charts.standalone.production.js:6:113659)
    at Gf (https://unpkg.com/lightweight-charts@4.2.0/dist/lightweight-charts.standalone.production.js:6:108846)
[   48302ms] Uncaught Error: Value is null
    at f (https://unpkg.com/lightweight-charts@4.2.0/dist/lightweight-charts.standalone.production.js:6:2212)
    at Candlestick (https://unpkg.com/lightweight-charts@4.2.0/dist/lightweight-charts.standalone.production.js:6:46283)
    at Hs (https://unpkg.com/lightweight-charts@4.2.0/dist/lightweight-charts.standalone.production.js:6:47531)
    at ne (https://unpkg.com/lightweight-charts@4.2.0/dist/lightweight-charts.standalone.production.js:6:30743)
    at <anonymous> (https://unpkg.com/lightweight-charts@4.2.0/dist/lightweight-charts.standalone.production.js:6:27092)
    at qs (https://unpkg.com/lightweight-charts@4.2.0/dist/lightweight-charts.standalone.production.js:6:27079)
    at Fs (https://unpkg.com/lightweight-charts@4.2.0/dist/lightweight-charts.standalone.production.js:6:24555)
    at gt (https://unpkg.com/lightweight-charts@4.2.0/dist/lightweight-charts.standalone.production.js:6:24390)
    at Cs (https://unpkg.com/lightweight-charts@4.2.0/dist/lightweight-charts.standalone.production.js:6:114569)
    at <anonymous> (https://unpkg.com/lightweight-charts@4.2.0/dist/lightweight-charts.standalone.production.js:6:126899)
    at br (https://unpkg.com/lightweight-charts@4.2.0/dist/lightweight-charts.standalone.production.js:6:127066)
    at Qf (https://unpkg.com/lightweight-charts@4.2.0/dist/lightweight-charts.standalone.production.js:6:125276)
    at $f (https://unpkg.com/lightweight-charts@4.2.0/dist/lightweight-charts.standalone.production.js:6:113659)
    at Gf (https://unpkg.com/lightweight-charts@4.2.0/dist/lightweight-charts.standalone.production.js:6:108846)
[   48340ms] Uncaught Error: Value is null
    at f (https://unpkg.com/lightweight-charts@4.2.0/dist/lightweight-charts.standalone.production.js:6:2212)
    at Candlestick (https://unpkg.com/lightweight-charts@4.2.0/dist/lightweight-charts.standalone.production.js:6:46283)
    at Hs (https://unpkg.com/lightweight-charts@4.2.0/dist/lightweight-charts.standalone.production.js:6:47531)
    at ne (https://unpkg.com/lightweight-charts@4.2.0/dist/lightweight-charts.standalone.production.js:6:30743)
    at <anonymous> (https://unpkg.com/lightweight-charts@4.2.0/dist/lightweight-charts.standalone.production.js:6:27092)
    at qs (https://unpkg.com/lightweight-charts@4.2.0/dist/lightweight-charts.standalone.production.js:6:27079)
    at Fs (https://unpkg.com/lightweight-charts@4.2.0/dist/lightweight-charts.standalone.production.js:6:24555)
    at gt (https://unpkg.com/lightweight-charts@4.2.0/dist/lightweight-charts.standalone.production.js:6:24390)
    at Cs (https://unpkg.com/lightweight-charts@4.2.0/dist/lightweight-charts.standalone.production.js:6:114569)
    at <anonymous> (https://unpkg.com/lightweight-charts@4.2.0/dist/lightweight-charts.standalone.production.js:6:126899)
    at br (https://unpkg.com/lightweight-charts@4.2.0/dist/lightweight-charts.standalone.production.js:6:127066)
    at Qf (https://unpkg.com/lightweight-charts@4.2.0/dist/lightweight-charts.standalone.production.js:6:125276)
    at $f (https://unpkg.com/lightweight-charts@4.2.0/dist/lightweight-charts.standalone.production.js:6:113659)
    at Gf (https://unpkg.com/lightweight-charts@4.2.0/dist/lightweight-charts.standalone.production.js:6:108846)
[   48353ms] Uncaught Error: Value is null
    at f (https://unpkg.com/lightweight-charts@4.2.0/dist/lightweight-charts.standalone.production.js:6:2212)
    at Candlestick (https://unpkg.com/lightweight-charts@4.2.0/dist/lightweight-charts.standalone.production.js:6:46283)
    at Hs (https://unpkg.com/lightweight-charts@4.2.0/dist/lightweight-charts.standalone.production.js:6:47531)
    at ne (https://unpkg.com/lightweight-charts@4.2.0/dist/lightweight-charts.standalone.production.js:6:30743)
    at <anonymous> (https://unpkg.com/lightweight-charts@4.2.0/dist/lightweight-charts.standalone.production.js:6:27092)
    at qs (https://unpkg.com/lightweight-charts@4.2.0/dist/lightweight-charts.standalone.production.js:6:27079)
    at Fs (https://unpkg.com/lightweight-charts@4.2.0/dist/lightweight-charts.standalone.production.js:6:24555)
    at gt (https://unpkg.com/lightweight-charts@4.2.0/dist/lightweight-charts.standalone.production.js:6:24390)
    at Cs (https://unpkg.com/lightweight-charts@4.2.0/dist/lightweight-charts.standalone.production.js:6:114569)
    at <anonymous> (https://unpkg.com/lightweight-charts@4.2.0/dist/lightweight-charts.standalone.production.js:6:126899)
    at br (https://unpkg.com/lightweight-charts@4.2.0/dist/lightweight-charts.standalone.production.js:6:127066)
    at Qf (https://unpkg.com/lightweight-charts@4.2.0/dist/lightweight-charts.standalone.production.js:6:125276)
    at $f (https://unpkg.com/lightweight-charts@4.2.0/dist/lightweight-charts.standalone.production.js:6:113659)
    at Gf (https://unpkg.com/lightweight-charts@4.2.0/dist/lightweight-charts.standalone.production.js:6:108846)
[   48358ms] Uncaught Error: Value is null
    at f (https://unpkg.com/lightweight-charts@4.2.0/dist/lightweight-charts.standalone.production.js:6:2212)
    at Candlestick (https://unpkg.com/lightweight-charts@4.2.0/dist/lightweight-charts.standalone.production.js:6:46283)
    at Hs (https://unpkg.com/lightweight-charts@4.2.0/dist/lightweight-charts.standalone.production.js:6:47531)
    at ne (https://unpkg.com/lightweight-charts@4.2.0/dist/lightweight-charts.standalone.production.js:6:30743)
    at <anonymous> (https://unpkg.com/lightweight-charts@4.2.0/dist/lightweight-charts.standalone.production.js:6:27092)
    at qs (https://unpkg.com/lightweight-charts@4.2.0/dist/lightweight-charts.standalone.production.js:6:27079)
    at Fs (https://unpkg.com/lightweight-charts@4.2.0/dist/lightweight-charts.standalone.production.js:6:24555)
    at gt (https://unpkg.com/lightweight-charts@4.2.0/dist/lightweight-charts.standalone.production.js:6:24390)
    at Cs (https://unpkg.com/lightweight-charts@4.2.0/dist/lightweight-charts.standalone.production.js:6:114569)
    at <anonymous> (https://unpkg.com/lightweight-charts@4.2.0/dist/lightweight-charts.standalone.production.js:6:126899)
    at br (https://unpkg.com/lightweight-charts@4.2.0/dist/lightweight-charts.standalone.production.js:6:127066)
    at Qf (https://unpkg.com/lightweight-charts@4.2.0/dist/lightweight-charts.standalone.production.js:6:125276)
    at $f (https://unpkg.com/lightweight-charts@4.2.0/dist/lightweight-charts.standalone.production.js:6:113659)
    at Gf (https://unpkg.com/lightweight-charts@4.2.0/dist/lightweight-charts.standalone.production.js:6:108846)
[   48372ms] Uncaught Error: Value is null
    at f (https://unpkg.com/lightweight-charts@4.2.0/dist/lightweight-charts.standalone.production.js:6:2212)
    at Candlestick (https://unpkg.com/lightweight-charts@4.2.0/dist/lightweight-charts.standalone.production.js:6:46283)
    at Hs (https://unpkg.com/lightweight-charts@4.2.0/dist/lightweight-charts.standalone.production.js:6:47531)
    at ne (https://unpkg.com/lightweight-charts@4.2.0/dist/lightweight-charts.standalone.production.js:6:30743)
    at <anonymous> (https://unpkg.com/lightweight-charts@4.2.0/dist/lightweight-charts.standalone.production.js:6:27092)
    at qs (https://unpkg.com/lightweight-charts@4.2.0/dist/lightweight-charts.standalone.production.js:6:27079)
    at Fs (https://unpkg.com/lightweight-charts@4.2.0/dist/lightweight-charts.standalone.production.js:6:24555)
    at gt (https://unpkg.com/lightweight-charts@4.2.0/dist/lightweight-charts.standalone.production.js:6:24390)
    at Cs (https://unpkg.com/lightweight-charts@4.2.0/dist/lightweight-charts.standalone.production.js:6:114569)
    at <anonymous> (https://unpkg.com/lightweight-charts@4.2.0/dist/lightweight-charts.standalone.production.js:6:126899)
    at br (https://unpkg.com/lightweight-charts@4.2.0/dist/lightweight-charts.standalone.production.js:6:127066)
    at Qf (https://unpkg.com/lightweight-charts@4.2.0/dist/lightweight-charts.standalone.production.js:6:125276)
    at $f (https://unpkg.com/lightweight-charts@4.2.0/dist/lightweight-charts.standalone.production.js:6:113659)
    at Gf (https://unpkg.com/lightweight-charts@4.2.0/dist/lightweight-charts.standalone.production.js:6:108846)
[   48387ms] Uncaught Error: Value is null
    at f (https://unpkg.com/lightweight-charts@4.2.0/dist/lightweight-charts.standalone.production.js:6:2212)
    at Candlestick (https://unpkg.com/lightweight-charts@4.2.0/dist/lightweight-charts.standalone.production.js:6:46283)
    at Hs (https://unpkg.com/lightweight-charts@4.2.0/dist/lightweight-charts.standalone.production.js:6:47531)
    at ne (https://unpkg.com/lightweight-charts@4.2.0/dist/lightweight-charts.standalone.production.js:6:30743)
    at <anonymous> (https://unpkg.com/lightweight-charts@4.2.0/dist/lightweight-charts.standalone.production.js:6:27092)
    at qs (https://unpkg.com/lightweight-charts@4.2.0/dist/lightweight-charts.standalone.production.js:6:27079)
    at Fs (https://unpkg.com/lightweight-charts@4.2.0/dist/lightweight-charts.standalone.production.js:6:24555)
    at gt (https://unpkg.com/lightweight-charts@4.2.0/dist/lightweight-charts.standalone.production.js:6:24390)
    at Cs (https://unpkg.com/lightweight-charts@4.2.0/dist/lightweight-charts.standalone.production.js:6:114569)
    at <anonymous> (https://unpkg.com/lightweight-charts@4.2.0/dist/lightweight-charts.standalone.production.js:6:126899)
    at br (https://unpkg.com/lightweight-charts@4.2.0/dist/lightweight-charts.standalone.production.js:6:127066)
    at Qf (https://unpkg.com/lightweight-charts@4.2.0/dist/lightweight-charts.standalone.production.js:6:125276)
    at $f (https://unpkg.com/lightweight-charts@4.2.0/dist/lightweight-charts.standalone.production.js:6:113659)
    at Gf (https://unpkg.com/lightweight-charts@4.2.0/dist/lightweight-charts.standalone.production.js:6:108846)
[   48416ms] Uncaught Error: Value is null
    at f (https://unpkg.com/lightweight-charts@4.2.0/dist/lightweight-charts.standalone.production.js:6:2212)
    at Candlestick (https://unpkg.com/lightweight-charts@4.2.0/dist/lightweight-charts.standalone.production.js:6:46283)
    at Hs (https://unpkg.com/lightweight-charts@4.2.0/dist/lightweight-charts.standalone.production.js:6:47531)
    at ne (https://unpkg.com/lightweight-charts@4.2.0/dist/lightweight-charts.standalone.production.js:6:30743)
    at <anonymous> (https://unpkg.com/lightweight-charts@4.2.0/dist/lightweight-charts.standalone.production.js:6:27092)
    at qs (https://unpkg.com/lightweight-charts@4.2.0/dist/lightweight-charts.standalone.production.js:6:27079)
    at Fs (https://unpkg.com/lightweight-charts@4.2.0/dist/lightweight-charts.standalone.production.js:6:24555)
    at gt (https://unpkg.com/lightweight-charts@4.2.0/dist/lightweight-charts.standalone.production.js:6:24390)
    at Cs (https://unpkg.com/lightweight-charts@4.2.0/dist/lightweight-charts.standalone.production.js:6:114569)
    at <anonymous> (https://unpkg.com/lightweight-charts@4.2.0/dist/lightweight-charts.standalone.production.js:6:126899)
    at br (https://unpkg.com/lightweight-charts@4.2.0/dist/lightweight-charts.standalone.production.js:6:127066)
    at Qf (https://unpkg.com/lightweight-charts@4.2.0/dist/lightweight-charts.standalone.production.js:6:125276)
    at $f (https://unpkg.com/lightweight-charts@4.2.0/dist/lightweight-charts.standalone.production.js:6:113659)
    at Gf (https://unpkg.com/lightweight-charts@4.2.0/dist/lightweight-charts.standalone.production.js:6:108846)
[   48423ms] Uncaught Error: Value is null
    at f (https://unpkg.com/lightweight-charts@4.2.0/dist/lightweight-charts.standalone.production.js:6:2212)
    at Candlestick (https://unpkg.com/lightweight-charts@4.2.0/dist/lightweight-charts.standalone.production.js:6:46283)
    at Hs (https://unpkg.com/lightweight-charts@4.2.0/dist/lightweight-charts.standalone.production.js:6:47531)
    at ne (https://unpkg.com/lightweight-charts@4.2.0/dist/lightweight-charts.standalone.production.js:6:30743)
    at <anonymous> (https://unpkg.com/lightweight-charts@4.2.0/dist/lightweight-charts.standalone.production.js:6:27092)
    at qs (https://unpkg.com/lightweight-charts@4.2.0/dist/lightweight-charts.standalone.production.js:6:27079)
    at Fs (https://unpkg.com/lightweight-charts@4.2.0/dist/lightweight-charts.standalone.production.js:6:24555)
    at gt (https://unpkg.com/lightweight-charts@4.2.0/dist/lightweight-charts.standalone.production.js:6:24390)
    at Cs (https://unpkg.com/lightweight-charts@4.2.0/dist/lightweight-charts.standalone.production.js:6:114569)
    at <anonymous> (https://unpkg.com/lightweight-charts@4.2.0/dist/lightweight-charts.standalone.production.js:6:126899)
    at br (https://unpkg.com/lightweight-charts@4.2.0/dist/lightweight-charts.standalone.production.js:6:127066)
    at Qf (https://unpkg.com/lightweight-charts@4.2.0/dist/lightweight-charts.standalone.production.js:6:125276)
    at $f (https://unpkg.com/lightweight-charts@4.2.0/dist/lightweight-charts.standalone.production.js:6:113659)
    at Gf (https://unpkg.com/lightweight-charts@4.2.0/dist/lightweight-charts.standalone.production.js:6:108846)
[   48437ms] Uncaught Error: Value is null
    at f (https://unpkg.com/lightweight-charts@4.2.0/dist/lightweight-charts.standalone.production.js:6:2212)
    at Candlestick (https://unpkg.com/lightweight-charts@4.2.0/dist/lightweight-charts.standalone.production.js:6:46283)
    at Hs (https://unpkg.com/lightweight-charts@4.2.0/dist/lightweight-charts.standalone.production.js:6:47531)
    at ne (https://unpkg.com/lightweight-charts@4.2.0/dist/lightweight-charts.standalone.production.js:6:30743)
    at <anonymous> (https://unpkg.com/lightweight-charts@4.2.0/dist/lightweight-charts.standalone.production.js:6:27092)
    at qs (https://unpkg.com/lightweight-charts@4.2.0/dist/lightweight-charts.standalone.production.js:6:27079)
    at Fs (https://unpkg.com/lightweight-charts@4.2.0/dist/lightweight-charts.standalone.production.js:6:24555)
    at gt (https://unpkg.com/lightweight-charts@4.2.0/dist/lightweight-charts.standalone.production.js:6:24390)
    at Cs (https://unpkg.com/lightweight-charts@4.2.0/dist/lightweight-charts.standalone.production.js:6:114569)
    at <anonymous> (https://unpkg.com/lightweight-charts@4.2.0/dist/lightweight-charts.standalone.production.js:6:126899)
    at br (https://unpkg.com/lightweight-charts@4.2.0/dist/lightweight-charts.standalone.production.js:6:127066)
    at Qf (https://unpkg.com/lightweight-charts@4.2.0/dist/lightweight-charts.standalone.production.js:6:125276)
    at $f (https://unpkg.com/lightweight-charts@4.2.0/dist/lightweight-charts.standalone.production.js:6:113659)
    at Gf (https://unpkg.com/lightweight-charts@4.2.0/dist/lightweight-charts.standalone.production.js:6:108846)
[   48451ms] Uncaught Error: Value is null
    at f (https://unpkg.com/lightweight-charts@4.2.0/dist/lightweight-charts.standalone.production.js:6:2212)
    at Candlestick (https://unpkg.com/lightweight-charts@4.2.0/dist/lightweight-charts.standalone.production.js:6:46283)
    at Hs (https://unpkg.com/lightweight-charts@4.2.0/dist/lightweight-charts.standalone.production.js:6:47531)
    at ne (https://unpkg.com/lightweight-charts@4.2.0/dist/lightweight-charts.standalone.production.js:6:30743)
    at <anonymous> (https://unpkg.com/lightweight-charts@4.2.0/dist/lightweight-charts.standalone.production.js:6:27092)
    at qs (https://unpkg.com/lightweight-charts@4.2.0/dist/lightweight-charts.standalone.production.js:6:27079)
    at Fs (https://unpkg.com/lightweight-charts@4.2.0/dist/lightweight-charts.standalone.production.js:6:24555)
    at gt (https://unpkg.com/lightweight-charts@4.2.0/dist/lightweight-charts.standalone.production.js:6:24390)
    at Cs (https://unpkg.com/lightweight-charts@4.2.0/dist/lightweight-charts.standalone.production.js:6:114569)
    at <anonymous> (https://unpkg.com/lightweight-charts@4.2.0/dist/lightweight-charts.standalone.production.js:6:126899)
    at br (https://unpkg.com/lightweight-charts@4.2.0/dist/lightweight-charts.standalone.production.js:6:127066)
    at Qf (https://unpkg.com/lightweight-charts@4.2.0/dist/lightweight-charts.standalone.production.js:6:125276)
    at $f (https://unpkg.com/lightweight-charts@4.2.0/dist/lightweight-charts.standalone.production.js:6:113659)
    at Gf (https://unpkg.com/lightweight-charts@4.2.0/dist/lightweight-charts.standalone.production.js:6:108846)
[   48475ms] Uncaught Error: Value is null
    at f (https://unpkg.com/lightweight-charts@4.2.0/dist/lightweight-charts.standalone.production.js:6:2212)
    at Candlestick (https://unpkg.com/lightweight-charts@4.2.0/dist/lightweight-charts.standalone.production.js:6:46283)
    at Hs (https://unpkg.com/lightweight-charts@4.2.0/dist/lightweight-charts.standalone.production.js:6:47531)
    at ne (https://unpkg.com/lightweight-charts@4.2.0/dist/lightweight-charts.standalone.production.js:6:30743)
    at <anonymous> (https://unpkg.com/lightweight-charts@4.2.0/dist/lightweight-charts.standalone.production.js:6:27092)
    at qs (https://unpkg.com/lightweight-charts@4.2.0/dist/lightweight-charts.standalone.production.js:6:27079)
    at Fs (https://unpkg.com/lightweight-charts@4.2.0/dist/lightweight-charts.standalone.production.js:6:24555)
    at gt (https://unpkg.com/lightweight-charts@4.2.0/dist/lightweight-charts.standalone.production.js:6:24390)
    at Cs (https://unpkg.com/lightweight-charts@4.2.0/dist/lightweight-charts.standalone.production.js:6:114569)
    at <anonymous> (https://unpkg.com/lightweight-charts@4.2.0/dist/lightweight-charts.standalone.production.js:6:126899)
    at br (https://unpkg.com/lightweight-charts@4.2.0/dist/lightweight-charts.standalone.production.js:6:127066)
    at Qf (https://unpkg.com/lightweight-charts@4.2.0/dist/lightweight-charts.standalone.production.js:6:125276)
    at $f (https://unpkg.com/lightweight-charts@4.2.0/dist/lightweight-charts.standalone.production.js:6:113659)
    at Gf (https://unpkg.com/lightweight-charts@4.2.0/dist/lightweight-charts.standalone.production.js:6:108846)
[   48490ms] Uncaught Error: Value is null
    at f (https://unpkg.com/lightweight-charts@4.2.0/dist/lightweight-charts.standalone.production.js:6:2212)
    at Candlestick (https://unpkg.com/lightweight-charts@4.2.0/dist/lightweight-charts.standalone.production.js:6:46283)
    at Hs (https://unpkg.com/lightweight-charts@4.2.0/dist/lightweight-charts.standalone.production.js:6:47531)
    at ne (https://unpkg.com/lightweight-charts@4.2.0/dist/lightweight-charts.standalone.production.js:6:30743)
    at <anonymous> (https://unpkg.com/lightweight-charts@4.2.0/dist/lightweight-charts.standalone.production.js:6:27092)
    at qs (https://unpkg.com/lightweight-charts@4.2.0/dist/lightweight-charts.standalone.production.js:6:27079)
    at Fs (https://unpkg.com/lightweight-charts@4.2.0/dist/lightweight-charts.standalone.production.js:6:24555)
    at gt (https://unpkg.com/lightweight-charts@4.2.0/dist/lightweight-charts.standalone.production.js:6:24390)
    at Cs (https://unpkg.com/lightweight-charts@4.2.0/dist/lightweight-charts.standalone.production.js:6:114569)
    at <anonymous> (https://unpkg.com/lightweight-charts@4.2.0/dist/lightweight-charts.standalone.production.js:6:126899)
    at br (https://unpkg.com/lightweight-charts@4.2.0/dist/lightweight-charts.standalone.production.js:6:127066)
    at Qf (https://unpkg.com/lightweight-charts@4.2.0/dist/lightweight-charts.standalone.production.js:6:125276)
    at $f (https://unpkg.com/lightweight-charts@4.2.0/dist/lightweight-charts.standalone.production.js:6:113659)
    at Gf (https://unpkg.com/lightweight-charts@4.2.0/dist/lightweight-charts.standalone.production.js:6:108846)
[   48507ms] Uncaught Error: Value is null
    at f (https://unpkg.com/lightweight-charts@4.2.0/dist/lightweight-charts.standalone.production.js:6:2212)
    at Candlestick (https://unpkg.com/lightweight-charts@4.2.0/dist/lightweight-charts.standalone.production.js:6:46283)
    at Hs (https://unpkg.com/lightweight-charts@4.2.0/dist/lightweight-charts.standalone.production.js:6:47531)
    at ne (https://unpkg.com/lightweight-charts@4.2.0/dist/lightweight-charts.standalone.production.js:6:30743)
    at <anonymous> (https://unpkg.com/lightweight-charts@4.2.0/dist/lightweight-charts.standalone.production.js:6:27092)
    at qs (https://unpkg.com/lightweight-charts@4.2.0/dist/lightweight-charts.standalone.production.js:6:27079)
    at Fs (https://unpkg.com/lightweight-charts@4.2.0/dist/lightweight-charts.standalone.production.js:6:24555)
    at gt (https://unpkg.com/lightweight-charts@4.2.0/dist/lightweight-charts.standalone.production.js:6:24390)
    at Cs (https://unpkg.com/lightweight-charts@4.2.0/dist/lightweight-charts.standalone.production.js:6:114569)
    at <anonymous> (https://unpkg.com/lightweight-charts@4.2.0/dist/lightweight-charts.standalone.production.js:6:126899)
    at br (https://unpkg.com/lightweight-charts@4.2.0/dist/lightweight-charts.standalone.production.js:6:127066)
    at Qf (https://unpkg.com/lightweight-charts@4.2.0/dist/lightweight-charts.standalone.production.js:6:125276)
    at $f (https://unpkg.com/lightweight-charts@4.2.0/dist/lightweight-charts.standalone.production.js:6:113659)
    at Gf (https://unpkg.com/lightweight-charts@4.2.0/dist/lightweight-charts.standalone.production.js:6:108846)
[   48556ms] Uncaught Error: Value is null
    at f (https://unpkg.com/lightweight-charts@4.2.0/dist/lightweight-charts.standalone.production.js:6:2212)
    at Candlestick (https://unpkg.com/lightweight-charts@4.2.0/dist/lightweight-charts.standalone.production.js:6:46283)
    at Hs (https://unpkg.com/lightweight-charts@4.2.0/dist/lightweight-charts.standalone.production.js:6:47531)
    at ne (https://unpkg.com/lightweight-charts@4.2.0/dist/lightweight-charts.standalone.production.js:6:30743)
    at <anonymous> (https://unpkg.com/lightweight-charts@4.2.0/dist/lightweight-charts.standalone.production.js:6:27092)
    at qs (https://unpkg.com/lightweight-charts@4.2.0/dist/lightweight-charts.standalone.production.js:6:27079)
    at Fs (https://unpkg.com/lightweight-charts@4.2.0/dist/lightweight-charts.standalone.production.js:6:24555)
    at gt (https://unpkg.com/lightweight-charts@4.2.0/dist/lightweight-charts.standalone.production.js:6:24390)
    at Cs (https://unpkg.com/lightweight-charts@4.2.0/dist/lightweight-charts.standalone.production.js:6:114569)
    at <anonymous> (https://unpkg.com/lightweight-charts@4.2.0/dist/lightweight-charts.standalone.production.js:6:126899)
    at br (https://unpkg.com/lightweight-charts@4.2.0/dist/lightweight-charts.standalone.production.js:6:127066)
    at Qf (https://unpkg.com/lightweight-charts@4.2.0/dist/lightweight-charts.standalone.production.js:6:125276)
    at $f (https://unpkg.com/lightweight-charts@4.2.0/dist/lightweight-charts.standalone.production.js:6:113659)
    at Gf (https://unpkg.com/lightweight-charts@4.2.0/dist/lightweight-charts.standalone.production.js:6:108846)
[   48557ms] Uncaught Error: Value is null
    at f (https://unpkg.com/lightweight-charts@4.2.0/dist/lightweight-charts.standalone.production.js:6:2212)
    at Candlestick (https://unpkg.com/lightweight-charts@4.2.0/dist/lightweight-charts.standalone.production.js:6:46283)
    at Hs (https://unpkg.com/lightweight-charts@4.2.0/dist/lightweight-charts.standalone.production.js:6:47531)
    at ne (https://unpkg.com/lightweight-charts@4.2.0/dist/lightweight-charts.standalone.production.js:6:30743)
    at <anonymous> (https://unpkg.com/lightweight-charts@4.2.0/dist/lightweight-charts.standalone.production.js:6:27092)
    at qs (https://unpkg.com/lightweight-charts@4.2.0/dist/lightweight-charts.standalone.production.js:6:27079)
    at Fs (https://unpkg.com/lightweight-charts@4.2.0/dist/lightweight-charts.standalone.production.js:6:24555)
    at gt (https://unpkg.com/lightweight-charts@4.2.0/dist/lightweight-charts.standalone.production.js:6:24390)
    at Cs (https://unpkg.com/lightweight-charts@4.2.0/dist/lightweight-charts.standalone.production.js:6:114569)
    at <anonymous> (https://unpkg.com/lightweight-charts@4.2.0/dist/lightweight-charts.standalone.production.js:6:126899)
    at br (https://unpkg.com/lightweight-charts@4.2.0/dist/lightweight-charts.standalone.production.js:6:127066)
    at Qf (https://unpkg.com/lightweight-charts@4.2.0/dist/lightweight-charts.standalone.production.js:6:125276)
    at $f (https://unpkg.com/lightweight-charts@4.2.0/dist/lightweight-charts.standalone.production.js:6:113659)
    at Gf (https://unpkg.com/lightweight-charts@4.2.0/dist/lightweight-charts.standalone.production.js:6:108846)
[   48618ms] Uncaught Error: Value is null
    at f (https://unpkg.com/lightweight-charts@4.2.0/dist/lightweight-charts.standalone.production.js:6:2212)
    at Candlestick (https://unpkg.com/lightweight-charts@4.2.0/dist/lightweight-charts.standalone.production.js:6:46283)
    at Hs (https://unpkg.com/lightweight-charts@4.2.0/dist/lightweight-charts.standalone.production.js:6:47531)
    at ne (https://unpkg.com/lightweight-charts@4.2.0/dist/lightweight-charts.standalone.production.js:6:30743)
    at <anonymous> (https://unpkg.com/lightweight-charts@4.2.0/dist/lightweight-charts.standalone.production.js:6:27092)
    at qs (https://unpkg.com/lightweight-charts@4.2.0/dist/lightweight-charts.standalone.production.js:6:27079)
    at Fs (https://unpkg.com/lightweight-charts@4.2.0/dist/lightweight-charts.standalone.production.js:6:24555)
    at gt (https://unpkg.com/lightweight-charts@4.2.0/dist/lightweight-charts.standalone.production.js:6:24390)
    at Cs (https://unpkg.com/lightweight-charts@4.2.0/dist/lightweight-charts.standalone.production.js:6:114569)
    at <anonymous> (https://unpkg.com/lightweight-charts@4.2.0/dist/lightweight-charts.standalone.production.js:6:126899)
    at br (https://unpkg.com/lightweight-charts@4.2.0/dist/lightweight-charts.standalone.production.js:6:127066)
    at Qf (https://unpkg.com/lightweight-charts@4.2.0/dist/lightweight-charts.standalone.production.js:6:125276)
    at $f (https://unpkg.com/lightweight-charts@4.2.0/dist/lightweight-charts.standalone.production.js:6:113659)
    at Gf (https://unpkg.com/lightweight-charts@4.2.0/dist/lightweight-charts.standalone.production.js:6:108846)
[   48619ms] Uncaught Error: Value is null
    at f (https://unpkg.com/lightweight-charts@4.2.0/dist/lightweight-charts.standalone.production.js:6:2212)
    at Candlestick (https://unpkg.com/lightweight-charts@4.2.0/dist/lightweight-charts.standalone.production.js:6:46283)
    at Hs (https://unpkg.com/lightweight-charts@4.2.0/dist/lightweight-charts.standalone.production.js:6:47531)
    at ne (https://unpkg.com/lightweight-charts@4.2.0/dist/lightweight-charts.standalone.production.js:6:30743)
    at <anonymous> (https://unpkg.com/lightweight-charts@4.2.0/dist/lightweight-charts.standalone.production.js:6:27092)
    at qs (https://unpkg.com/lightweight-charts@4.2.0/dist/lightweight-charts.standalone.production.js:6:27079)
    at Fs (https://unpkg.com/lightweight-charts@4.2.0/dist/lightweight-charts.standalone.production.js:6:24555)
    at gt (https://unpkg.com/lightweight-charts@4.2.0/dist/lightweight-charts.standalone.production.js:6:24390)
    at Cs (https://unpkg.com/lightweight-charts@4.2.0/dist/lightweight-charts.standalone.production.js:6:114569)
    at <anonymous> (https://unpkg.com/lightweight-charts@4.2.0/dist/lightweight-charts.standalone.production.js:6:126899)
    at br (https://unpkg.com/lightweight-charts@4.2.0/dist/lightweight-charts.standalone.production.js:6:127066)
    at Qf (https://unpkg.com/lightweight-charts@4.2.0/dist/lightweight-charts.standalone.production.js:6:125276)
    at $f (https://unpkg.com/lightweight-charts@4.2.0/dist/lightweight-charts.standalone.production.js:6:113659)
    at Gf (https://unpkg.com/lightweight-charts@4.2.0/dist/lightweight-charts.standalone.production.js:6:108846)
